path,mtime_utc,n,score,entry_acc,collision_acc,side_f1,evasion_f1,note
stage2/aux_signal_experiments/results/B_bnd1_w1/cv/fold0_seed0/metrics.json,2026-09-26T06:17:21.402092+00:00,70,0.7158592096325933,0.5428571428571428,0.8,0.9285568483363952,0.7105045492142266,saved per-run metrics; empty fields indicate another schema; may include full-data/in-sample runs
stage2/aux_signal_experiments/results/B_bnd1_w1/cv/fold0_seed1/metrics.json,2026-09-26T06:16:46.883650+00:00,70,0.7154591595489685,0.5428571428571428,0.8285714285714286,0.8711919852790839,0.698535745047373,saved per-run metrics; empty fields indicate another schema; may include full-data/in-sample runs
stage2/aux_signal_experiments/results/B_bnd1_w1/cv/fold0_seed2/metrics.json,2026-09-26T06:18:47.322047+00:00,70,0.7019371167717768,0.5571428571428572,0.8,0.8701298701298701,0.6427842416819759,saved per-run metrics; empty fields indicate another schema; may include full-data/in-sample runs
stage2/aux_signal_experiments/results/B_bnd1_w1/cv/fold1_seed0/metrics.json,2026-09-26T06:15:49.849296+00:00,70,0.677707183836216,0.5857142857142857,0.7285714285714285,0.8566748566748568,0.5947063688999172,saved per-run metrics; empty fields indicate another schema; may include full-data/in-sample runs
stage2/aux_signal_experiments/results/B_bnd1_w1/cv/fold1_seed1/metrics.json,2026-09-26T06:16:09.759498+00:00,70,0.7061808531575973,0.6142857142857143,0.7,0.9426699426699428,0.698535745047373,saved per-run metrics; empty fields indicate another schema; may include full-data/in-sample runs
stage2/aux_signal_experiments/results/B_bnd1_w1/cv/fold1_seed2/metrics.json,2026-09-26T06:18:28.338426+00:00,70,0.6720600519905364,0.5428571428571428,0.6857142857142857,0.9142857142857143,0.699447965651196,saved per-run metrics; empty fields indicate another schema; may include full-data/in-sample runs
stage2/aux_signal_experiments/results/B_bnd1_w1/cv/fold2_seed0/metrics.json,2026-09-26T06:16:56.810531+00:00,70,0.6881877276243272,0.5571428571428572,0.7428571428571429,0.8999795876709533,0.6546052631578947,saved per-run metrics; empty fields indicate another schema; may include full-data/in-sample runs
stage2/aux_signal_experiments/results/B_bnd1_w1/cv/fold2_seed1/metrics.json,2026-09-26T06:17:00.030284+00:00,70,0.6870678733031673,0.5714285714285714,0.7,0.956923076923077,0.6568627450980392,saved per-run metrics; empty fields indicate another schema; may include full-data/in-sample runs
stage2/aux_signal_experiments/results/B_bnd1_w1/cv/fold2_seed2/metrics.json,2026-09-26T06:19:00.306652+00:00,70,0.6707829751486282,0.5428571428571428,0.6857142857142857,0.9714052287581699,0.633814605566018,saved per-run metrics; empty fields indicate another schema; may include full-data/in-sample runs
stage2/aux_signal_experiments/results/B_bnd1_w1/cv/fold3_seed0/metrics.json,2026-09-26T06:18:01.876858+00:00,70,0.7510886181257959,0.6428571428571429,0.8142857142857143,0.9564224942934219,0.6508349598785512,saved per-run metrics; empty fields indicate another schema; may include full-data/in-sample runs
stage2/aux_signal_experiments/results/B_bnd1_w1/cv/fold3_seed1/metrics.json,2026-09-26T06:18:22.819867+00:00,70,0.7039445080970504,0.5428571428571428,0.8,0.9267629211132036,0.6328671328671329,saved per-run metrics; empty fields indicate another schema; may include full-data/in-sample runs
stage2/aux_signal_experiments/results/B_bnd1_w1/cv/fold3_seed2/metrics.json,2026-09-26T06:19:10.987977+00:00,70,0.7237607886503399,0.5571428571428572,0.8142857142857143,0.9421009098428452,0.6829710144927537,saved per-run metrics; empty fields indicate another schema; may include full-data/in-sample runs
stage2/aux_signal_experiments/results/B_bnd1_w1/cv/fold4_seed0/metrics.json,2026-09-26T06:17:42.419651+00:00,69,0.7367882416426159,0.6956521739130435,0.7681159420289855,0.8667667882428662,0.6296958855098389,saved per-run metrics; empty fields indicate another schema; may include full-data/in-sample runs
stage2/aux_signal_experiments/results/B_bnd1_w1/cv/fold4_seed1/metrics.json,2026-09-26T06:18:10.673170+00:00,69,0.6821286436414488,0.6376811594202898,0.6666666666666666,0.8691253951527924,0.6349206349206349,saved per-run metrics; empty fields indicate another schema; may include full-data/in-sample runs
stage2/aux_signal_experiments/results/B_bnd1_w1/cv/fold4_seed2/metrics.json,2026-09-26T06:18:51.199320+00:00,69,0.7076179183135705,0.6376811594202898,0.7101449275362319,0.8547979797979799,0.7177272727272728,saved per-run metrics; empty fields indicate another schema; may include full-data/in-sample runs
stage2/aux_signal_experiments/results/B_bnd1_w1/seed0/metrics.json,2026-09-26T06:16:15.906605+00:00,70,0.7048074229691876,0.5857142857142857,0.7857142857142857,0.8856209150326797,0.6130952380952381,saved per-run metrics; empty fields indicate another schema; may include full-data/in-sample runs
stage2/aux_signal_experiments/results/B_bnd1_w1/seed1/metrics.json,2026-09-26T06:16:28.634181+00:00,70,0.7100012014898474,0.6,0.7714285714285715,0.8571428571428571,0.6761984861227923,saved per-run metrics; empty fields indicate another schema; may include full-data/in-sample runs
stage2/aux_signal_experiments/results/B_bnd1_w2/cv/fold0_seed0/metrics.json,2026-09-26T06:21:38.998251+00:00,70,0.6995709893521449,0.5857142857142857,0.7428571428571429,0.8714023270055113,0.692404268675455,saved per-run metrics; empty fields indicate another schema; may include full-data/in-sample runs
stage2/aux_signal_experiments/results/B_bnd1_w2/cv/fold0_seed1/metrics.json,2026-09-26T06:21:09.623669+00:00,70,0.7249805533930453,0.5857142857142857,0.8142857142857143,0.8853398853398853,0.6811971372804164,saved per-run metrics; empty fields indicate another schema; may include full-data/in-sample runs
stage2/aux_signal_experiments/results/B_bnd1_w2/cv/fold0_seed2/metrics.json,2026-09-26T06:22:42.330270+00:00,70,0.7095770344572441,0.5571428571428572,0.7857142857142857,0.8856209150326797,0.7115593146822815,saved per-run metrics; empty fields indicate another schema; may include full-data/in-sample runs
stage2/aux_signal_experiments/results/B_bnd1_w2/cv/fold1_seed0/metrics.json,2026-09-26T06:20:57.330944+00:00,70,0.6878241758241758,0.5714285714285714,0.7142857142857143,0.956923076923077,0.6285714285714286,saved per-run metrics; empty fields indicate another schema; may include full-data/in-sample runs
stage2/aux_signal_experiments/results/B_bnd1_w2/cv/fold1_seed1/metrics.json,2026-09-26T06:21:29.100186+00:00,70,0.7048154493227075,0.6285714285714286,0.7,0.9284399918217133,0.6703296703296704,saved per-run metrics; empty fields indicate another schema; may include full-data/in-sample runs
stage2/aux_signal_experiments/results/B_bnd1_w2/cv/fold1_seed2/metrics.json,2026-09-26T06:22:34.790725+00:00,70,0.6601504914004913,0.5714285714285714,0.6571428571428571,0.9426699426699428,0.5916666666666667,saved per-run metrics; empty fields indicate another schema; may include full-data/in-sample runs
stage2/aux_signal_experiments/results/B_bnd1_w2/cv/fold2_seed0/metrics.json,2026-09-26T06:21:01.781040+00:00,70,0.659606907864166,0.5285714285714286,0.7,0.9284399918217133,0.6022727272727273,saved per-run metrics; empty fields indicate another schema; may include full-data/in-sample runs
stage2/aux_signal_experiments/results/B_bnd1_w2/cv/fold2_seed1/metrics.json,2026-09-26T06:20:59.435928+00:00,70,0.663113477095114,0.5428571428571428,0.6571428571428571,0.957063995093028,0.6636925188743994,saved per-run metrics; empty fields indicate another schema; may include full-data/in-sample runs
stage2/aux_signal_experiments/results/B_bnd1_w2/cv/fold2_seed2/metrics.json,2026-09-26T06:22:53.775093+00:00,70,0.6854285714285714,0.5285714285714286,0.7571428571428571,0.9428571428571428,0.6266666666666667,saved per-run metrics; empty fields indicate another schema; may include full-data/in-sample runs
stage2/aux_signal_experiments/results/B_bnd1_w2/cv/fold3_seed0/metrics.json,2026-09-26T06:21:04.915030+00:00,70,0.7397306235733554,0.5714285714285714,0.8285714285714286,0.9273708238223698,0.7375,saved per-run metrics; empty fields indicate another schema; may include full-data/in-sample runs
stage2/aux_signal_experiments/results/B_bnd1_w2/cv/fold3_seed1/metrics.json,2026-09-26T06:22:46.901569+00:00,70,0.7349508716810089,0.5714285714285714,0.8285714285714286,0.9273708238223698,0.7056349873843566,saved per-run metrics; empty fields indicate another schema; may include full-data/in-sample runs
stage2/aux_signal_experiments/results/B_bnd1_w2/cv/fold3_seed2/metrics.json,2026-09-26T06:22:57.421622+00:00,70,0.7058619660406876,0.5285714285714286,0.8,0.911690496215307,0.6940559440559441,saved per-run metrics; empty fields indicate another schema; may include full-data/in-sample runs
stage2/aux_signal_experiments/results/B_bnd1_w2/cv/fold4_seed0/metrics.json,2026-09-26T06:20:48.242474+00:00,69,0.6880362298803029,0.6086956521739131,0.6956521739130435,0.8543074324324325,0.6891225059000214,saved per-run metrics; empty fields indicate another schema; may include full-data/in-sample runs
stage2/aux_signal_experiments/results/B_bnd1_w2/cv/fold4_seed1/metrics.json,2026-09-26T06:22:31.955062+00:00,69,0.6939339864820606,0.6086956521739131,0.7101449275362319,0.8694555392053815,0.6794763513513513,saved per-run metrics; empty fields indicate another schema; may include full-data/in-sample runs
stage2/aux_signal_experiments/results/B_bnd1_w2/cv/fold4_seed2/metrics.json,2026-09-26T06:22:51.519796+00:00,69,0.73842876805783,0.7246376811594203,0.7246376811594203,0.8677879497551628,0.6734279918864097,saved per-run metrics; empty fields indicate another schema; may include full-data/in-sample runs
stage2/aux_signal_experiments/results/B_bnd1_w2/seed0/metrics.json,2026-09-26T06:21:05.057841+00:00,70,0.7007833587980646,0.6142857142857143,0.7714285714285715,0.8570261437908497,0.5815295815295816,saved per-run metrics; empty fields indicate another schema; may include full-data/in-sample runs
stage2/aux_signal_experiments/results/B_bnd1_w2/seed1/metrics.json,2026-09-26T06:20:41.844457+00:00,70,0.6874343029686987,0.6142857142857143,0.7,0.7973531844499586,0.7188755020080322,saved per-run metrics; empty fields indicate another schema; may include full-data/in-sample runs
stage2/aux_signal_experiments/results/B_bnd2_w1/cv/fold0_seed0/metrics.json,2026-09-26T06:25:23.567715+00:00,70,0.7376585162114306,0.6142857142857143,0.8,0.9284399918217133,0.689283449587825,saved per-run metrics; empty fields indicate another schema; may include full-data/in-sample runs
stage2/aux_signal_experiments/results/B_bnd2_w1/cv/fold0_seed1/metrics.json,2026-09-26T06:25:19.183815+00:00,70,0.7382472265221878,0.5571428571428572,0.8428571428571429,0.9428104575163399,0.712171052631579,saved per-run metrics; empty fields indicate another schema; may include full-data/in-sample runs
stage2/aux_signal_experiments/results/B_bnd2_w1/cv/fold0_seed2/metrics.json,2026-09-26T06:27:09.426324+00:00,70,0.7470583173977012,0.5857142857142857,0.8571428571428571,0.8570261437908497,0.7566959721938253,saved per-run metrics; empty fields indicate another schema; may include full-data/in-sample runs
stage2/aux_signal_experiments/results/B_bnd2_w1/cv/fold1_seed0/metrics.json,2026-09-26T06:24:56.699678+00:00,70,0.68875,0.5571428571428572,0.7285714285714285,0.9282051282051282,0.6634615384615384,saved per-run metrics; empty fields indicate another schema; may include full-data/in-sample runs
stage2/aux_signal_experiments/results/B_bnd2_w1/cv/fold1_seed1/metrics.json,2026-09-26T06:24:44.495139+00:00,70,0.6709807692307692,0.6,0.6857142857142857,0.9282051282051282,0.5449999999999999,saved per-run metrics; empty fields indicate another schema; may include full-data/in-sample runs
stage2/aux_signal_experiments/results/B_bnd2_w1/cv/fold1_seed2/metrics.json,2026-09-26T06:27:03.844866+00:00,70,0.705126077673361,0.6,0.6857142857142857,0.9285568483363952,0.7722836694860117,saved per-run metrics; empty fields indicate another schema; may include full-data/in-sample runs
stage2/aux_signal_experiments/results/B_bnd2_w1/cv/fold2_seed0/metrics.json,2026-09-26T06:25:22.280564+00:00,70,0.6769866055381722,0.5571428571428572,0.7,0.914004914004914,0.665905789582901,saved per-run metrics; empty fields indicate another schema; may include full-data/in-sample runs
stage2/aux_signal_experiments/results/B_bnd2_w1/cv/fold2_seed1/metrics.json,2026-09-26T06:24:39.341037+00:00,70,0.710012674632222,0.6,0.7428571428571429,0.8714023270055113,0.7286821705426356,saved per-run metrics; empty fields indicate another schema; may include full-data/in-sample runs
stage2/aux_signal_experiments/results/B_bnd2_w1/cv/fold2_seed2/metrics.json,2026-09-26T06:27:15.821965+00:00,70,0.678156882513617,0.5714285714285714,0.7,0.9285568483363952,0.6258223684210527,saved per-run metrics; empty fields indicate another schema; may include full-data/in-sample runs
stage2/aux_signal_experiments/results/B_bnd2_w1/cv/fold3_seed0/metrics.json,2026-09-26T06:25:23.626024+00:00,70,0.7837664980607865,0.6714285714285714,0.8714285714285714,0.896427816529275,0.7286821705426356,saved per-run metrics; empty fields indicate another schema; may include full-data/in-sample runs
stage2/aux_signal_experiments/results/B_bnd2_w1/cv/fold3_seed1/metrics.json,2026-09-26T06:26:20.540798+00:00,70,0.7104674117831296,0.6,0.7714285714285715,0.8552522746071134,0.6811971372804164,saved per-run metrics; empty fields indicate another schema; may include full-data/in-sample runs
stage2/aux_signal_experiments/results/B_bnd2_w1/cv/fold3_seed2/metrics.json,2026-09-26T06:26:53.840571+00:00,70,0.7470952481076535,0.6,0.8285714285714286,0.9416666666666667,0.7056349873843566,saved per-run metrics; empty fields indicate another schema; may include full-data/in-sample runs
stage2/aux_signal_experiments/results/B_bnd2_w1/cv/fold4_seed0/metrics.json,2026-09-26T06:25:28.685291+00:00,69,0.7231617201167739,0.7101449275362319,0.7246376811594203,0.8371594078523923,0.6360926393029123,saved per-run metrics; empty fields indicate another schema; may include full-data/in-sample runs
stage2/aux_signal_experiments/results/B_bnd2_w1/cv/fold4_seed1/metrics.json,2026-09-26T06:25:56.888727+00:00,69,0.6647660043686415,0.5652173913043478,0.7101449275362319,0.8525641025641026,0.6033638492654886,saved per-run metrics; empty fields indicate another schema; may include full-data/in-sample runs
stage2/aux_signal_experiments/results/B_bnd2_w1/cv/fold4_seed2/metrics.json,2026-09-26T06:27:21.243452+00:00,69,0.6857990029096587,0.5797101449275363,0.7536231884057971,0.8384074941451991,0.6224747474747474,saved per-run metrics; empty fields indicate another schema; may include full-data/in-sample runs
stage2/aux_signal_experiments/results/B_bnd2_w1/seed0/metrics.json,2026-09-26T06:24:37.570929+00:00,70,0.7227151911674504,0.6428571428571429,0.7857142857142857,0.8711919852790839,0.613575955837252,saved per-run metrics; empty fields indicate another schema; may include full-data/in-sample runs
stage2/aux_signal_experiments/results/B_bnd2_w1/seed1/metrics.json,2026-09-26T06:25:08.979703+00:00,70,0.7285057100804675,0.6285714285714286,0.8,0.8999795876709533,0.623391812865497,saved per-run metrics; empty fields indicate another schema; may include full-data/in-sample runs
stage2/aux_signal_experiments/results/B_bnd2_w2/cv/fold0_seed0/metrics.json,2026-09-26T06:29:22.745359+00:00,70,0.7399509803921568,0.6,0.8285714285714286,0.9142156862745098,0.6854575163398693,saved per-run metrics; empty fields indicate another schema; may include full-data/in-sample runs
stage2/aux_signal_experiments/results/B_bnd2_w2/cv/fold0_seed1/metrics.json,2026-09-26T06:29:47.148118+00:00,70,0.6940091036414565,0.5428571428571428,0.7857142857142857,0.8412698412698412,0.6854575163398693,saved per-run metrics; empty fields indicate another schema; may include full-data/in-sample runs
stage2/aux_signal_experiments/results/B_bnd2_w2/cv/fold0_seed2/metrics.json,2026-09-26T06:30:51.778469+00:00,70,0.7312991494528542,0.5714285714285714,0.8142857142857143,0.8999795876709533,0.742014742014742,saved per-run metrics; empty fields indicate another schema; may include full-data/in-sample runs
stage2/aux_signal_experiments/results/B_bnd2_w2/cv/fold1_seed0/metrics.json,2026-09-26T06:28:57.243572+00:00,70,0.6636299286299285,0.5428571428571428,0.7,0.9426699426699428,0.5815295815295816,saved per-run metrics; empty fields indicate another schema; may include full-data/in-sample runs
stage2/aux_signal_experiments/results/B_bnd2_w2/cv/fold1_seed1/metrics.json,2026-09-26T06:29:15.299413+00:00,70,0.6825320512820513,0.6,0.7,0.9282051282051282,0.5886752136752137,saved per-run metrics; empty fields indicate another schema; may include full-data/in-sample runs
stage2/aux_signal_experiments/results/B_bnd2_w2/cv/fold1_seed2/metrics.json,2026-09-26T06:31:37.805778+00:00,70,0.7172457395081449,0.6285714285714286,0.7142857142857143,0.9426699426699428,0.7056349873843566,saved per-run metrics; empty fields indicate another schema; may include full-data/in-sample runs
stage2/aux_signal_experiments/results/B_bnd2_w2/cv/fold2_seed0/metrics.json,2026-09-26T06:29:42.897073+00:00,70,0.6909826203208556,0.5857142857142857,0.7285714285714285,0.9142156862745098,0.625668449197861,saved per-run metrics; empty fields indicate another schema; may include full-data/in-sample runs
stage2/aux_signal_experiments/results/B_bnd2_w2/cv/fold2_seed1/metrics.json,2026-09-26T06:29:26.520274+00:00,70,0.6746539552753884,0.4857142857142857,0.7428571428571429,0.9713349713349714,0.6596913971676178,saved per-run metrics; empty fields indicate another schema; may include full-data/in-sample runs
stage2/aux_signal_experiments/results/B_bnd2_w2/cv/fold2_seed2/metrics.json,2026-09-26T06:31:15.114253+00:00,70,0.6921084131326949,0.5857142857142857,0.7714285714285715,0.8191214470284238,0.6282679738562091,saved per-run metrics; empty fields indicate another schema; may include full-data/in-sample runs
stage2/aux_signal_experiments/results/B_bnd2_w2/cv/fold3_seed0/metrics.json,2026-09-26T06:29:45.598868+00:00,70,0.7481176322701747,0.6,0.8714285714285714,0.9267629211132036,0.6273546273546273,saved per-run metrics; empty fields indicate another schema; may include full-data/in-sample runs
stage2/aux_signal_experiments/results/B_bnd2_w2/cv/fold3_seed1/metrics.json,2026-09-26T06:30:21.614952+00:00,70,0.7140178391791294,0.5285714285714286,0.8142857142857143,0.9421009098428452,0.6846846846846847,saved per-run metrics; empty fields indicate another schema; may include full-data/in-sample runs
stage2/aux_signal_experiments/results/B_bnd2_w2/cv/fold3_seed2/metrics.json,2026-09-26T06:30:59.091812+00:00,70,0.7356714325763947,0.5857142857142857,0.8428571428571429,0.8822539949537427,0.6888888888888889,saved per-run metrics; empty fields indicate another schema; may include full-data/in-sample runs
stage2/aux_signal_experiments/results/B_bnd2_w2/cv/fold4_seed0/metrics.json,2026-09-26T06:29:58.114527+00:00,69,0.7176110738659576,0.7101449275362319,0.6956521739130435,0.8677879497551628,0.6360926393029123,saved per-run metrics; empty fields indicate another schema; may include full-data/in-sample runs
stage2/aux_signal_experiments/results/B_bnd2_w2/cv/fold4_seed1/metrics.json,2026-09-26T06:30:33.269702+00:00,69,0.6712457980107436,0.5797101449275363,0.7246376811594203,0.8685714285714285,0.5629222972972974,saved per-run metrics; empty fields indicate another schema; may include full-data/in-sample runs
stage2/aux_signal_experiments/results/B_bnd2_w2/cv/fold4_seed2/metrics.json,2026-09-26T06:31:18.466691+00:00,69,0.7093297737096362,0.6231884057971014,0.7246376811594203,0.8977777777777778,0.6861598440545809,saved per-run metrics; empty fields indicate another schema; may include full-data/in-sample runs
stage2/aux_signal_experiments/results/B_bnd2_w2/seed0/metrics.json,2026-09-26T06:29:55.009557+00:00,70,0.7386408572122859,0.6571428571428571,0.8,0.8853398853398853,0.6389324960753533,saved per-run metrics; empty fields indicate another schema; may include full-data/in-sample runs
stage2/aux_signal_experiments/results/B_bnd2_w2/seed1/metrics.json,2026-09-26T06:29:53.223629+00:00,70,0.7314241672306189,0.6142857142857143,0.7857142857142857,0.898989898989899,0.7105045492142266,saved per-run metrics; empty fields indicate another schema; may include full-data/in-sample runs
stage2/aux_signal_experiments/results/B_bnd3_w1/cv/fold0_seed0/metrics.json,2026-09-26T06:33:58.934649+00:00,70,0.7071007618652357,0.5285714285714286,0.8142857142857143,0.8857142857142857,0.6949574600539531,saved per-run metrics; empty fields indicate another schema; may include full-data/in-sample runs
stage2/aux_signal_experiments/results/B_bnd3_w1/cv/fold0_seed1/metrics.json,2026-09-26T06:33:46.951099+00:00,70,0.7299509803921568,0.5714285714285714,0.8285714285714286,0.9142156862745098,0.6854575163398693,saved per-run metrics; empty fields indicate another schema; may include full-data/in-sample runs
stage2/aux_signal_experiments/results/B_bnd3_w1/cv/fold0_seed2/metrics.json,2026-09-26T06:35:27.372192+00:00,70,0.7126043956043956,0.5714285714285714,0.7857142857142857,0.9142857142857143,0.6697435897435897,saved per-run metrics; empty fields indicate another schema; may include full-data/in-sample runs
stage2/aux_signal_experiments/results/B_bnd3_w1/cv/fold1_seed0/metrics.json,2026-09-26T06:33:15.105992+00:00,70,0.668377691234706,0.5285714285714286,0.7142857142857143,0.9136513157894737,0.6421999591085668,saved per-run metrics; empty fields indicate another schema; may include full-data/in-sample runs
stage2/aux_signal_experiments/results/B_bnd3_w1/cv/fold1_seed1/metrics.json,2026-09-26T06:34:42.655797+00:00,70,0.6766169416169415,0.5428571428571428,0.7,0.9426699426699428,0.6681096681096681,saved per-run metrics; empty fields indicate another schema; may include full-data/in-sample runs
stage2/aux_signal_experiments/results/B_bnd3_w1/cv/fold1_seed2/metrics.json,2026-09-26T06:35:43.009032+00:00,70,0.6790211377254927,0.5428571428571428,0.7,0.957063995093028,0.6697435897435897,saved per-run metrics; empty fields indicate another schema; may include full-data/in-sample runs
stage2/aux_signal_experiments/results/B_bnd3_w1/cv/fold2_seed0/metrics.json,2026-09-26T06:33:23.192122+00:00,70,0.6874732620320855,0.5857142857142857,0.7285714285714285,0.9142156862745098,0.6022727272727273,saved per-run metrics; empty fields indicate another schema; may include full-data/in-sample runs
stage2/aux_signal_experiments/results/B_bnd3_w1/cv/fold2_seed1/metrics.json,2026-09-26T06:34:29.005153+00:00,70,0.7010954982335327,0.5714285714285714,0.7285714285714285,0.9421009098428452,0.698535745047373,saved per-run metrics; empty fields indicate another schema; may include full-data/in-sample runs
stage2/aux_signal_experiments/results/B_bnd3_w1/cv/fold2_seed2/metrics.json,2026-09-26T06:35:59.913903+00:00,70,0.6972757177033493,0.5571428571428572,0.7571428571428571,0.8848684210526316,0.696969696969697,saved per-run metrics; empty fields indicate another schema; may include full-data/in-sample runs
stage2/aux_signal_experiments/results/B_bnd3_w1/cv/fold3_seed0/metrics.json,2026-09-26T06:34:07.398629+00:00,70,0.7413281872805013,0.6285714285714286,0.8571428571428571,0.896427816529275,0.5790934320074006,saved per-run metrics; empty fields indicate another schema; may include full-data/in-sample runs
stage2/aux_signal_experiments/results/B_bnd3_w1/cv/fold3_seed1/metrics.json,2026-09-26T06:34:45.944924+00:00,70,0.6894641724793912,0.5285714285714286,0.8,0.896427816529275,0.6,saved per-run metrics; empty fields indicate another schema; may include full-data/in-sample runs
stage2/aux_signal_experiments/results/B_bnd3_w1/cv/fold3_seed2/metrics.json,2026-09-26T06:35:32.144011+00:00,70,0.7144437918236004,0.5857142857142857,0.7857142857142857,0.911690496215307,0.651268115942029,saved per-run metrics; empty fields indicate another schema; may include full-data/in-sample runs
stage2/aux_signal_experiments/results/B_bnd3_w1/cv/fold4_seed0/metrics.json,2026-09-26T06:33:57.972027+00:00,69,0.7249596273291925,0.7101449275362319,0.7246376811594203,0.8685714285714285,0.6166666666666667,saved per-run metrics; empty fields indicate another schema; may include full-data/in-sample runs
stage2/aux_signal_experiments/results/B_bnd3_w1/cv/fold4_seed1/metrics.json,2026-09-26T06:36:01.441036+00:00,69,0.7151021253472103,0.7101449275362319,0.6811594202898551,0.8694555392053815,0.6515151515151515,saved per-run metrics; empty fields indicate another schema; may include full-data/in-sample runs
stage2/aux_signal_experiments/results/B_bnd3_w1/cv/fold4_seed2/metrics.json,2026-09-26T06:35:54.437913+00:00,69,0.7112529565143316,0.6086956521739131,0.7681159420289855,0.8685714285714285,0.6605545617173524,saved per-run metrics; empty fields indicate another schema; may include full-data/in-sample runs
stage2/aux_signal_experiments/results/B_bnd3_w1/seed0/metrics.json,2026-09-26T06:35:10.586510+00:00,70,0.7361904761904761,0.6142857142857143,0.8142857142857143,0.8857142857142857,0.6888888888888889,saved per-run metrics; empty fields indicate another schema; may include full-data/in-sample runs
stage2/aux_signal_experiments/results/B_bnd3_w1/seed1/metrics.json,2026-09-26T06:34:43.492922+00:00,70,0.6930595874713521,0.5285714285714286,0.7857142857142857,0.8856209150326797,0.6681096681096681,saved per-run metrics; empty fields indicate another schema; may include full-data/in-sample runs
stage2/aux_signal_experiments/results/B_bnd3_w2/cv/fold0_seed0/metrics.json,2026-09-26T06:38:10.275027+00:00,70,0.7128282634518478,0.5428571428571428,0.8,0.8999795876709533,0.7188755020080322,saved per-run metrics; empty fields indicate another schema; may include full-data/in-sample runs
stage2/aux_signal_experiments/results/B_bnd3_w2/cv/fold0_seed1/metrics.json,2026-09-26T06:37:50.634366+00:00,70,0.7090079020535582,0.5285714285714286,0.8285714285714286,0.8707692307692307,0.689283449587825,saved per-run metrics; empty fields indicate another schema; may include full-data/in-sample runs
stage2/aux_signal_experiments/results/B_bnd3_w2/cv/fold0_seed2/metrics.json,2026-09-26T06:39:51.263843+00:00,70,0.7164344773847923,0.4857142857142857,0.8285714285714286,0.8999795876709533,0.8095835948943293,saved per-run metrics; empty fields indicate another schema; may include full-data/in-sample runs
stage2/aux_signal_experiments/results/B_bnd3_w2/cv/fold1_seed0/metrics.json,2026-09-26T06:37:36.309825+00:00,70,0.6932112854251011,0.5714285714285714,0.7428571428571429,0.9424342105263157,0.6123076923076923,saved per-run metrics; empty fields indicate another schema; may include full-data/in-sample runs
stage2/aux_signal_experiments/results/B_bnd3_w2/cv/fold1_seed1/metrics.json,2026-09-26T06:38:30.158062+00:00,70,0.6793065504588027,0.5428571428571428,0.7142857142857143,0.957134109001837,0.6382428940568475,saved per-run metrics; empty fields indicate another schema; may include full-data/in-sample runs
stage2/aux_signal_experiments/results/B_bnd3_w2/cv/fold1_seed2/metrics.json,2026-09-26T06:39:26.687573+00:00,70,0.6415604897281593,0.5142857142857142,0.6857142857142857,0.9273708238223698,0.5496991076986927,saved per-run metrics; empty fields indicate another schema; may include full-data/in-sample runs
stage2/aux_signal_experiments/results/B_bnd3_w2/cv/fold2_seed0/metrics.json,2026-09-26T06:39:23.153577+00:00,70,0.697072927072927,0.6142857142857143,0.7142857142857143,0.9142857142857143,0.6328671328671329,saved per-run metrics; empty fields indicate another schema; may include full-data/in-sample runs
stage2/aux_signal_experiments/results/B_bnd3_w2/cv/fold2_seed1/metrics.json,2026-09-26T06:38:19.412740+00:00,70,0.6983604503273824,0.5714285714285714,0.7142857142857143,0.9285568483363952,0.7271794871794872,saved per-run metrics; empty fields indicate another schema; may include full-data/in-sample runs
stage2/aux_signal_experiments/results/B_bnd3_w2/cv/fold2_seed2/metrics.json,2026-09-26T06:39:32.949790+00:00,70,0.7098010835344714,0.6,0.7428571428571429,0.9278499278499278,0.6708239623798814,saved per-run metrics; empty fields indicate another schema; may include full-data/in-sample runs
stage2/aux_signal_experiments/results/B_bnd3_w2/cv/fold3_seed0/metrics.json,2026-09-26T06:38:42.031184+00:00,70,0.7495877990312265,0.6428571428571429,0.8142857142857143,0.911690496215307,0.6855614973262032,saved per-run metrics; empty fields indicate another schema; may include full-data/in-sample runs
stage2/aux_signal_experiments/results/B_bnd3_w2/cv/fold3_seed1/metrics.json,2026-09-26T06:39:03.059827+00:00,70,0.7128179528222937,0.5428571428571428,0.8,0.913151364764268,0.7056349873843566,saved per-run metrics; empty fields indicate another schema; may include full-data/in-sample runs
stage2/aux_signal_experiments/results/B_bnd3_w2/cv/fold3_seed2/metrics.json,2026-09-26T06:39:56.855475+00:00,70,0.7275746703166057,0.5571428571428572,0.8,0.913151364764268,0.7706797706797707,saved per-run metrics; empty fields indicate another schema; may include full-data/in-sample runs
stage2/aux_signal_experiments/results/B_bnd3_w2/cv/fold4_seed0/metrics.json,2026-09-26T06:39:16.887882+00:00,69,0.7093961511736229,0.6666666666666666,0.7246376811594203,0.8982086406743941,0.5847222222222223,saved per-run metrics; empty fields indicate another schema; may include full-data/in-sample runs
stage2/aux_signal_experiments/results/B_bnd3_w2/cv/fold4_seed1/metrics.json,2026-09-26T06:39:03.653777+00:00,69,0.6788323651809511,0.5797101449275363,0.6956521739130435,0.8543074324324325,0.6953962581458902,saved per-run metrics; empty fields indicate another schema; may include full-data/in-sample runs
stage2/aux_signal_experiments/results/B_bnd3_w2/cv/fold4_seed2/metrics.json,2026-09-26T06:39:41.403226+00:00,69,0.7254517212955491,0.6376811594202898,0.7681159420289855,0.8535653650254669,0.7025862068965517,saved per-run metrics; empty fields indicate another schema; may include full-data/in-sample runs
stage2/aux_signal_experiments/results/B_bnd3_w2/seed0/metrics.json,2026-09-26T06:37:59.407013+00:00,70,0.6976248065015479,0.5857142857142857,0.7714285714285715,0.8273026315789473,0.6568627450980392,saved per-run metrics; empty fields indicate another schema; may include full-data/in-sample runs
stage2/aux_signal_experiments/results/B_bnd3_w2/seed1/metrics.json,2026-09-26T06:37:27.571877+00:00,70,0.7010999584371331,0.6142857142857143,0.7,0.8428250663400694,0.7645079899074854,saved per-run metrics; empty fields indicate another schema; may include full-data/in-sample runs
stage2/aux_signal_experiments/results/E2_NT_both_bnd2/cv/fold0_seed0/metrics.json,2026-09-26T07:55:14.859862+00:00,70,0.7640538154103542,0.6428571428571429,0.8571428571428571,0.9428571428571428,0.6508349598785512,saved per-run metrics; empty fields indicate another schema; may include full-data/in-sample runs
stage2/aux_signal_experiments/results/E2_NT_both_bnd2/cv/fold0_seed1/metrics.json,2026-09-26T07:57:04.406149+00:00,70,0.7262039312039312,0.5714285714285714,0.8428571428571429,0.914004914004914,0.6273546273546273,saved per-run metrics; empty fields indicate another schema; may include full-data/in-sample runs
stage2/aux_signal_experiments/results/E2_NT_both_bnd2/cv/fold0_seed2/metrics.json,2026-09-26T07:58:24.471638+00:00,70,0.7720402526515846,0.6428571428571429,0.8428571428571429,0.8999795876709533,0.7802887633396107,saved per-run metrics; empty fields indicate another schema; may include full-data/in-sample runs
stage2/aux_signal_experiments/results/E2_NT_both_bnd2/cv/fold0_seed3/metrics.json,2026-09-26T08:16:14.610836+00:00,70,0.7488485703753383,0.5714285714285714,0.8857142857142857,0.8853398853398853,0.7069839171623706,saved per-run metrics; empty fields indicate another schema; may include full-data/in-sample runs
stage2/aux_signal_experiments/results/E2_NT_both_bnd2/cv/fold0_seed4/metrics.json,2026-09-26T08:18:14.664696+00:00,70,0.7617857142857142,0.6285714285714286,0.8428571428571429,0.9428571428571428,0.7023809523809523,saved per-run metrics; empty fields indicate another schema; may include full-data/in-sample runs
stage2/aux_signal_experiments/results/E2_NT_both_bnd2/cv/fold0_seed5/metrics.json,2026-09-26T08:20:09.842160+00:00,70,0.7397681011246398,0.5857142857142857,0.8571428571428571,0.9142857142857143,0.6508349598785512,saved per-run metrics; empty fields indicate another schema; may include full-data/in-sample runs
stage2/aux_signal_experiments/results/E2_NT_both_bnd2/cv/fold0_seed6/metrics.json,2026-09-26T08:39:52.146538+00:00,70,0.7629935942435941,0.6285714285714286,0.8714285714285714,0.914004914004914,0.6726190476190477,saved per-run metrics; empty fields indicate another schema; may include full-data/in-sample runs
stage2/aux_signal_experiments/results/E2_NT_both_bnd2/cv/fold0_seed7/metrics.json,2026-09-26T08:43:30.910367+00:00,70,0.7769150885409908,0.6,0.9,0.9284399918217133,0.7509939317848922,saved per-run metrics; empty fields indicate another schema; may include full-data/in-sample runs
stage2/aux_signal_experiments/results/E2_NT_both_bnd2/cv/fold1_seed0/metrics.json,2026-09-26T07:56:04.940144+00:00,70,0.7628392048797474,0.6428571428571429,0.8571428571428571,0.9428104575163399,0.6427842416819759,saved per-run metrics; empty fields indicate another schema; may include full-data/in-sample runs
stage2/aux_signal_experiments/results/E2_NT_both_bnd2/cv/fold1_seed1/metrics.json,2026-09-26T07:57:18.527791+00:00,70,0.7481904447172127,0.6,0.8428571428571429,0.9142857142857143,0.7069839171623706,saved per-run metrics; empty fields indicate another schema; may include full-data/in-sample runs
stage2/aux_signal_experiments/results/E2_NT_both_bnd2/cv/fold1_seed2/metrics.json,2026-09-26T07:59:21.304550+00:00,70,0.7547930088386652,0.6857142857142857,0.7714285714285715,0.9426699426699428,0.689283449587825,saved per-run metrics; empty fields indicate another schema; may include full-data/in-sample runs
stage2/aux_signal_experiments/results/E2_NT_both_bnd2/cv/fold1_seed3/metrics.json,2026-09-26T08:17:11.156053+00:00,70,0.7766869693613879,0.6857142857142857,0.8428571428571429,0.9428571428571428,0.6683893195521102,saved per-run metrics; empty fields indicate another schema; may include full-data/in-sample runs
stage2/aux_signal_experiments/results/E2_NT_both_bnd2/cv/fold1_seed4/metrics.json,2026-09-26T08:18:01.671397+00:00,70,0.7480504670850969,0.6714285714285714,0.7571428571428571,0.9142156862745098,0.7394540942928041,saved per-run metrics; empty fields indicate another schema; may include full-data/in-sample runs
stage2/aux_signal_experiments/results/E2_NT_both_bnd2/cv/fold1_seed5/metrics.json,2026-09-26T08:20:28.299478+00:00,70,0.7537190969449035,0.6142857142857143,0.8428571428571429,0.8853398853398853,0.7394540942928041,saved per-run metrics; empty fields indicate another schema; may include full-data/in-sample runs
stage2/aux_signal_experiments/results/E2_NT_both_bnd2/cv/fold1_seed6/metrics.json,2026-09-26T08:41:04.812768+00:00,70,0.7201132704191378,0.5428571428571428,0.8142857142857143,0.8856209150326797,0.7484675544282393,saved per-run metrics; empty fields indicate another schema; may include full-data/in-sample runs
stage2/aux_signal_experiments/results/E2_NT_both_bnd2/cv/fold1_seed7/metrics.json,2026-09-26T08:43:40.921885+00:00,70,0.7725527120599702,0.6571428571428571,0.8285714285714286,0.9284399918217133,0.7552447552447552,saved per-run metrics; empty fields indicate another schema; may include full-data/in-sample runs
stage2/aux_signal_experiments/results/E2_NT_both_bnd2/cv/fold2_seed0/metrics.json,2026-09-26T07:56:15.957731+00:00,70,0.7325251381465713,0.6142857142857143,0.8285714285714286,0.8571428571428571,0.6596913971676178,saved per-run metrics; empty fields indicate another schema; may include full-data/in-sample runs
stage2/aux_signal_experiments/results/E2_NT_both_bnd2/cv/fold2_seed1/metrics.json,2026-09-26T07:57:49.553736+00:00,70,0.7125108225108225,0.5571428571428572,0.7857142857142857,0.9278499278499278,0.6888888888888889,saved per-run metrics; empty fields indicate another schema; may include full-data/in-sample runs
stage2/aux_signal_experiments/results/E2_NT_both_bnd2/cv/fold2_seed2/metrics.json,2026-09-26T07:59:18.047778+00:00,70,0.7552960275019099,0.6142857142857143,0.8285714285714286,0.9428104575163399,0.7258297258297258,saved per-run metrics; empty fields indicate another schema; may include full-data/in-sample runs
stage2/aux_signal_experiments/results/E2_NT_both_bnd2/cv/fold2_seed3/metrics.json,2026-09-26T08:16:57.931800+00:00,70,0.7171421417493543,0.5714285714285714,0.8,0.8998159885503987,0.6811316231119635,saved per-run metrics; empty fields indicate another schema; may include full-data/in-sample runs
stage2/aux_signal_experiments/results/E2_NT_both_bnd2/cv/fold2_seed4/metrics.json,2026-09-26T08:19:15.895977+00:00,70,0.7396553564350175,0.5714285714285714,0.8285714285714286,0.9426699426699428,0.7216991002301736,saved per-run metrics; empty fields indicate another schema; may include full-data/in-sample runs
stage2/aux_signal_experiments/results/E2_NT_both_bnd2/cv/fold2_seed5/metrics.json,2026-09-26T08:38:23.067149+00:00,70,0.6847321095231695,0.5,0.7714285714285715,0.9714052287581699,0.6268088347296268,saved per-run metrics; empty fields indicate another schema; may include full-data/in-sample runs
stage2/aux_signal_experiments/results/E2_NT_both_bnd2/cv/fold2_seed6/metrics.json,2026-09-26T08:41:09.094993+00:00,70,0.7081595796952725,0.5428571428571428,0.8,0.9424342105263157,0.6452963207755013,saved per-run metrics; empty fields indicate another schema; may include full-data/in-sample runs
stage2/aux_signal_experiments/results/E2_NT_both_bnd2/cv/fold2_seed7/metrics.json,2026-09-26T08:44:28.868452+00:00,70,0.7331554658297932,0.6142857142857143,0.7714285714285715,0.9428104575163399,0.7115593146822815,saved per-run metrics; empty fields indicate another schema; may include full-data/in-sample runs
stage2/aux_signal_experiments/results/E2_NT_both_bnd2/cv/fold3_seed0/metrics.json,2026-09-26T07:56:14.312017+00:00,70,0.7626470588235295,0.6142857142857143,0.8428571428571429,0.9416666666666667,0.7426470588235294,saved per-run metrics; empty fields indicate another schema; may include full-data/in-sample runs
stage2/aux_signal_experiments/results/E2_NT_both_bnd2/cv/fold3_seed1/metrics.json,2026-09-26T07:57:53.536351+00:00,70,0.750354200975634,0.5428571428571428,0.9142857142857143,0.9426699426699428,0.6596913971676178,saved per-run metrics; empty fields indicate another schema; may include full-data/in-sample runs
stage2/aux_signal_experiments/results/E2_NT_both_bnd2/cv/fold3_seed2/metrics.json,2026-09-26T07:59:05.111377+00:00,70,0.7448239084062513,0.5285714285714286,0.9285714285714286,0.9421009098428452,0.623391812865497,saved per-run metrics; empty fields indicate another schema; may include full-data/in-sample runs
stage2/aux_signal_experiments/results/E2_NT_both_bnd2/cv/fold3_seed3/metrics.json,2026-09-26T08:17:02.406735+00:00,70,0.7302384868421052,0.5857142857142857,0.8285714285714286,0.8848684210526316,0.6833881578947368,saved per-run metrics; empty fields indicate another schema; may include full-data/in-sample runs
stage2/aux_signal_experiments/results/E2_NT_both_bnd2/cv/fold3_seed4/metrics.json,2026-09-26T08:19:17.640155+00:00,70,0.7451050158598405,0.5857142857142857,0.8571428571428571,0.8983191533513177,0.7023809523809523,saved per-run metrics; empty fields indicate another schema; may include full-data/in-sample runs
stage2/aux_signal_experiments/results/E2_NT_both_bnd2/cv/fold3_seed5/metrics.json,2026-09-26T08:38:40.749349+00:00,70,0.77138647615095,0.6571428571428571,0.8714285714285714,0.8809523809523809,0.6949574600539531,saved per-run metrics; empty fields indicate another schema; may include full-data/in-sample runs
stage2/aux_signal_experiments/results/E2_NT_both_bnd2/cv/fold3_seed6/metrics.json,2026-09-26T08:41:54.291640+00:00,70,0.7860559000136913,0.6285714285714286,0.9142857142857143,0.911690496215307,0.7286821705426356,saved per-run metrics; empty fields indicate another schema; may include full-data/in-sample runs
stage2/aux_signal_experiments/results/E2_NT_both_bnd2/cv/fold3_seed7/metrics.json,2026-09-26T08:44:41.968600+00:00,70,0.7743663468702435,0.6285714285714286,0.8714285714285714,0.9273708238223698,0.735071488645921,saved per-run metrics; empty fields indicate another schema; may include full-data/in-sample runs
stage2/aux_signal_experiments/results/E2_NT_both_bnd2/cv/fold4_seed0/metrics.json,2026-09-26T07:57:03.538349+00:00,69,0.7144082456115729,0.6231884057971014,0.7681159420289855,0.8677879497551628,0.6485568760611206,saved per-run metrics; empty fields indicate another schema; may include full-data/in-sample runs
stage2/aux_signal_experiments/results/E2_NT_both_bnd2/cv/fold4_seed1/metrics.json,2026-09-26T07:58:05.949593+00:00,69,0.7087183844853127,0.6086956521739131,0.7681159420289855,0.8691253951527924,0.643103448275862,saved per-run metrics; empty fields indicate another schema; may include full-data/in-sample runs
stage2/aux_signal_experiments/results/E2_NT_both_bnd2/cv/fold4_seed2/metrics.json,2026-09-26T07:59:54.550393+00:00,69,0.7255207611164534,0.6376811594202898,0.7536231884057971,0.9125844594594594,0.6778438030560272,saved per-run metrics; empty fields indicate another schema; may include full-data/in-sample runs
stage2/aux_signal_experiments/results/E2_NT_both_bnd2/cv/fold4_seed3/metrics.json,2026-09-26T08:18:06.331454+00:00,69,0.762275413643048,0.7101449275362319,0.782608695652174,0.9125844594594594,0.6861598440545809,saved per-run metrics; empty fields indicate another schema; may include full-data/in-sample runs
stage2/aux_signal_experiments/results/E2_NT_both_bnd2/cv/fold4_seed4/metrics.json,2026-09-26T08:19:18.319177+00:00,69,0.7317016745005874,0.6376811594202898,0.782608695652174,0.8834459459459459,0.6805555555555556,saved per-run metrics; empty fields indicate another schema; may include full-data/in-sample runs
stage2/aux_signal_experiments/results/E2_NT_both_bnd2/cv/fold4_seed5/metrics.json,2026-09-26T08:39:45.819942+00:00,69,0.6893279573025065,0.5652173913043478,0.7391304347826086,0.8525641025641026,0.6994773519163764,saved per-run metrics; empty fields indicate another schema; may include full-data/in-sample runs
stage2/aux_signal_experiments/results/E2_NT_both_bnd2/cv/fold4_seed6/metrics.json,2026-09-26T08:42:17.436098+00:00,69,0.7302235351546063,0.6811594202898551,0.7681159420289855,0.787037037037037,0.6994773519163764,saved per-run metrics; empty fields indicate another schema; may include full-data/in-sample runs
stage2/aux_signal_experiments/results/E2_NT_both_bnd2/cv/fold4_seed7/metrics.json,2026-09-26T08:45:48.617254+00:00,69,0.688620090700198,0.5362318840579711,0.7681159420289855,0.8667667882428662,0.6805555555555556,saved per-run metrics; empty fields indicate another schema; may include full-data/in-sample runs
stage2/aux_signal_experiments/results/E2_NT_both_bnd2/seed0/metrics.json,2026-09-26T07:55:12.175057+00:00,70,0.755873782548201,0.7,0.8,0.8707692307692307,0.6683893195521102,saved per-run metrics; empty fields indicate another schema; may include full-data/in-sample runs
stage2/aux_signal_experiments/results/E2_NT_both_bnd2/seed1/metrics.json,2026-09-26T07:55:24.379581+00:00,70,0.7177732071849718,0.5714285714285714,0.8285714285714286,0.8856209150326797,0.6328671328671329,saved per-run metrics; empty fields indicate another schema; may include full-data/in-sample runs
stage2/aux_signal_experiments/results/E2_NT_both_bnd2/seed2/metrics.json,2026-09-26T08:16:02.278119+00:00,70,0.7221764705882353,0.6,0.8285714285714286,0.8856209150326797,0.5955555555555556,saved per-run metrics; empty fields indicate another schema; may include full-data/in-sample runs
stage2/aux_signal_experiments/results/E2_NT_both_bnd2/seed3/metrics.json,2026-09-26T08:15:52.577571+00:00,70,0.7663606874972438,0.6571428571428571,0.8285714285714286,0.8425679820077694,0.7998366013071896,saved per-run metrics; empty fields indicate another schema; may include full-data/in-sample runs
stage2/aux_signal_experiments/results/E2_full/seed0/metrics.json,2026-09-26T12:20:58.304063+00:00,70,0.9828354978354978,0.9857142857142858,0.9714285714285714,1.0,0.9855699855699855,saved per-run metrics; empty fields indicate another schema; may include full-data/in-sample runs
stage2/aux_signal_experiments/results/E2_full/seed1/metrics.json,2026-09-26T12:22:57.179499+00:00,70,0.9763828114897194,0.9714285714285714,0.9857142857142858,0.9713349713349714,0.971217105263158,saved per-run metrics; empty fields indicate another schema; may include full-data/in-sample runs
stage2/aux_signal_experiments/results/E2_full/seed2/metrics.json,2026-09-26T12:24:48.432914+00:00,70,0.9718516154110043,0.9714285714285714,0.9857142857142858,0.971217105263158,0.9411269974768712,saved per-run metrics; empty fields indicate another schema; may include full-data/in-sample runs
stage2/aux_signal_experiments/results/E2_full/seed3/metrics.json,2026-09-26T12:26:55.292104+00:00,70,0.9728354978354978,0.9428571428571428,0.9857142857142858,1.0,0.9855699855699855,saved per-run metrics; empty fields indicate another schema; may include full-data/in-sample runs
stage2/aux_signal_experiments/results/E3_PH_both_bnd2/cv/fold0_seed0/metrics.json,2026-09-26T08:00:37.386232+00:00,70,0.7321216314096926,0.5857142857142857,0.8714285714285714,0.8425679820077694,0.6382428940568475,saved per-run metrics; empty fields indicate another schema; may include full-data/in-sample runs
stage2/aux_signal_experiments/results/E3_PH_both_bnd2/cv/fold0_seed1/metrics.json,2026-09-26T08:02:25.345136+00:00,70,0.7137665465760528,0.5428571428571428,0.8714285714285714,0.8388784264490479,0.6195652173913043,saved per-run metrics; empty fields indicate another schema; may include full-data/in-sample runs
stage2/aux_signal_experiments/results/E3_PH_both_bnd2/cv/fold1_seed0/metrics.json,2026-09-26T08:00:59.321284+00:00,70,0.7228365782932891,0.6142857142857143,0.7714285714285715,0.9142156862745098,0.6713615023474178,saved per-run metrics; empty fields indicate another schema; may include full-data/in-sample runs
stage2/aux_signal_experiments/results/E3_PH_both_bnd2/cv/fold1_seed1/metrics.json,2026-09-26T08:02:32.078135+00:00,70,0.7305335272504592,0.5571428571428572,0.8285714285714286,0.9285568483363952,0.7083333333333333,saved per-run metrics; empty fields indicate another schema; may include full-data/in-sample runs
stage2/aux_signal_experiments/results/E3_PH_both_bnd2/cv/fold2_seed0/metrics.json,2026-09-26T08:01:43.708302+00:00,70,0.7305266380894059,0.5714285714285714,0.7857142857142857,0.957134109001837,0.7463768115942029,saved per-run metrics; empty fields indicate another schema; may include full-data/in-sample runs
stage2/aux_signal_experiments/results/E3_PH_both_bnd2/cv/fold2_seed1/metrics.json,2026-09-26T08:02:54.952904+00:00,70,0.7555363712374582,0.6428571428571429,0.8142857142857143,0.9856410256410257,0.651268115942029,saved per-run metrics; empty fields indicate another schema; may include full-data/in-sample runs
stage2/aux_signal_experiments/results/E3_PH_both_bnd2/cv/fold3_seed0/metrics.json,2026-09-26T08:01:17.755984+00:00,70,0.7153937573462191,0.5285714285714286,0.8428571428571429,0.913151364764268,0.656140350877193,saved per-run metrics; empty fields indicate another schema; may include full-data/in-sample runs
stage2/aux_signal_experiments/results/E3_PH_both_bnd2/cv/fold3_seed1/metrics.json,2026-09-26T08:03:07.388350+00:00,70,0.7401723238419918,0.6428571428571429,0.8,0.8822539949537427,0.6855614973262032,saved per-run metrics; empty fields indicate another schema; may include full-data/in-sample runs
stage2/aux_signal_experiments/results/E3_PH_both_bnd2/cv/fold4_seed0/metrics.json,2026-09-26T08:01:40.029708+00:00,69,0.7342209248502155,0.6811594202898551,0.782608695652174,0.823076923076923,0.6562703053931124,saved per-run metrics; empty fields indicate another schema; may include full-data/in-sample runs
stage2/aux_signal_experiments/results/E3_PH_both_bnd2/seed0/metrics.json,2026-09-26T08:00:09.514353+00:00,70,0.7601471109535625,0.6571428571428571,0.8428571428571429,0.8571428571428571,0.7105045492142266,saved per-run metrics; empty fields indicate another schema; may include full-data/in-sample runs
stage2/aux_signal_experiments/results/E3_PH_both_bnd2/seed1/metrics.json,2026-09-26T08:00:13.242155+00:00,70,0.7123488031576266,0.5571428571428572,0.8,0.9142156862745098,0.6681096681096681,saved per-run metrics; empty fields indicate another schema; may include full-data/in-sample runs
stage2/aux_signal_experiments/results/E4_NT_both/cv/fold0_seed0/metrics.json,2026-09-26T07:50:00.622870+00:00,70,0.7654745989304812,0.6142857142857143,0.9,0.9142156862745098,0.655614973262032,saved per-run metrics; empty fields indicate another schema; may include full-data/in-sample runs
stage2/aux_signal_experiments/results/E4_NT_both/cv/fold0_seed1/metrics.json,2026-09-26T07:52:04.526166+00:00,70,0.7763913058524203,0.6428571428571429,0.8714285714285714,0.9426699426699428,0.6999387630128597,saved per-run metrics; empty fields indicate another schema; may include full-data/in-sample runs
stage2/aux_signal_experiments/results/E4_NT_both/cv/fold0_seed2/metrics.json,2026-09-26T07:53:33.292911+00:00,70,0.7518653846153845,0.6142857142857143,0.8571428571428571,0.8707692307692307,0.7083333333333333,saved per-run metrics; empty fields indicate another schema; may include full-data/in-sample runs
stage2/aux_signal_experiments/results/E4_NT_both/cv/fold0_seed3/metrics.json,2026-09-26T08:47:10.795973+00:00,70,0.769407901498379,0.6285714285714286,0.8857142857142857,0.8714023270055113,0.7246503496503496,saved per-run metrics; empty fields indicate another schema; may include full-data/in-sample runs
stage2/aux_signal_experiments/results/E4_NT_both/cv/fold0_seed4/metrics.json,2026-09-26T08:50:40.799058+00:00,70,0.7783915449217041,0.6285714285714286,0.8714285714285714,0.957134109001837,0.7321428571428572,saved per-run metrics; empty fields indicate another schema; may include full-data/in-sample runs
stage2/aux_signal_experiments/results/E4_NT_both/cv/fold0_seed5/metrics.json,2026-09-26T08:54:42.813115+00:00,70,0.7612223982825598,0.6428571428571429,0.8428571428571429,0.8998159885503987,0.7083333333333333,saved per-run metrics; empty fields indicate another schema; may include full-data/in-sample runs
stage2/aux_signal_experiments/results/E4_NT_both/cv/fold0_seed6/metrics.json,2026-09-26T08:57:07.063181+00:00,70,0.7418225960453798,0.6,0.8285714285714286,0.8999795876709533,0.712171052631579,saved per-run metrics; empty fields indicate another schema; may include full-data/in-sample runs
stage2/aux_signal_experiments/results/E4_NT_both/cv/fold0_seed7/metrics.json,2026-09-26T08:59:31.698103+00:00,70,0.7503872179757025,0.6,0.8428571428571429,0.9142156862745098,0.7216991002301736,saved per-run metrics; empty fields indicate another schema; may include full-data/in-sample runs
stage2/aux_signal_experiments/results/E4_NT_both/cv/fold1_seed0/metrics.json,2026-09-26T07:50:48.299516+00:00,70,0.7727559472981586,0.6571428571428571,0.8714285714285714,0.9142156862745098,0.6708239623798814,saved per-run metrics; empty fields indicate another schema; may include full-data/in-sample runs
stage2/aux_signal_experiments/results/E4_NT_both/cv/fold1_seed1/metrics.json,2026-09-26T07:52:10.327718+00:00,70,0.7451287753581128,0.5857142857142857,0.8428571428571429,0.9285568483363952,0.7056349873843566,saved per-run metrics; empty fields indicate another schema; may include full-data/in-sample runs
stage2/aux_signal_experiments/results/E4_NT_both/cv/fold1_seed2/metrics.json,2026-09-26T07:53:58.428806+00:00,70,0.6931283422459893,0.5285714285714286,0.8,0.8352941176470589,0.6855614973262032,saved per-run metrics; empty fields indicate another schema; may include full-data/in-sample runs
stage2/aux_signal_experiments/results/E4_NT_both/cv/fold1_seed3/metrics.json,2026-09-26T08:48:06.519859+00:00,70,0.7483915449217041,0.6428571428571429,0.7714285714285715,0.957134109001837,0.7321428571428572,saved per-run metrics; empty fields indicate another schema; may include full-data/in-sample runs
stage2/aux_signal_experiments/results/E4_NT_both/cv/fold1_seed4/metrics.json,2026-09-26T08:51:42.967152+00:00,70,0.7596713815728331,0.6714285714285714,0.7571428571428571,0.9856879983643426,0.7454545454545455,saved per-run metrics; empty fields indicate another schema; may include full-data/in-sample runs
stage2/aux_signal_experiments/results/E4_NT_both/cv/fold1_seed5/metrics.json,2026-09-26T08:54:51.268978+00:00,70,0.7538461435744044,0.6,0.8571428571428571,0.9426699426699428,0.6829710144927537,saved per-run metrics; empty fields indicate another schema; may include full-data/in-sample runs
stage2/aux_signal_experiments/results/E4_NT_both/cv/fold1_seed6/metrics.json,2026-09-26T08:56:56.196677+00:00,70,0.7069287977918626,0.5142857142857142,0.8285714285714286,0.8711919852790839,0.7083333333333333,saved per-run metrics; empty fields indicate another schema; may include full-data/in-sample runs
stage2/aux_signal_experiments/results/E4_NT_both/cv/fold1_seed7/metrics.json,2026-09-26T11:25:47.029974+00:00,70,0.7599048872295652,0.6142857142857143,0.8285714285714286,0.9426699426699428,0.7566959721938253,saved per-run metrics; empty fields indicate another schema; may include full-data/in-sample runs
stage2/aux_signal_experiments/results/E4_NT_both/cv/fold2_seed0/metrics.json,2026-09-26T07:50:59.762412+00:00,70,0.7366634615384615,0.5857142857142857,0.8428571428571429,0.956923076923077,0.6208333333333333,saved per-run metrics; empty fields indicate another schema; may include full-data/in-sample runs
stage2/aux_signal_experiments/results/E4_NT_both/cv/fold2_seed1/metrics.json,2026-09-26T07:52:44.499767+00:00,70,0.741078340034486,0.6,0.8142857142857143,0.957134109001837,0.6833881578947368,saved per-run metrics; empty fields indicate another schema; may include full-data/in-sample runs
stage2/aux_signal_experiments/results/E4_NT_both/cv/fold2_seed2/metrics.json,2026-09-26T07:54:15.848152+00:00,70,0.7326337176337177,0.6428571428571429,0.7714285714285715,0.9282051282051282,0.6560196560196561,saved per-run metrics; empty fields indicate another schema; may include full-data/in-sample runs
stage2/aux_signal_experiments/results/E4_NT_both/cv/fold2_seed3/metrics.json,2026-09-26T08:48:11.050490+00:00,70,0.7095960272504592,0.5571428571428572,0.8,0.9285568483363952,0.6354166666666667,saved per-run metrics; empty fields indicate another schema; may include full-data/in-sample runs
stage2/aux_signal_experiments/results/E4_NT_both/cv/fold2_seed4/metrics.json,2026-09-26T08:52:14.718372+00:00,70,0.7408843623481781,0.6142857142857143,0.8142857142857143,0.9424342105263157,0.6634615384615384,saved per-run metrics; empty fields indicate another schema; may include full-data/in-sample runs
stage2/aux_signal_experiments/results/E4_NT_both/cv/fold2_seed5/metrics.json,2026-09-26T08:55:43.484128+00:00,70,0.7142401960784314,0.5428571428571428,0.8,0.9714052287581699,0.6568627450980392,saved per-run metrics; empty fields indicate another schema; may include full-data/in-sample runs
stage2/aux_signal_experiments/results/E4_NT_both/cv/fold2_seed6/metrics.json,2026-09-26T08:58:03.865294+00:00,70,0.6574612516847093,0.42857142857142855,0.8142857142857143,0.9142156862745098,0.568859324956886,saved per-run metrics; empty fields indicate another schema; may include full-data/in-sample runs
stage2/aux_signal_experiments/results/E4_NT_both/cv/fold2_seed7/metrics.json,2026-09-26T11:26:34.633841+00:00,70,0.7137499428185696,0.5714285714285714,0.7857142857142857,0.9285568483363952,0.6631094371207366,saved per-run metrics; empty fields indicate another schema; may include full-data/in-sample runs
stage2/aux_signal_experiments/results/E4_NT_both/cv/fold3_seed0/metrics.json,2026-09-26T07:51:13.474119+00:00,70,0.7616972829801777,0.6142857142857143,0.8714285714285714,0.9567099567099566,0.6546052631578947,saved per-run metrics; empty fields indicate another schema; may include full-data/in-sample runs
stage2/aux_signal_experiments/results/E4_NT_both/cv/fold3_seed1/metrics.json,2026-09-26T07:53:12.966654+00:00,70,0.7321107172894389,0.5571428571428572,0.8428571428571429,0.911690496215307,0.7023809523809523,saved per-run metrics; empty fields indicate another schema; may include full-data/in-sample runs
stage2/aux_signal_experiments/results/E4_NT_both/cv/fold3_seed2/metrics.json,2026-09-26T07:54:14.093815+00:00,70,0.7687882238126218,0.6142857142857143,0.8857142857142857,0.8833333333333333,0.7419214920841466,saved per-run metrics; empty fields indicate another schema; may include full-data/in-sample runs
stage2/aux_signal_experiments/results/E4_NT_both/cv/fold3_seed3/metrics.json,2026-09-26T08:49:10.735982+00:00,70,0.7758395207756976,0.6285714285714286,0.8857142857142857,0.9273708238223698,0.7115593146822815,saved per-run metrics; empty fields indicate another schema; may include full-data/in-sample runs
stage2/aux_signal_experiments/results/E4_NT_both/cv/fold3_seed4/metrics.json,2026-09-26T08:53:19.522928+00:00,70,0.7743399740878443,0.6571428571428571,0.9,0.8652406417112299,0.6636925188743994,saved per-run metrics; empty fields indicate another schema; may include full-data/in-sample runs
stage2/aux_signal_experiments/results/E4_NT_both/cv/fold3_seed5/metrics.json,2026-09-26T08:56:04.990557+00:00,70,0.7539445080970505,0.5857142857142857,0.9,0.9267629211132036,0.6328671328671329,saved per-run metrics; empty fields indicate another schema; may include full-data/in-sample runs
stage2/aux_signal_experiments/results/E4_NT_both/cv/fold3_seed6/metrics.json,2026-09-26T08:58:25.861533+00:00,70,0.7506429447360758,0.6,0.8428571428571429,0.9564224942934219,0.6811971372804164,saved per-run metrics; empty fields indicate another schema; may include full-data/in-sample runs
stage2/aux_signal_experiments/results/E4_NT_both/cv/fold3_seed7/metrics.json,2026-09-26T11:27:39.788429+00:00,70,0.7308980300187067,0.5857142857142857,0.8285714285714286,0.896427816529275,0.6762257169287696,saved per-run metrics; empty fields indicate another schema; may include full-data/in-sample runs
stage2/aux_signal_experiments/results/E4_NT_both/cv/fold4_seed0/metrics.json,2026-09-26T07:51:35.499497+00:00,69,0.7252966236661889,0.7101449275362319,0.7246376811594203,0.8525641025641026,0.6349206349206349,saved per-run metrics; empty fields indicate another schema; may include full-data/in-sample runs
stage2/aux_signal_experiments/results/E4_NT_both/cv/fold4_seed1/metrics.json,2026-09-26T07:53:25.757623+00:00,69,0.6949788176459009,0.5507246376811594,0.7536231884057971,0.8982086406743941,0.6915052160953801,saved per-run metrics; empty fields indicate another schema; may include full-data/in-sample runs
stage2/aux_signal_experiments/results/E4_NT_both/cv/fold4_seed2/metrics.json,2026-09-26T07:54:38.199613+00:00,69,0.741217654747287,0.7101449275362319,0.7536231884057971,0.8525641025641026,0.6734279918864097,saved per-run metrics; empty fields indicate another schema; may include full-data/in-sample runs
stage2/aux_signal_experiments/results/E4_NT_both/cv/fold4_seed3/metrics.json,2026-09-26T08:50:03.382093+00:00,69,0.6984016563146999,0.6666666666666666,0.6956521739130435,0.8685714285714285,0.6086956521739131,saved per-run metrics; empty fields indicate another schema; may include full-data/in-sample runs
stage2/aux_signal_experiments/results/E4_NT_both/cv/fold4_seed4/metrics.json,2026-09-26T08:53:37.540324+00:00,69,0.7236290616567411,0.6521739130434783,0.7536231884057971,0.8834459459459459,0.6605545617173524,saved per-run metrics; empty fields indicate another schema; may include full-data/in-sample runs
stage2/aux_signal_experiments/results/E4_NT_both/cv/fold4_seed5/metrics.json,2026-09-26T08:56:58.614819+00:00,69,0.7105812198522143,0.5652173913043478,0.782608695652174,0.8685714285714285,0.723709167544784,saved per-run metrics; empty fields indicate another schema; may include full-data/in-sample runs
stage2/aux_signal_experiments/results/E4_NT_both/cv/fold4_seed6/metrics.json,2026-09-26T08:59:08.495827+00:00,69,0.7157332499235252,0.6231884057971014,0.7681159420289855,0.8828522920203735,0.6423258958755916,saved per-run metrics; empty fields indicate another schema; may include full-data/in-sample runs
stage2/aux_signal_experiments/results/E4_NT_both/seed0/metrics.json,2026-09-26T07:49:22.558825+00:00,70,0.7145666751012145,0.6142857142857143,0.7857142857142857,0.8560855263157895,0.641025641025641,saved per-run metrics; empty fields indicate another schema; may include full-data/in-sample runs
stage2/aux_signal_experiments/results/E4_NT_both/seed1/metrics.json,2026-09-26T07:49:39.160531+00:00,70,0.7053920358857202,0.5428571428571428,0.8142857142857143,0.8142478056746275,0.7216991002301736,saved per-run metrics; empty fields indicate another schema; may include full-data/in-sample runs
stage2/aux_signal_experiments/results/E4_NT_both/seed2/metrics.json,2026-09-26T08:46:01.735858+00:00,70,0.714591040059485,0.5857142857142857,0.7714285714285715,0.8857142857142857,0.7115593146822815,saved per-run metrics; empty fields indicate another schema; may include full-data/in-sample runs
stage2/aux_signal_experiments/results/E4_NT_both/seed3/metrics.json,2026-09-26T08:46:53.073521+00:00,70,0.7395635016181351,0.6857142857142857,0.8142857142857143,0.8999795876709533,0.5304437564499485,saved per-run metrics; empty fields indicate another schema; may include full-data/in-sample runs
stage2/aux_signal_experiments/results/E4_full/seed0/metrics.json,2026-09-26T12:20:15.086951+00:00,70,0.9719325657894737,1.0,0.9571428571428572,0.971217105263158,0.9416666666666667,saved per-run metrics; empty fields indicate another schema; may include full-data/in-sample runs
stage2/aux_signal_experiments/results/E4_full/seed1/metrics.json,2026-09-26T12:22:10.500206+00:00,70,0.9742536911551427,0.9714285714285714,0.9857142857142858,0.9856879983643426,0.9426699426699428,saved per-run metrics; empty fields indicate another schema; may include full-data/in-sample runs
stage2/aux_signal_experiments/results/E4_full/seed2/metrics.json,2026-09-26T12:23:59.654953+00:00,70,0.9835384615384615,0.9857142857142858,0.9857142857142858,1.0,0.956923076923077,saved per-run metrics; empty fields indicate another schema; may include full-data/in-sample runs
stage2/aux_signal_experiments/results/E4_full/seed3/metrics.json,2026-09-26T12:25:51.247573+00:00,70,0.9706672785608249,0.9428571428571428,0.9857142857142858,0.9856410256410257,0.985474164764474,saved per-run metrics; empty fields indicate another schema; may include full-data/in-sample runs
stage2/aux_signal_experiments/results/E5_both_we2/cv/fold0_seed0/metrics.json,2026-09-26T08:21:25.877061+00:00,70,0.7764202606946022,0.6285714285714286,0.8857142857142857,0.9142857142857143,0.7285160236783017,saved per-run metrics; empty fields indicate another schema; may include full-data/in-sample runs
stage2/aux_signal_experiments/results/E5_both_we2/cv/fold0_seed1/metrics.json,2026-09-26T08:23:21.827994+00:00,70,0.7420600519905365,0.5714285714285714,0.8571428571428571,0.9142857142857143,0.699447965651196,saved per-run metrics; empty fields indicate another schema; may include full-data/in-sample runs
stage2/aux_signal_experiments/results/E5_both_we2/cv/fold0_seed2/metrics.json,2026-09-26T08:25:53.952101+00:00,70,0.7758022574043104,0.6285714285714286,0.8857142857142857,0.8856209150326797,0.7530608009960573,saved per-run metrics; empty fields indicate another schema; may include full-data/in-sample runs
stage2/aux_signal_experiments/results/E5_both_we2/cv/fold1_seed0/metrics.json,2026-09-26T08:21:38.563958+00:00,70,0.7495178528280144,0.6571428571428571,0.8,0.8998159885503987,0.696969696969697,saved per-run metrics; empty fields indicate another schema; may include full-data/in-sample runs
stage2/aux_signal_experiments/results/E5_both_we2/cv/fold1_seed1/metrics.json,2026-09-26T08:24:07.683241+00:00,70,0.7533998865535914,0.6285714285714286,0.8571428571428571,0.8999795876709533,0.6560196560196561,saved per-run metrics; empty fields indicate another schema; may include full-data/in-sample runs
stage2/aux_signal_experiments/results/E5_both_we2/cv/fold1_seed2/metrics.json,2026-09-26T08:26:21.685152+00:00,70,0.7575082236842106,0.6,0.8428571428571429,0.9424342105263157,0.740953947368421,saved per-run metrics; empty fields indicate another schema; may include full-data/in-sample runs
stage2/aux_signal_experiments/results/E5_both_we2/cv/fold2_seed0/metrics.json,2026-09-26T08:22:44.807146+00:00,70,0.6968823497904088,0.5428571428571428,0.7857142857142857,0.9285568483363952,0.6173254835996635,saved per-run metrics; empty fields indicate another schema; may include full-data/in-sample runs
stage2/aux_signal_experiments/results/E5_both_we2/cv/fold2_seed1/metrics.json,2026-09-26T08:24:19.037840+00:00,70,0.7259407993966818,0.6142857142857143,0.7714285714285715,0.9428104575163399,0.6634615384615384,saved per-run metrics; empty fields indicate another schema; may include full-data/in-sample runs
stage2/aux_signal_experiments/results/E5_both_we2/cv/fold2_seed2/metrics.json,2026-09-26T08:27:05.113016+00:00,70,0.724355718085362,0.6142857142857143,0.7857142857142857,0.9285568483363952,0.633814605566018,saved per-run metrics; empty fields indicate another schema; may include full-data/in-sample runs
stage2/aux_signal_experiments/results/E5_both_we2/cv/fold3_seed0/metrics.json,2026-09-26T08:23:07.010643+00:00,70,0.7381632238126219,0.5714285714285714,0.8285714285714286,0.9125000000000001,0.7419214920841466,saved per-run metrics; empty fields indicate another schema; may include full-data/in-sample runs
stage2/aux_signal_experiments/results/E5_both_we2/cv/fold3_seed1/metrics.json,2026-09-26T08:24:59.284446+00:00,70,0.7275221552640907,0.5428571428571428,0.8571428571428571,0.913151364764268,0.6703296703296704,saved per-run metrics; empty fields indicate another schema; may include full-data/in-sample runs
stage2/aux_signal_experiments/results/E5_both_we2/cv/fold3_seed2/metrics.json,2026-09-26T08:27:30.839514+00:00,70,0.7148366636502229,0.5571428571428572,0.8142857142857143,0.897468089558485,0.6681096681096681,saved per-run metrics; empty fields indicate another schema; may include full-data/in-sample runs
stage2/aux_signal_experiments/results/E5_both_we2/cv/fold4_seed0/metrics.json,2026-09-26T08:22:36.115138+00:00,69,0.6903484848484848,0.6231884057971014,0.7101449275362319,0.8977777777777778,0.5934343434343434,saved per-run metrics; empty fields indicate another schema; may include full-data/in-sample runs
stage2/aux_signal_experiments/results/E5_both_we2/cv/fold4_seed1/metrics.json,2026-09-26T08:25:16.522011+00:00,69,0.7272786791367387,0.6521739130434783,0.7391304347826086,0.9130252100840336,0.6891225059000214,saved per-run metrics; empty fields indicate another schema; may include full-data/in-sample runs
stage2/aux_signal_experiments/results/E5_both_we2/cv/fold4_seed2/metrics.json,2026-09-26T08:28:02.109583+00:00,69,0.7215407177363699,0.6521739130434783,0.7391304347826086,0.8985507246376812,0.6653439153439153,saved per-run metrics; empty fields indicate another schema; may include full-data/in-sample runs
stage2/aux_signal_experiments/results/E5_both_we2/seed0/metrics.json,2026-09-26T08:20:26.274934+00:00,70,0.7318872549019608,0.5857142857142857,0.8428571428571429,0.8570261437908497,0.6888888888888889,saved per-run metrics; empty fields indicate another schema; may include full-data/in-sample runs
stage2/aux_signal_experiments/results/E5_both_we2/seed1/metrics.json,2026-09-26T08:21:32.314350+00:00,70,0.7157509886267653,0.5857142857142857,0.8142857142857143,0.8711919852790839,0.633814605566018,saved per-run metrics; empty fields indicate another schema; may include full-data/in-sample runs
stage2/aux_signal_experiments/results/E6_both_sig05/cv/fold0_seed0/metrics.json,2026-09-26T08:29:44.569993+00:00,70,0.7700199613589864,0.6428571428571429,0.8857142857142857,0.9285568483363952,0.6382428940568475,saved per-run metrics; empty fields indicate another schema; may include full-data/in-sample runs
stage2/aux_signal_experiments/results/E6_both_sig05/cv/fold0_seed1/metrics.json,2026-09-26T08:32:30.648237+00:00,70,0.7569748552850167,0.6285714285714286,0.8428571428571429,0.8998159885503987,0.7133497133497133,saved per-run metrics; empty fields indicate another schema; may include full-data/in-sample runs
stage2/aux_signal_experiments/results/E6_both_sig05/cv/fold0_seed2/metrics.json,2026-09-26T08:34:48.556534+00:00,70,0.7372560410851097,0.5857142857142857,0.8714285714285714,0.8711919852790839,0.6438482886216466,saved per-run metrics; empty fields indicate another schema; may include full-data/in-sample runs
stage2/aux_signal_experiments/results/E6_both_sig05/cv/fold1_seed0/metrics.json,2026-09-26T08:30:20.340339+00:00,70,0.7358710575290583,0.5714285714285714,0.8714285714285714,0.9421009098428452,0.5970394736842105,saved per-run metrics; empty fields indicate another schema; may include full-data/in-sample runs
stage2/aux_signal_experiments/results/E6_both_sig05/cv/fold1_seed1/metrics.json,2026-09-26T08:33:06.762686+00:00,70,0.757265998773257,0.6,0.8571428571428571,0.9284399918217133,0.72,saved per-run metrics; empty fields indicate another schema; may include full-data/in-sample runs
stage2/aux_signal_experiments/results/E6_both_sig05/cv/fold1_seed2/metrics.json,2026-09-26T08:36:04.509841+00:00,70,0.7165922019818131,0.5285714285714286,0.8142857142857143,0.9284399918217133,0.7155080213903744,saved per-run metrics; empty fields indicate another schema; may include full-data/in-sample runs
stage2/aux_signal_experiments/results/E6_both_sig05/cv/fold2_seed0/metrics.json,2026-09-26T08:31:13.776679+00:00,70,0.7002576614475311,0.5142857142857142,0.7857142857142857,0.8999795876709533,0.735071488645921,saved per-run metrics; empty fields indicate another schema; may include full-data/in-sample runs
stage2/aux_signal_experiments/results/E6_both_sig05/cv/fold2_seed1/metrics.json,2026-09-26T08:33:41.294246+00:00,70,0.7349665775401069,0.6142857142857143,0.8,0.9142156862745098,0.6855614973262032,saved per-run metrics; empty fields indicate another schema; may include full-data/in-sample runs
stage2/aux_signal_experiments/results/E6_both_sig05/cv/fold2_seed2/metrics.json,2026-09-26T08:36:15.190740+00:00,70,0.7288179971967708,0.5714285714285714,0.8142857142857143,0.957063995093028,0.6683893195521102,saved per-run metrics; empty fields indicate another schema; may include full-data/in-sample runs
stage2/aux_signal_experiments/results/E6_both_sig05/cv/fold3_seed0/metrics.json,2026-09-26T08:31:16.694666+00:00,70,0.7334079491547507,0.5285714285714286,0.8571428571428571,0.9273708238223698,0.7286821705426356,saved per-run metrics; empty fields indicate another schema; may include full-data/in-sample runs
stage2/aux_signal_experiments/results/E6_both_sig05/cv/fold3_seed1/metrics.json,2026-09-26T08:34:08.481913+00:00,70,0.7199984807162125,0.5142857142857142,0.8571428571428571,0.9273708238223698,0.6726190476190477,saved per-run metrics; empty fields indicate another schema; may include full-data/in-sample runs
stage2/aux_signal_experiments/results/E6_both_sig05/cv/fold3_seed2/metrics.json,2026-09-26T08:36:59.989041+00:00,70,0.7002270007585623,0.5571428571428572,0.8428571428571429,0.7331240188383046,0.6683893195521102,saved per-run metrics; empty fields indicate another schema; may include full-data/in-sample runs
stage2/aux_signal_experiments/results/E6_both_sig05/cv/fold4_seed0/metrics.json,2026-09-26T08:32:39.218723+00:00,69,0.7118843655421865,0.6086956521739131,0.782608695652174,0.8828522920203735,0.6166666666666667,saved per-run metrics; empty fields indicate another schema; may include full-data/in-sample runs
stage2/aux_signal_experiments/results/E6_both_sig05/cv/fold4_seed1/metrics.json,2026-09-26T08:35:07.803231+00:00,69,0.6886173894387284,0.6086956521739131,0.7391304347826086,0.8371594078523923,0.6086956521739131,saved per-run metrics; empty fields indicate another schema; may include full-data/in-sample runs
stage2/aux_signal_experiments/results/E6_both_sig05/cv/fold4_seed2/metrics.json,2026-09-26T08:37:18.865512+00:00,69,0.7192157670174235,0.6521739130434783,0.7391304347826086,0.8828522920203735,0.6655426765015806,saved per-run metrics; empty fields indicate another schema; may include full-data/in-sample runs
stage2/aux_signal_experiments/results/E6_both_sig05/seed0/metrics.json,2026-09-26T08:28:48.966985+00:00,70,0.7459710723477148,0.6285714285714286,0.8142857142857143,0.8714023270055113,0.735071488645921,saved per-run metrics; empty fields indicate another schema; may include full-data/in-sample runs
stage2/aux_signal_experiments/results/E6_both_sig05/seed1/metrics.json,2026-09-26T08:29:53.910769+00:00,70,0.7198183667220716,0.5285714285714286,0.8285714285714286,0.8999795876709533,0.7321428571428572,saved per-run metrics; empty fields indicate another schema; may include full-data/in-sample runs
stage2/aux_signal_experiments/results/G0_NT_geo/cv/fold0_seed0/metrics.json,2026-09-26T08:04:12.262017+00:00,70,0.7449877526025719,0.6,0.8428571428571429,0.9285568483363952,0.6713615023474178,saved per-run metrics; empty fields indicate another schema; may include full-data/in-sample runs
stage2/aux_signal_experiments/results/G0_NT_geo/cv/fold0_seed1/metrics.json,2026-09-26T08:05:57.168684+00:00,70,0.7021231673931053,0.5428571428571428,0.7714285714285715,0.9142156862745098,0.6999387630128597,saved per-run metrics; empty fields indicate another schema; may include full-data/in-sample runs
stage2/aux_signal_experiments/results/G0_NT_geo/cv/fold0_seed2/metrics.json,2026-09-26T08:07:22.621899+00:00,70,0.7305534055727554,0.6142857142857143,0.8,0.9142156862745098,0.656140350877193,saved per-run metrics; empty fields indicate another schema; may include full-data/in-sample runs
stage2/aux_signal_experiments/results/G0_NT_geo/cv/fold1_seed0/metrics.json,2026-09-26T08:04:34.640015+00:00,70,0.6959931245225363,0.5857142857142857,0.7428571428571429,0.9142857142857143,0.625668449197861,saved per-run metrics; empty fields indicate another schema; may include full-data/in-sample runs
stage2/aux_signal_experiments/results/G0_NT_geo/cv/fold1_seed1/metrics.json,2026-09-26T08:06:44.077024+00:00,70,0.7278431372549019,0.6,0.7714285714285715,0.8856209150326797,0.7666666666666666,saved per-run metrics; empty fields indicate another schema; may include full-data/in-sample runs
stage2/aux_signal_experiments/results/G0_NT_geo/cv/fold1_seed2/metrics.json,2026-09-26T08:07:51.794196+00:00,70,0.6756825657894736,0.5571428571428572,0.6285714285714286,0.971217105263158,0.7666666666666666,saved per-run metrics; empty fields indicate another schema; may include full-data/in-sample runs
stage2/aux_signal_experiments/results/G0_NT_geo/cv/fold2_seed0/metrics.json,2026-09-26T08:05:19.721358+00:00,70,0.6806323081021877,0.5285714285714286,0.7285714285714285,0.8853398853398853,0.7188755020080322,saved per-run metrics; empty fields indicate another schema; may include full-data/in-sample runs
stage2/aux_signal_experiments/results/G0_NT_geo/cv/fold2_seed1/metrics.json,2026-09-26T08:06:19.524765+00:00,70,0.6659866278204356,0.5,0.7428571428571429,0.9284399918217133,0.6114708603145236,saved per-run metrics; empty fields indicate another schema; may include full-data/in-sample runs
stage2/aux_signal_experiments/results/G0_NT_geo/cv/fold2_seed2/metrics.json,2026-09-26T08:07:45.906932+00:00,70,0.6681219381506429,0.5714285714285714,0.6857142857142857,0.8999795876709533,0.6208333333333333,saved per-run metrics; empty fields indicate another schema; may include full-data/in-sample runs
stage2/aux_signal_experiments/results/G0_NT_geo/cv/fold3_seed0/metrics.json,2026-09-26T08:04:55.665110+00:00,70,0.7548195323055006,0.5571428571428572,0.8714285714285714,0.9421009098428452,0.7566959721938253,saved per-run metrics; empty fields indicate another schema; may include full-data/in-sample runs
stage2/aux_signal_experiments/results/G0_NT_geo/cv/fold3_seed1/metrics.json,2026-09-26T08:06:32.326501+00:00,70,0.6842478272222015,0.5142857142857142,0.8,0.8352941176470589,0.6596913971676178,saved per-run metrics; empty fields indicate another schema; may include full-data/in-sample runs
stage2/aux_signal_experiments/results/G0_NT_geo/cv/fold3_seed2/metrics.json,2026-09-26T08:08:14.828194+00:00,70,0.7270126011198942,0.5857142857142857,0.8,0.911690496215307,0.7017268445839875,saved per-run metrics; empty fields indicate another schema; may include full-data/in-sample runs
stage2/aux_signal_experiments/results/G0_NT_geo/cv/fold4_seed0/metrics.json,2026-09-26T08:05:26.674526+00:00,69,0.7145575050059073,0.6376811594202898,0.7391304347826086,0.8685714285714285,0.6825848849945235,saved per-run metrics; empty fields indicate another schema; may include full-data/in-sample runs
stage2/aux_signal_experiments/results/G0_NT_geo/cv/fold4_seed1/metrics.json,2026-09-26T08:06:57.389389+00:00,69,0.6867371674901382,0.5652173913043478,0.6956521739130435,0.8984654193819634,0.7377533783783784,saved per-run metrics; empty fields indicate another schema; may include full-data/in-sample runs
stage2/aux_signal_experiments/results/G0_NT_geo/cv/fold4_seed2/metrics.json,2026-09-26T08:08:41.188848+00:00,69,0.6974094080493537,0.5942028985507246,0.7101449275362319,0.9125844594594594,0.6933333333333334,saved per-run metrics; empty fields indicate another schema; may include full-data/in-sample runs
stage2/aux_signal_experiments/results/G0_NT_geo/seed0/metrics.json,2026-09-26T08:03:46.358825+00:00,70,0.7179838373235361,0.6142857142857143,0.8142857142857143,0.8856209150326797,0.5676046671242279,saved per-run metrics; empty fields indicate another schema; may include full-data/in-sample runs
stage2/aux_signal_experiments/results/G0_NT_geo/seed1/metrics.json,2026-09-26T08:03:47.628886+00:00,70,0.6828946053946053,0.5285714285714286,0.7857142857142857,0.9142857142857143,0.5716783216783217,saved per-run metrics; empty fields indicate another schema; may include full-data/in-sample runs
stage2/aux_signal_experiments/results/G1_M1_geo/cv/fold0_seed0/metrics.json,2026-09-26T08:14:24.437460+00:00,70,0.747166312108345,0.6142857142857143,0.9,0.8273026315789473,0.6204727824766862,saved per-run metrics; empty fields indicate another schema; may include full-data/in-sample runs
stage2/aux_signal_experiments/results/G1_M1_geo/cv/fold1_seed0/metrics.json,2026-09-26T08:14:48.023569+00:00,70,0.782323141359199,0.7,0.8428571428571429,0.8999795876709533,0.7155080213903744,saved per-run metrics; empty fields indicate another schema; may include full-data/in-sample runs
stage2/aux_signal_experiments/results/G1_M1_geo/cv/fold2_seed0/metrics.json,2026-09-26T08:15:13.311285+00:00,70,0.718121938150643,0.6142857142857143,0.7857142857142857,0.8999795876709533,0.6208333333333333,saved per-run metrics; empty fields indicate another schema; may include full-data/in-sample runs
stage2/aux_signal_experiments/results/G1_M1_geo/cv/fold3_seed0/metrics.json,2026-09-26T08:15:20.489254+00:00,70,0.7547919469105909,0.6142857142857143,0.8428571428571429,0.8809523809523809,0.7509939317848922,saved per-run metrics; empty fields indicate another schema; may include full-data/in-sample runs
stage2/aux_signal_experiments/results/G1_M1_geo/seed0/metrics.json,2026-09-26T08:13:40.035716+00:00,70,0.7461098901098902,0.6857142857142857,0.8285714285714286,0.8571428571428571,0.5835897435897436,saved per-run metrics; empty fields indicate another schema; may include full-data/in-sample runs
stage2/aux_signal_experiments/results/G1_M1_geo/seed1/metrics.json,2026-09-26T08:14:15.757478+00:00,70,0.6833563795577103,0.45714285714285713,0.8,0.8284313725490196,0.7939444911690496,saved per-run metrics; empty fields indicate another schema; may include full-data/in-sample runs
stage2/aux_signal_experiments/results/G2_NT_both_geo_bnd2/cv/fold0_seed0/metrics.json,2026-09-26T08:09:45.995160+00:00,70,0.7535473626070145,0.6,0.8857142857142857,0.8856209150326797,0.6713615023474178,saved per-run metrics; empty fields indicate another schema; may include full-data/in-sample runs
stage2/aux_signal_experiments/results/G2_NT_both_geo_bnd2/cv/fold0_seed1/metrics.json,2026-09-26T08:10:40.784931+00:00,70,0.7415410469107551,0.6142857142857143,0.8571428571428571,0.8273026315789473,0.6829710144927537,saved per-run metrics; empty fields indicate another schema; may include full-data/in-sample runs
stage2/aux_signal_experiments/results/G2_NT_both_geo_bnd2/cv/fold0_seed2/metrics.json,2026-09-26T08:12:37.278337+00:00,70,0.7416741427432217,0.5571428571428572,0.8714285714285714,0.898989898989899,0.712171052631579,saved per-run metrics; empty fields indicate another schema; may include full-data/in-sample runs
stage2/aux_signal_experiments/results/G2_NT_both_geo_bnd2/cv/fold1_seed0/metrics.json,2026-09-26T08:09:39.232053+00:00,70,0.7241195668997261,0.5857142857142857,0.7857142857142857,0.957134109001837,0.6703296703296704,saved per-run metrics; empty fields indicate another schema; may include full-data/in-sample runs
stage2/aux_signal_experiments/results/G2_NT_both_geo_bnd2/cv/fold1_seed1/metrics.json,2026-09-26T08:11:22.840193+00:00,70,0.7321114599686028,0.5714285714285714,0.8142857142857143,0.9142857142857143,0.7331240188383046,saved per-run metrics; empty fields indicate another schema; may include full-data/in-sample runs
stage2/aux_signal_experiments/results/G2_NT_both_geo_bnd2/cv/fold1_seed2/metrics.json,2026-09-26T08:12:46.310322+00:00,70,0.7412623019666569,0.5857142857142857,0.8285714285714286,0.957063995093028,0.6846846846846847,saved per-run metrics; empty fields indicate another schema; may include full-data/in-sample runs
stage2/aux_signal_experiments/results/G2_NT_both_geo_bnd2/cv/fold2_seed0/metrics.json,2026-09-26T08:10:04.074607+00:00,70,0.7478558306359899,0.5714285714285714,0.8285714285714286,0.957134109001837,0.7619047619047619,saved per-run metrics; empty fields indicate another schema; may include full-data/in-sample runs
stage2/aux_signal_experiments/results/G2_NT_both_geo_bnd2/cv/fold2_seed1/metrics.json,2026-09-26T08:11:42.394660+00:00,70,0.7502300150829562,0.6428571428571429,0.8,0.9714052287581699,0.6634615384615384,saved per-run metrics; empty fields indicate another schema; may include full-data/in-sample runs
stage2/aux_signal_experiments/results/G2_NT_both_geo_bnd2/cv/fold2_seed2/metrics.json,2026-09-26T08:13:02.051726+00:00,70,0.7006945702018283,0.5142857142857142,0.8142857142857143,0.9284399918217133,0.6428571428571428,saved per-run metrics; empty fields indicate another schema; may include full-data/in-sample runs
stage2/aux_signal_experiments/results/G2_NT_both_geo_bnd2/cv/fold3_seed0/metrics.json,2026-09-26T08:10:20.456257+00:00,70,0.7813059509283556,0.6142857142857143,0.9142857142857143,0.9421009098428452,0.6999387630128597,saved per-run metrics; empty fields indicate another schema; may include full-data/in-sample runs
stage2/aux_signal_experiments/results/G2_NT_both_geo_bnd2/cv/fold3_seed1/metrics.json,2026-09-26T08:11:40.774643+00:00,70,0.7636694481163252,0.6428571428571429,0.8714285714285714,0.9125000000000001,0.6452963207755013,saved per-run metrics; empty fields indicate another schema; may include full-data/in-sample runs
stage2/aux_signal_experiments/results/G2_NT_both_geo_bnd2/cv/fold3_seed2/metrics.json,2026-09-26T08:13:35.180671+00:00,70,0.7434295705920625,0.5714285714285714,0.8571428571428571,0.9416666666666667,0.6811971372804164,saved per-run metrics; empty fields indicate another schema; may include full-data/in-sample runs
stage2/aux_signal_experiments/results/G2_NT_both_geo_bnd2/cv/fold4_seed0/metrics.json,2026-09-26T08:10:39.082968+00:00,69,0.7321946169772255,0.6376811594202898,0.7971014492753623,0.8985507246376812,0.6349206349206349,saved per-run metrics; empty fields indicate another schema; may include full-data/in-sample runs
stage2/aux_signal_experiments/results/G2_NT_both_geo_bnd2/cv/fold4_seed1/metrics.json,2026-09-26T08:12:03.473971+00:00,69,0.7014505056470066,0.5652173913043478,0.782608695652174,0.8535653650254669,0.6778438030560272,saved per-run metrics; empty fields indicate another schema; may include full-data/in-sample runs
stage2/aux_signal_experiments/results/G2_NT_both_geo_bnd2/cv/fold4_seed2/metrics.json,2026-09-26T08:13:30.205233+00:00,69,0.710791717566671,0.5942028985507246,0.7971014492753623,0.8691253951527924,0.623109243697479,saved per-run metrics; empty fields indicate another schema; may include full-data/in-sample runs
stage2/aux_signal_experiments/results/G2_NT_both_geo_bnd2/seed0/metrics.json,2026-09-26T08:08:38.625739+00:00,70,0.7482142857142856,0.6285714285714286,0.8285714285714286,0.8857142857142857,0.7023809523809523,saved per-run metrics; empty fields indicate another schema; may include full-data/in-sample runs
stage2/aux_signal_experiments/results/G2_NT_both_geo_bnd2/seed1/metrics.json,2026-09-26T08:08:57.434203+00:00,70,0.7160335272504592,0.5857142857142857,0.8285714285714286,0.9285568483363952,0.5449999999999999,saved per-run metrics; empty fields indicate another schema; may include full-data/in-sample runs
stage2/aux_signal_experiments/results/H4_both_hr/cv/fold0_seed0/metrics.json,2026-09-26T09:43:36.052321+00:00,70,0.7354339367440983,0.5857142857142857,0.8428571428571429,0.8998159885503987,0.6697435897435897,saved per-run metrics; empty fields indicate another schema; may include full-data/in-sample runs
stage2/aux_signal_experiments/results/H4_both_hr/cv/fold0_seed1/metrics.json,2026-09-26T10:09:05.114161+00:00,70,0.7640468126092335,0.6142857142857143,0.8857142857142857,0.9428104575163399,0.6508349598785512,saved per-run metrics; empty fields indicate another schema; may include full-data/in-sample runs
stage2/aux_signal_experiments/results/H4_both_hr/cv/fold0_seed2/metrics.json,2026-09-26T10:16:21.283005+00:00,70,0.7310264846056168,0.5571428571428572,0.9,0.8856209150326797,0.5878889823380993,saved per-run metrics; empty fields indicate another schema; may include full-data/in-sample runs
stage2/aux_signal_experiments/results/H4_both_hr/cv/fold1_seed0/metrics.json,2026-09-26T09:51:44.561099+00:00,70,0.717133671594786,0.5857142857142857,0.7714285714285715,0.9142857142857143,0.6999387630128597,saved per-run metrics; empty fields indicate another schema; may include full-data/in-sample runs
stage2/aux_signal_experiments/results/H4_both_hr/cv/fold1_seed1/metrics.json,2026-09-26T10:04:38.492331+00:00,70,0.7049118220489188,0.5428571428571428,0.8142857142857143,0.8511904761904762,0.6815550041356493,saved per-run metrics; empty fields indicate another schema; may include full-data/in-sample runs
stage2/aux_signal_experiments/results/H4_both_hr/cv/fold1_seed2/metrics.json,2026-09-26T10:18:24.761146+00:00,70,0.6681918016194333,0.5,0.7428571428571429,0.8848684210526316,0.6697435897435897,saved per-run metrics; empty fields indicate another schema; may include full-data/in-sample runs
stage2/aux_signal_experiments/results/H4_both_hr/cv/fold2_seed0/metrics.json,2026-09-26T09:57:51.960764+00:00,70,0.7016577588549687,0.5428571428571428,0.8,0.9142857142857143,0.6300993447474107,saved per-run metrics; empty fields indicate another schema; may include full-data/in-sample runs
stage2/aux_signal_experiments/results/H4_both_hr/cv/fold2_seed1/metrics.json,2026-09-26T10:10:16.062307+00:00,70,0.6988188478188477,0.5142857142857142,0.7857142857142857,0.8707692307692307,0.7546897546897546,saved per-run metrics; empty fields indicate another schema; may include full-data/in-sample runs
stage2/aux_signal_experiments/results/H4_both_hr/cv/fold3_seed0/metrics.json,2026-09-26T09:53:40.975226+00:00,70,0.731003147072226,0.5714285714285714,0.8142857142857143,0.9278499278499278,0.712171052631579,saved per-run metrics; empty fields indicate another schema; may include full-data/in-sample runs
stage2/aux_signal_experiments/results/H4_both_hr/cv/fold3_seed1/metrics.json,2026-09-26T10:12:01.763906+00:00,70,0.7375988225399496,0.5428571428571428,0.8714285714285714,0.911690496215307,0.7056349873843566,saved per-run metrics; empty fields indicate another schema; may include full-data/in-sample runs
stage2/aux_signal_experiments/results/H4_both_hr/cv/fold4_seed0/metrics.json,2026-09-26T10:00:00.999402+00:00,69,0.6810339004069167,0.5652173913043478,0.7536231884057971,0.9125844594594594,0.5503468572629808,saved per-run metrics; empty fields indicate another schema; may include full-data/in-sample runs
stage2/aux_signal_experiments/results/H4_both_hr/cv/fold4_seed1/metrics.json,2026-09-26T10:26:14.613982+00:00,69,0.7206377237794875,0.6666666666666666,0.7391304347826086,0.8677879497551628,0.6562703053931124,saved per-run metrics; empty fields indicate another schema; may include full-data/in-sample runs
stage2/aux_signal_experiments/results/H4_both_hr/seed0/metrics.json,2026-09-26T09:44:36.634142+00:00,70,0.7104237599510104,0.5857142857142857,0.8142857142857143,0.8428250663400694,0.6266666666666667,saved per-run metrics; empty fields indicate another schema; may include full-data/in-sample runs
stage2/aux_signal_experiments/results/H4_both_hr/seed1/metrics.json,2026-09-26T09:44:11.776714+00:00,70,0.6997527600396657,0.5,0.8142857142857143,0.8998159885503987,0.698535745047373,saved per-run metrics; empty fields indicate another schema; may include full-data/in-sample runs
stage2/aux_signal_experiments/results/L1_cat4/cv/fold0_seed0/metrics.json,2026-09-26T06:46:45.644798+00:00,70,0.7201534446607029,0.5714285714285714,0.8142857142857143,0.9284399918217133,0.6392496392496392,saved per-run metrics; empty fields indicate another schema; may include full-data/in-sample runs
stage2/aux_signal_experiments/results/L1_cat4/cv/fold0_seed1/metrics.json,2026-09-26T06:46:59.789983+00:00,70,0.7037091251498031,0.5428571428571428,0.7857142857142857,0.898989898989899,0.692404268675455,saved per-run metrics; empty fields indicate another schema; may include full-data/in-sample runs
stage2/aux_signal_experiments/results/L1_cat4/cv/fold0_seed2/metrics.json,2026-09-26T06:47:41.570250+00:00,70,0.7282438292060003,0.5285714285714286,0.8428571428571429,0.914004914004914,0.740953947368421,saved per-run metrics; empty fields indicate another schema; may include full-data/in-sample runs
stage2/aux_signal_experiments/results/L1_cat4/cv/fold1_seed0/metrics.json,2026-09-26T06:46:31.550334+00:00,70,0.7226850227919307,0.6142857142857143,0.7285714285714285,0.971217105263158,0.7133497133497133,saved per-run metrics; empty fields indicate another schema; may include full-data/in-sample runs
stage2/aux_signal_experiments/results/L1_cat4/cv/fold1_seed1/metrics.json,2026-09-26T06:46:15.797328+00:00,70,0.6878343489398068,0.5714285714285714,0.7,0.9426699426699428,0.6762257169287696,saved per-run metrics; empty fields indicate another schema; may include full-data/in-sample runs
stage2/aux_signal_experiments/results/L1_cat4/cv/fold1_seed2/metrics.json,2026-09-26T06:47:59.429964+00:00,70,0.7129761737826253,0.6142857142857143,0.7142857142857143,0.9426699426699428,0.7105045492142266,saved per-run metrics; empty fields indicate another schema; may include full-data/in-sample runs
stage2/aux_signal_experiments/results/L1_cat4/cv/fold2_seed0/metrics.json,2026-09-26T06:46:16.404029+00:00,70,0.6751452133599731,0.5571428571428572,0.7142857142857143,0.8711919852790839,0.6631094371207366,saved per-run metrics; empty fields indicate another schema; may include full-data/in-sample runs
stage2/aux_signal_experiments/results/L1_cat4/cv/fold2_seed1/metrics.json,2026-09-26T06:46:24.658938+00:00,70,0.6946643356643356,0.5142857142857142,0.7285714285714285,0.9856410256410257,0.7454545454545455,saved per-run metrics; empty fields indicate another schema; may include full-data/in-sample runs
stage2/aux_signal_experiments/results/L1_cat4/cv/fold2_seed2/metrics.json,2026-09-26T06:47:41.342724+00:00,70,0.7407391698560166,0.6571428571428571,0.7571428571428571,0.957063995093028,0.6811971372804164,saved per-run metrics; empty fields indicate another schema; may include full-data/in-sample runs
stage2/aux_signal_experiments/results/L1_cat4/cv/fold3_seed0/metrics.json,2026-09-26T06:46:23.796969+00:00,70,0.7265750030037247,0.5142857142857142,0.8571428571428571,0.911690496215307,0.7321428571428572,saved per-run metrics; empty fields indicate another schema; may include full-data/in-sample runs
stage2/aux_signal_experiments/results/L1_cat4/cv/fold3_seed1/metrics.json,2026-09-26T06:47:27.274442+00:00,70,0.6955130705766298,0.5142857142857142,0.8,0.897468089558485,0.6726190476190477,saved per-run metrics; empty fields indicate another schema; may include full-data/in-sample runs
stage2/aux_signal_experiments/results/L1_cat4/cv/fold3_seed2/metrics.json,2026-09-26T06:47:51.896686+00:00,70,0.7017530664717461,0.5,0.8142857142857143,0.913151364764268,0.698535745047373,saved per-run metrics; empty fields indicate another schema; may include full-data/in-sample runs
stage2/aux_signal_experiments/results/L1_cat4/cv/fold4_seed0/metrics.json,2026-09-26T06:46:17.719617+00:00,69,0.6743547859586808,0.5797101449275363,0.7101449275362319,0.8667667882428662,0.6192699490662139,saved per-run metrics; empty fields indicate another schema; may include full-data/in-sample runs
stage2/aux_signal_experiments/results/L1_cat4/cv/fold4_seed1/metrics.json,2026-09-26T06:47:28.417819+00:00,69,0.6757290260169632,0.5942028985507246,0.7101449275362319,0.8090270385352353,0.652354874041621,saved per-run metrics; empty fields indicate another schema; may include full-data/in-sample runs
stage2/aux_signal_experiments/results/L1_cat4/cv/fold4_seed2/metrics.json,2026-09-26T06:47:48.481589+00:00,69,0.7132318679727839,0.6521739130434783,0.7101449275362319,0.8977777777777778,0.6783573806881242,saved per-run metrics; empty fields indicate another schema; may include full-data/in-sample runs
stage2/aux_signal_experiments/results/L1_cat4/seed0/metrics.json,2026-09-26T06:47:04.994180+00:00,70,0.7264152319003898,0.6,0.8285714285714286,0.8711919852790839,0.6382428940568475,saved per-run metrics; empty fields indicate another schema; may include full-data/in-sample runs
stage2/aux_signal_experiments/results/L1_cat4/seed1/metrics.json,2026-09-26T06:46:17.786030+00:00,70,0.697699051111543,0.5428571428571428,0.7857142857142857,0.8701298701298701,0.6811971372804164,saved per-run metrics; empty fields indicate another schema; may include full-data/in-sample runs
stage2/aux_signal_experiments/results/L2_ord/cv/fold0_seed0/metrics.json,2026-09-26T06:50:10.268547+00:00,70,0.6997450657119978,0.5285714285714286,0.7857142857142857,0.9285568483363952,0.6697435897435897,saved per-run metrics; empty fields indicate another schema; may include full-data/in-sample runs
stage2/aux_signal_experiments/results/L2_ord/cv/fold0_seed1/metrics.json,2026-09-26T06:49:38.489836+00:00,70,0.7160674919079695,0.5571428571428572,0.8142857142857143,0.8714023270055113,0.7023809523809523,saved per-run metrics; empty fields indicate another schema; may include full-data/in-sample runs
stage2/aux_signal_experiments/results/L2_ord/cv/fold0_seed2/metrics.json,2026-09-26T06:51:25.604734+00:00,70,0.7397302758578571,0.5857142857142857,0.8428571428571429,0.8701298701298701,0.7280719689225107,saved per-run metrics; empty fields indicate another schema; may include full-data/in-sample runs
stage2/aux_signal_experiments/results/L2_ord/cv/fold1_seed0/metrics.json,2026-09-26T06:49:45.113804+00:00,70,0.6792641551002423,0.6,0.6714285714285714,0.8856209150326797,0.6761401189689359,saved per-run metrics; empty fields indicate another schema; may include full-data/in-sample runs
stage2/aux_signal_experiments/results/L2_ord/cv/fold1_seed1/metrics.json,2026-09-26T06:50:05.443834+00:00,70,0.7162740837317109,0.5714285714285714,0.7428571428571429,0.9282051282051282,0.7802887633396107,saved per-run metrics; empty fields indicate another schema; may include full-data/in-sample runs
stage2/aux_signal_experiments/results/L2_ord/cv/fold1_seed2/metrics.json,2026-09-26T06:51:57.702404+00:00,70,0.7328407871198568,0.6142857142857143,0.7571428571428571,0.956923076923077,0.7286821705426356,saved per-run metrics; empty fields indicate another schema; may include full-data/in-sample runs
stage2/aux_signal_experiments/results/L2_ord/cv/fold2_seed0/metrics.json,2026-09-26T06:50:17.744811+00:00,70,0.6910674919079696,0.5571428571428572,0.7428571428571429,0.8714023270055113,0.7023809523809523,saved per-run metrics; empty fields indicate another schema; may include full-data/in-sample runs
stage2/aux_signal_experiments/results/L2_ord/cv/fold2_seed1/metrics.json,2026-09-26T06:50:11.103204+00:00,70,0.7041049558218878,0.5857142857142857,0.7142857142857143,0.9285568483363952,0.7321428571428572,saved per-run metrics; empty fields indicate another schema; may include full-data/in-sample runs
stage2/aux_signal_experiments/results/L2_ord/cv/fold2_seed2/metrics.json,2026-09-26T06:51:28.187843+00:00,70,0.6904814766444647,0.5571428571428572,0.7571428571428571,0.913151364764268,0.623391812865497,saved per-run metrics; empty fields indicate another schema; may include full-data/in-sample runs
stage2/aux_signal_experiments/results/L2_ord/cv/fold3_seed0/metrics.json,2026-09-26T06:50:05.358337+00:00,70,0.7400657894736842,0.6,0.8428571428571429,0.9125000000000001,0.6546052631578947,saved per-run metrics; empty fields indicate another schema; may include full-data/in-sample runs
stage2/aux_signal_experiments/results/L2_ord/cv/fold3_seed1/metrics.json,2026-09-26T06:51:38.483852+00:00,70,0.7111800699300699,0.5571428571428572,0.8,0.9416666666666667,0.6328671328671329,saved per-run metrics; empty fields indicate another schema; may include full-data/in-sample runs
stage2/aux_signal_experiments/results/L2_ord/cv/fold3_seed2/metrics.json,2026-09-26T06:51:38.655570+00:00,70,0.7139752157755933,0.5285714285714286,0.8571428571428571,0.9125000000000001,0.6140014385039558,saved per-run metrics; empty fields indicate another schema; may include full-data/in-sample runs
stage2/aux_signal_experiments/results/L2_ord/cv/fold4_seed0/metrics.json,2026-09-26T06:50:21.156640+00:00,69,0.709600074830867,0.6956521739130435,0.6811594202898551,0.8525641025641026,0.6655426765015806,saved per-run metrics; empty fields indicate another schema; may include full-data/in-sample runs
stage2/aux_signal_experiments/results/L2_ord/cv/fold4_seed1/metrics.json,2026-09-26T06:51:08.183433+00:00,69,0.6740699034865534,0.5797101449275363,0.6811594202898551,0.8840336134453781,0.667736757624398,saved per-run metrics; empty fields indicate another schema; may include full-data/in-sample runs
stage2/aux_signal_experiments/results/L2_ord/cv/fold4_seed2/metrics.json,2026-09-26T06:51:37.156660+00:00,69,0.7188510009546146,0.6956521739130435,0.7246376811594203,0.8982086406743941,0.5801217038539555,saved per-run metrics; empty fields indicate another schema; may include full-data/in-sample runs
stage2/aux_signal_experiments/results/L2_ord/seed0/metrics.json,2026-09-26T06:50:26.974000+00:00,70,0.716256139651047,0.5714285714285714,0.8428571428571429,0.8998159885503987,0.5752249424565808,saved per-run metrics; empty fields indicate another schema; may include full-data/in-sample runs
stage2/aux_signal_experiments/results/L2_ord/seed1/metrics.json,2026-09-26T06:50:25.520936+00:00,70,0.6925853490508267,0.5285714285714286,0.7857142857142857,0.8714023270055113,0.6791666666666667,saved per-run metrics; empty fields indicate another schema; may include full-data/in-sample runs
stage2/aux_signal_experiments/results/L3_cat4_tr/cv/fold1_seed0/metrics.json,2026-09-26T06:54:07.807541+00:00,70,0.6696428571428571,0.6142857142857143,0.6571428571428571,0.9142857142857143,0.5833333333333333,saved per-run metrics; empty fields indicate another schema; may include full-data/in-sample runs
stage2/aux_signal_experiments/results/L3_cat4_tr/cv/fold1_seed1/metrics.json,2026-09-26T06:53:45.308883+00:00,70,0.6917293901440242,0.6,0.7285714285714285,0.9426699426699428,0.568859324956886,saved per-run metrics; empty fields indicate another schema; may include full-data/in-sample runs
stage2/aux_signal_experiments/results/L3_cat4_tr/cv/fold1_seed2/metrics.json,2026-09-26T06:58:39.914531+00:00,70,0.69210020204177,0.6285714285714286,0.6571428571428571,0.971217105263158,0.6427842416819759,saved per-run metrics; empty fields indicate another schema; may include full-data/in-sample runs
stage2/aux_signal_experiments/results/L3_cat4_tr/cv/fold2_seed1/metrics.json,2026-09-26T06:57:12.125543+00:00,70,0.6922684458398745,0.5571428571428572,0.7428571428571429,0.9428571428571428,0.6389324960753533,saved per-run metrics; empty fields indicate another schema; may include full-data/in-sample runs
stage2/aux_signal_experiments/results/L3_cat4_tr/cv/fold2_seed2/metrics.json,2026-09-26T06:58:21.284815+00:00,70,0.7078786627010355,0.5857142857142857,0.7571428571428571,0.9714052287581699,0.6144525225820665,saved per-run metrics; empty fields indicate another schema; may include full-data/in-sample runs
stage2/aux_signal_experiments/results/L3_cat4_tr/cv/fold3_seed1/metrics.json,2026-09-26T06:57:26.320109+00:00,70,0.7138583713583713,0.5571428571428572,0.8142857142857143,0.8566748566748568,0.7023809523809523,saved per-run metrics; empty fields indicate another schema; may include full-data/in-sample runs
stage2/aux_signal_experiments/results/L3_cat4_tr/cv/fold3_seed2/metrics.json,2026-09-26T06:58:33.961491+00:00,70,0.6934874716346382,0.5571428571428572,0.7285714285714285,0.911690496215307,0.7115593146822815,saved per-run metrics; empty fields indicate another schema; may include full-data/in-sample runs
stage2/aux_signal_experiments/results/L3_cat4_tr/cv/fold4_seed2/metrics.json,2026-09-26T06:58:20.549633+00:00,69,0.685163520210655,0.6086956521739131,0.6811594202898551,0.8393650793650793,0.7187298862904956,saved per-run metrics; empty fields indicate another schema; may include full-data/in-sample runs
stage2/aux_signal_experiments/results/L3_cat4_tr/seed1/metrics.json,2026-09-26T06:53:44.854810+00:00,70,0.7145637663020805,0.5857142857142857,0.8142857142857143,0.8856209150326797,0.6114708603145236,saved per-run metrics; empty fields indicate another schema; may include full-data/in-sample runs
stage2/aux_signal_experiments/results/M0_global/cv/fold0_seed0/metrics.json,2026-09-26T06:58:35.616943+00:00,70,0.7505717510630812,0.6285714285714286,0.8,0.9285568483363952,0.7419214920841466,saved per-run metrics; empty fields indicate another schema; may include full-data/in-sample runs
stage2/aux_signal_experiments/results/M0_global/cv/fold0_seed1/metrics.json,2026-09-26T06:42:05.994279+00:00,70,0.7547527600396656,0.6285714285714286,0.8428571428571429,0.8998159885503987,0.698535745047373,saved per-run metrics; empty fields indicate another schema; may include full-data/in-sample runs
stage2/aux_signal_experiments/results/M0_global/cv/fold0_seed2/metrics.json,2026-09-26T06:43:13.685707+00:00,70,0.7202988677988678,0.6,0.8,0.8412698412698412,0.6940559440559441,saved per-run metrics; empty fields indicate another schema; may include full-data/in-sample runs
stage2/aux_signal_experiments/results/M0_global/cv/fold1_seed0/metrics.json,2026-09-26T06:42:17.072978+00:00,70,0.7257077246085207,0.6142857142857143,0.7428571428571429,0.8857142857142857,0.7856705450091855,saved per-run metrics; empty fields indicate another schema; may include full-data/in-sample runs
stage2/aux_signal_experiments/results/M0_global/cv/fold1_seed1/metrics.json,2026-09-26T06:42:52.698407+00:00,70,0.7456651876355439,0.7,0.7285714285714285,0.9428104575163399,0.6949574600539531,saved per-run metrics; empty fields indicate another schema; may include full-data/in-sample runs
stage2/aux_signal_experiments/results/M0_global/cv/fold1_seed2/metrics.json,2026-09-26T06:44:00.726234+00:00,70,0.7211808531575973,0.6,0.7571428571428571,0.9426699426699428,0.698535745047373,saved per-run metrics; empty fields indicate another schema; may include full-data/in-sample runs
stage2/aux_signal_experiments/results/M0_global/cv/fold2_seed0/metrics.json,2026-09-26T06:42:45.137434+00:00,70,0.6573544446219621,0.5428571428571428,0.6714285714285714,0.9285568483363952,0.6204727824766862,saved per-run metrics; empty fields indicate another schema; may include full-data/in-sample runs
stage2/aux_signal_experiments/results/M0_global/cv/fold2_seed1/metrics.json,2026-09-26T06:42:03.264514+00:00,70,0.6798218061008757,0.5,0.7571428571428571,0.8701298701298701,0.7286821705426356,saved per-run metrics; empty fields indicate another schema; may include full-data/in-sample runs
stage2/aux_signal_experiments/results/M0_global/cv/fold2_seed2/metrics.json,2026-09-26T06:43:56.268383+00:00,70,0.6407042493854671,0.5,0.6857142857142857,0.9285568483363952,0.576138147566719,saved per-run metrics; empty fields indicate another schema; may include full-data/in-sample runs
stage2/aux_signal_experiments/results/M0_global/cv/fold3_seed0/metrics.json,2026-09-26T06:42:46.411597+00:00,70,0.7088802729528535,0.5714285714285714,0.7714285714285715,0.8842018196856907,0.7083333333333333,saved per-run metrics; empty fields indicate another schema; may include full-data/in-sample runs
stage2/aux_signal_experiments/results/M0_global/cv/fold3_seed1/metrics.json,2026-09-26T06:41:53.553134+00:00,70,0.6943461538461537,0.4714285714285714,0.8714285714285714,0.8833333333333333,0.6123076923076923,saved per-run metrics; empty fields indicate another schema; may include full-data/in-sample runs
stage2/aux_signal_experiments/results/M0_global/cv/fold3_seed2/metrics.json,2026-09-26T06:43:43.139579+00:00,70,0.7328655618574973,0.6142857142857143,0.8,0.913151364764268,0.6726190476190477,saved per-run metrics; empty fields indicate another schema; may include full-data/in-sample runs
stage2/aux_signal_experiments/results/M0_global/cv/fold4_seed0/metrics.json,2026-09-26T06:58:34.063269+00:00,69,0.6629561766735679,0.5797101449275363,0.6956521739130435,0.8393650793650793,0.6044973544973544,saved per-run metrics; empty fields indicate another schema; may include full-data/in-sample runs
stage2/aux_signal_experiments/results/M0_global/cv/fold4_seed1/metrics.json,2026-09-26T06:42:35.606355+00:00,69,0.7112940880603923,0.6231884057971014,0.7391304347826086,0.9128787878787878,0.6503378378378378,saved per-run metrics; empty fields indicate another schema; may include full-data/in-sample runs
stage2/aux_signal_experiments/results/M0_global/cv/fold4_seed2/metrics.json,2026-09-26T06:43:23.598354+00:00,69,0.6902711104156887,0.6086956521739131,0.7246376811594203,0.8685714285714285,0.6221248630887185,saved per-run metrics; empty fields indicate another schema; may include full-data/in-sample runs
stage2/aux_signal_experiments/results/M0_global/seed0/metrics.json,2026-09-26T06:42:09.196370+00:00,70,0.7394471744471742,0.6857142857142857,0.7857142857142857,0.7993447993447993,0.696969696969697,saved per-run metrics; empty fields indicate another schema; may include full-data/in-sample runs
stage2/aux_signal_experiments/results/M0_global/seed1/metrics.json,2026-09-26T06:42:04.483771+00:00,70,0.6909706644974325,0.5285714285714286,0.7571428571428571,0.8994871794871795,0.7069839171623706,saved per-run metrics; empty fields indicate another schema; may include full-data/in-sample runs
stage2/aux_signal_experiments/results/M1_both/cv/fold0_seed0/metrics.json,2026-09-26T06:57:53.199610+00:00,70,0.7735755112655481,0.6428571428571429,0.8857142857142857,0.8848684210526316,0.7056349873843566,saved per-run metrics; empty fields indicate another schema; may include full-data/in-sample runs
stage2/aux_signal_experiments/results/M1_both/cv/fold0_seed1/metrics.json,2026-09-26T07:07:16.711242+00:00,70,0.7499259644565248,0.5857142857142857,0.8285714285714286,0.9428104575163399,0.7566959721938253,saved per-run metrics; empty fields indicate another schema; may include full-data/in-sample runs
stage2/aux_signal_experiments/results/M1_both/cv/fold0_seed2/metrics.json,2026-09-26T07:16:56.694856+00:00,70,0.7494024861054123,0.5714285714285714,0.8571428571428571,0.9142156862745098,0.7484675544282393,saved per-run metrics; empty fields indicate another schema; may include full-data/in-sample runs
stage2/aux_signal_experiments/results/M1_both/cv/fold0_seed3/metrics.json,2026-09-26T07:41:06.615347+00:00,70,0.7364215979453982,0.5714285714285714,0.8714285714285714,0.8273026315789473,0.7155080213903744,saved per-run metrics; empty fields indicate another schema; may include full-data/in-sample runs
stage2/aux_signal_experiments/results/M1_both/cv/fold1_seed0/metrics.json,2026-09-26T06:57:50.232833+00:00,70,0.7312018577423353,0.6142857142857143,0.8571428571428571,0.8856209150326797,0.5557248032495558,saved per-run metrics; empty fields indicate another schema; may include full-data/in-sample runs
stage2/aux_signal_experiments/results/M1_both/cv/fold1_seed1/metrics.json,2026-09-26T07:12:16.963815+00:00,70,0.7549702241253695,0.6285714285714286,0.8428571428571429,0.9284399918217133,0.6713615023474178,saved per-run metrics; empty fields indicate another schema; may include full-data/in-sample runs
stage2/aux_signal_experiments/results/M1_both/cv/fold1_seed2/metrics.json,2026-09-26T07:17:33.332955+00:00,70,0.7381554658297931,0.6428571428571429,0.7571428571428571,0.9428104575163399,0.7115593146822815,saved per-run metrics; empty fields indicate another schema; may include full-data/in-sample runs
stage2/aux_signal_experiments/results/M1_both/cv/fold1_seed3/metrics.json,2026-09-26T07:40:56.550836+00:00,70,0.7594524564068114,0.6428571428571429,0.8285714285714286,0.957063995093028,0.6726190476190477,saved per-run metrics; empty fields indicate another schema; may include full-data/in-sample runs
stage2/aux_signal_experiments/results/M1_both/cv/fold2_seed0/metrics.json,2026-09-26T07:02:37.929312+00:00,70,0.7269093744093744,0.6,0.8,0.8853398853398853,0.6940559440559441,saved per-run metrics; empty fields indicate another schema; may include full-data/in-sample runs
stage2/aux_signal_experiments/results/M1_both/cv/fold2_seed1/metrics.json,2026-09-26T07:12:33.064532+00:00,70,0.7302395904534063,0.5571428571428572,0.8142857142857143,0.9424342105263157,0.7258297258297258,saved per-run metrics; empty fields indicate another schema; may include full-data/in-sample runs
stage2/aux_signal_experiments/results/M1_both/cv/fold2_seed2/metrics.json,2026-09-26T07:17:10.693577+00:00,70,0.7056087505870403,0.5428571428571428,0.7714285714285715,0.9424342105263157,0.6949574600539531,saved per-run metrics; empty fields indicate another schema; may include full-data/in-sample runs
stage2/aux_signal_experiments/results/M1_both/cv/fold2_seed3/metrics.json,2026-09-26T07:41:14.707225+00:00,70,0.712318605544412,0.5142857142857142,0.8,0.9426699426699428,0.7394540942928041,saved per-run metrics; empty fields indicate another schema; may include full-data/in-sample runs
stage2/aux_signal_experiments/results/M1_both/cv/fold3_seed0/metrics.json,2026-09-26T06:57:57.212870+00:00,70,0.7317766749379652,0.5142857142857142,0.8857142857142857,0.9421009098428452,0.6697435897435897,saved per-run metrics; empty fields indicate another schema; may include full-data/in-sample runs
stage2/aux_signal_experiments/results/M1_both/cv/fold3_seed1/metrics.json,2026-09-26T07:15:02.479897+00:00,70,0.7310414157726383,0.5857142857142857,0.8428571428571429,0.896427816529275,0.6438482886216466,saved per-run metrics; empty fields indicate another schema; may include full-data/in-sample runs
stage2/aux_signal_experiments/results/M1_both/cv/fold3_seed2/metrics.json,2026-09-26T07:16:57.804982+00:00,70,0.7489914920107906,0.6285714285714286,0.8285714285714286,0.9273708238223698,0.665905789582901,saved per-run metrics; empty fields indicate another schema; may include full-data/in-sample runs
stage2/aux_signal_experiments/results/M1_both/cv/fold4_seed0/metrics.json,2026-09-26T07:01:48.779183+00:00,69,0.6847628449387602,0.5797101449275363,0.7681159420289855,0.8834459459459459,0.5367121507472384,saved per-run metrics; empty fields indicate another schema; may include full-data/in-sample runs
stage2/aux_signal_experiments/results/M1_both/cv/fold4_seed1/metrics.json,2026-09-26T07:14:18.772945+00:00,69,0.6745001781550037,0.5507246376811594,0.7246376811594203,0.8834459459459459,0.6373764977927265,saved per-run metrics; empty fields indicate another schema; may include full-data/in-sample runs
stage2/aux_signal_experiments/results/M1_both/cv/fold4_seed2/metrics.json,2026-09-26T07:18:50.452691+00:00,69,0.6913286730159287,0.5942028985507246,0.7246376811594203,0.8838383838383839,0.6477247502774695,saved per-run metrics; empty fields indicate another schema; may include full-data/in-sample runs
stage2/aux_signal_experiments/results/M1_both/seed0/metrics.json,2026-09-26T06:59:55.135880+00:00,70,0.7232182080673356,0.6,0.8285714285714286,0.8428250663400694,0.6452963207755013,saved per-run metrics; empty fields indicate another schema; may include full-data/in-sample runs
stage2/aux_signal_experiments/results/M1_both/seed1/metrics.json,2026-09-26T06:58:44.955851+00:00,70,0.7109513982779478,0.5571428571428572,0.8142857142857143,0.9282051282051282,0.6114708603145236,saved per-run metrics; empty fields indicate another schema; may include full-data/in-sample runs
stage2/aux_signal_experiments/results/M1_both/seed2/metrics.json,2026-09-26T07:40:17.433434+00:00,70,0.7121073692204339,0.5285714285714286,0.8571428571428571,0.8711919852790839,0.6428571428571428,saved per-run metrics; empty fields indicate another schema; may include full-data/in-sample runs
stage2/aux_signal_experiments/results/M1_both/seed3/metrics.json,2026-09-26T07:41:12.414311+00:00,70,0.7026221821324257,0.5571428571428572,0.7857142857142857,0.8999795876709533,0.6508349598785512,saved per-run metrics; empty fields indicate another schema; may include full-data/in-sample runs
stage2/aux_signal_experiments/results/M2_residual/cv/fold0_seed0/metrics.json,2026-09-26T07:36:29.797579+00:00,70,0.741253070789362,0.6142857142857143,0.8428571428571429,0.8994871794871795,0.6421999591085668,saved per-run metrics; empty fields indicate another schema; may include full-data/in-sample runs
stage2/aux_signal_experiments/results/M2_residual/cv/fold0_seed1/metrics.json,2026-09-26T07:38:14.198694+00:00,70,0.7283186813186814,0.5714285714285714,0.8428571428571429,0.8857142857142857,0.6697435897435897,saved per-run metrics; empty fields indicate another schema; may include full-data/in-sample runs
stage2/aux_signal_experiments/results/M2_residual/cv/fold0_seed2/metrics.json,2026-09-26T07:40:09.170423+00:00,70,0.7441208500982311,0.6285714285714286,0.8142857142857143,0.8701298701298701,0.7240091305250052,saved per-run metrics; empty fields indicate another schema; may include full-data/in-sample runs
stage2/aux_signal_experiments/results/M2_residual/cv/fold1_seed0/metrics.json,2026-09-26T07:36:57.023539+00:00,70,0.7271714859290263,0.6142857142857143,0.7428571428571429,0.957134109001837,0.7240091305250052,saved per-run metrics; empty fields indicate another schema; may include full-data/in-sample runs
stage2/aux_signal_experiments/results/M2_residual/cv/fold1_seed1/metrics.json,2026-09-26T07:38:47.210899+00:00,70,0.7311056235733554,0.6,0.8428571428571429,0.9273708238223698,0.5800000000000001,saved per-run metrics; empty fields indicate another schema; may include full-data/in-sample runs
stage2/aux_signal_experiments/results/M2_residual/cv/fold2_seed0/metrics.json,2026-09-26T07:37:28.110989+00:00,70,0.7157072829131652,0.5714285714285714,0.8,0.9428104575163399,0.6285714285714286,saved per-run metrics; empty fields indicate another schema; may include full-data/in-sample runs
stage2/aux_signal_experiments/results/M2_residual/cv/fold2_seed1/metrics.json,2026-09-26T07:39:51.465503+00:00,70,0.6869753483231102,0.5857142857142857,0.7,0.8111641419381614,0.7686715135492399,saved per-run metrics; empty fields indicate another schema; may include full-data/in-sample runs
stage2/aux_signal_experiments/results/M2_residual/cv/fold3_seed0/metrics.json,2026-09-26T07:36:56.980384+00:00,70,0.7328504441767837,0.5285714285714286,0.8857142857142857,0.971217105263158,0.6144525225820665,saved per-run metrics; empty fields indicate another schema; may include full-data/in-sample runs
stage2/aux_signal_experiments/results/M2_residual/cv/fold3_seed1/metrics.json,2026-09-26T07:39:36.884752+00:00,70,0.6825522085649616,0.44285714285714284,0.9142857142857143,0.788975021533161,0.5947063688999172,saved per-run metrics; empty fields indicate another schema; may include full-data/in-sample runs
stage2/aux_signal_experiments/results/M2_residual/cv/fold4_seed0/metrics.json,2026-09-26T07:37:09.738194+00:00,69,0.7239189941500259,0.6811594202898551,0.7246376811594203,0.8982086406743941,0.6477247502774695,saved per-run metrics; empty fields indicate another schema; may include full-data/in-sample runs
stage2/aux_signal_experiments/results/M2_residual/cv/fold4_seed1/metrics.json,2026-09-26T07:39:47.567568+00:00,69,0.700468520609825,0.5797101449275363,0.782608695652174,0.8685714285714285,0.6224747474747474,saved per-run metrics; empty fields indicate another schema; may include full-data/in-sample runs
stage2/aux_signal_experiments/results/M2_residual/seed0/metrics.json,2026-09-26T07:36:47.524364+00:00,70,0.7532516577091214,0.6714285714285714,0.8571428571428571,0.8714023270055113,0.5836087243886319,saved per-run metrics; empty fields indicate another schema; may include full-data/in-sample runs
stage2/aux_signal_experiments/results/M2_residual/seed1/metrics.json,2026-09-26T07:36:17.357890+00:00,70,0.7517308353529852,0.6285714285714286,0.8285714285714286,0.8999795876709533,0.7115593146822815,saved per-run metrics; empty fields indicate another schema; may include full-data/in-sample runs
stage2/aux_signal_experiments/results/R1_w0.5/cv/fold0_seed0/metrics.json,2026-09-26T05:56:48.340461+00:00,70,0.7123464373464372,0.5571428571428572,0.8,0.8853398853398853,0.696969696969697,saved per-run metrics; empty fields indicate another schema; may include full-data/in-sample runs
stage2/aux_signal_experiments/results/R1_w0.5/cv/fold0_seed1/metrics.json,2026-09-26T05:56:53.049730+00:00,70,0.7220846262242373,0.5142857142857142,0.8571428571428571,0.9284399918217133,0.6854575163398693,saved per-run metrics; empty fields indicate another schema; may include full-data/in-sample runs
stage2/aux_signal_experiments/results/R1_w0.5/cv/fold0_seed2/metrics.json,2026-09-26T05:59:02.856415+00:00,70,0.7167917509346697,0.5428571428571428,0.8142857142857143,0.9285568483363952,0.6833881578947368,saved per-run metrics; empty fields indicate another schema; may include full-data/in-sample runs
stage2/aux_signal_experiments/results/R1_w0.5/cv/fold1_seed0/metrics.json,2026-09-26T05:56:27.652492+00:00,70,0.6734623468074614,0.5428571428571428,0.7142857142857143,0.9142156862745098,0.6421999591085668,saved per-run metrics; empty fields indicate another schema; may include full-data/in-sample runs
stage2/aux_signal_experiments/results/R1_w0.5/cv/fold1_seed1/metrics.json,2026-09-26T05:56:22.827091+00:00,70,0.7136242691919255,0.6,0.7428571428571429,0.9284399918217133,0.6957218027911233,saved per-run metrics; empty fields indicate another schema; may include full-data/in-sample runs
stage2/aux_signal_experiments/results/R1_w0.5/cv/fold1_seed2/metrics.json,2026-09-26T05:58:19.308473+00:00,70,0.6706957716916757,0.5714285714285714,0.6571428571428571,0.9284399918217133,0.6761984861227923,saved per-run metrics; empty fields indicate another schema; may include full-data/in-sample runs
stage2/aux_signal_experiments/results/R1_w0.5/cv/fold2_seed0/metrics.json,2026-09-26T05:56:28.283515+00:00,70,0.6559140546264048,0.5142857142857142,0.7142857142857143,0.8856209150326797,0.6204727824766862,saved per-run metrics; empty fields indicate another schema; may include full-data/in-sample runs
stage2/aux_signal_experiments/results/R1_w0.5/cv/fold2_seed1/metrics.json,2026-09-26T05:57:27.084038+00:00,70,0.6720254914004913,0.5285714285714286,0.6714285714285714,0.9426699426699428,0.7375,saved per-run metrics; empty fields indicate another schema; may include full-data/in-sample runs
stage2/aux_signal_experiments/results/R1_w0.5/cv/fold2_seed2/metrics.json,2026-09-26T05:58:24.911791+00:00,70,0.6861786600496277,0.6,0.7142857142857143,0.8842018196856907,0.6236559139784946,saved per-run metrics; empty fields indicate another schema; may include full-data/in-sample runs
stage2/aux_signal_experiments/results/R1_w0.5/cv/fold3_seed0/metrics.json,2026-09-26T05:56:57.085333+00:00,70,0.7185475875743556,0.5285714285714286,0.8428571428571429,0.8833333333333333,0.7069839171623706,saved per-run metrics; empty fields indicate another schema; may include full-data/in-sample runs
stage2/aux_signal_experiments/results/R1_w0.5/cv/fold3_seed1/metrics.json,2026-09-26T05:57:31.078204+00:00,70,0.6886467365580027,0.5428571428571428,0.7571428571428571,0.8652406417112299,0.692404268675455,saved per-run metrics; empty fields indicate another schema; may include full-data/in-sample runs
stage2/aux_signal_experiments/results/R1_w0.5/cv/fold3_seed2/metrics.json,2026-09-26T05:58:27.578571+00:00,70,0.7363757567375913,0.5428571428571428,0.8428571428571429,0.9273708238223698,0.7484675544282393,saved per-run metrics; empty fields indicate another schema; may include full-data/in-sample runs
stage2/aux_signal_experiments/results/R1_w0.5/cv/fold4_seed0/metrics.json,2026-09-26T05:56:45.089796+00:00,69,0.7050477936648148,0.6376811594202898,0.7246376811594203,0.8984654193819634,0.623109243697479,saved per-run metrics; empty fields indicate another schema; may include full-data/in-sample runs
stage2/aux_signal_experiments/results/R1_w0.5/cv/fold4_seed1/metrics.json,2026-09-26T05:57:45.989720+00:00,69,0.6667059651992185,0.5507246376811594,0.7246376811594203,0.8257575757575758,0.643103448275862,saved per-run metrics; empty fields indicate another schema; may include full-data/in-sample runs
stage2/aux_signal_experiments/results/R1_w0.5/cv/fold4_seed2/metrics.json,2026-09-26T05:58:25.674510+00:00,69,0.7058135835928189,0.6521739130434783,0.7101449275362319,0.8215517241379311,0.7051282051282051,saved per-run metrics; empty fields indicate another schema; may include full-data/in-sample runs
stage2/aux_signal_experiments/results/R1_w0.5/seed0/metrics.json,2026-09-26T05:56:07.664070+00:00,70,0.7260714285714285,0.7,0.7571428571428571,0.8571428571428571,0.5833333333333333,saved per-run metrics; empty fields indicate another schema; may include full-data/in-sample runs
stage2/aux_signal_experiments/results/R1_w0.5/seed1/metrics.json,2026-09-26T05:57:06.596731+00:00,70,0.7221152554254169,0.5714285714285714,0.8,0.8998159885503987,0.7142857142857143,saved per-run metrics; empty fields indicate another schema; may include full-data/in-sample runs
stage2/aux_signal_experiments/results/R1_w1/cv/fold0_seed0/metrics.json,2026-09-26T06:01:53.254981+00:00,70,0.7153752782025937,0.5714285714285714,0.7857142857142857,0.9428104575163399,0.6596913971676178,saved per-run metrics; empty fields indicate another schema; may include full-data/in-sample runs
stage2/aux_signal_experiments/results/R1_w1/cv/fold0_seed1/metrics.json,2026-09-26T06:02:08.269444+00:00,70,0.7002307962153763,0.5,0.8285714285714286,0.8998159885503987,0.6683893195521102,saved per-run metrics; empty fields indicate another schema; may include full-data/in-sample runs
stage2/aux_signal_experiments/results/R1_w1/cv/fold0_seed2/metrics.json,2026-09-26T06:03:50.002195+00:00,70,0.7362606220951817,0.5571428571428572,0.8428571428571429,0.8998159885503987,0.7419214920841466,saved per-run metrics; empty fields indicate another schema; may include full-data/in-sample runs
stage2/aux_signal_experiments/results/R1_w1/cv/fold1_seed0/metrics.json,2026-09-26T06:00:36.610534+00:00,70,0.6664954360026941,0.5428571428571428,0.7142857142857143,0.9284399918217133,0.5815295815295816,saved per-run metrics; empty fields indicate another schema; may include full-data/in-sample runs
stage2/aux_signal_experiments/results/R1_w1/cv/fold1_seed1/metrics.json,2026-09-26T06:02:03.426507+00:00,70,0.6755564692982455,0.5428571428571428,0.7285714285714285,0.9136513157894737,0.623391812865497,saved per-run metrics; empty fields indicate another schema; may include full-data/in-sample runs
stage2/aux_signal_experiments/results/R1_w1/cv/fold1_seed2/metrics.json,2026-09-26T06:03:26.791020+00:00,70,0.6833556586380762,0.6142857142857143,0.7142857142857143,0.8999795876709533,0.5557248032495558,saved per-run metrics; empty fields indicate another schema; may include full-data/in-sample runs
stage2/aux_signal_experiments/results/R1_w1/cv/fold2_seed0/metrics.json,2026-09-26T06:01:33.770309+00:00,70,0.6874914145173243,0.6,0.7428571428571429,0.8711919852790839,0.5787507781697447,saved per-run metrics; empty fields indicate another schema; may include full-data/in-sample runs
stage2/aux_signal_experiments/results/R1_w1/cv/fold2_seed1/metrics.json,2026-09-26T06:01:07.002319+00:00,70,0.6657143640350877,0.5,0.7285714285714285,0.9136513157894737,0.6577777777777778,saved per-run metrics; empty fields indicate another schema; may include full-data/in-sample runs
stage2/aux_signal_experiments/results/R1_w1/cv/fold2_seed2/metrics.json,2026-09-26T06:04:17.052273+00:00,70,0.6808979647481002,0.5714285714285714,0.7142857142857143,0.9136513157894737,0.625668449197861,saved per-run metrics; empty fields indicate another schema; may include full-data/in-sample runs
stage2/aux_signal_experiments/results/R1_w1/cv/fold3_seed0/metrics.json,2026-09-26T06:02:38.239056+00:00,70,0.7398792401213709,0.6,0.8285714285714286,0.897468089558485,0.7017268445839875,saved per-run metrics; empty fields indicate another schema; may include full-data/in-sample runs
stage2/aux_signal_experiments/results/R1_w1/cv/fold3_seed1/metrics.json,2026-09-26T06:03:56.606182+00:00,70,0.7274981410115291,0.5571428571428572,0.8285714285714286,0.9273708238223698,0.689283449587825,saved per-run metrics; empty fields indicate another schema; may include full-data/in-sample runs
stage2/aux_signal_experiments/results/R1_w1/cv/fold3_seed2/metrics.json,2026-09-26T06:04:11.710698+00:00,70,0.6971107172894389,0.5285714285714286,0.7714285714285715,0.911690496215307,0.7023809523809523,saved per-run metrics; empty fields indicate another schema; may include full-data/in-sample runs
stage2/aux_signal_experiments/results/R1_w1/cv/fold4_seed0/metrics.json,2026-09-26T06:02:06.487046+00:00,69,0.6811248797958311,0.5942028985507246,0.6956521739130435,0.8834459459459459,0.6477247502774695,saved per-run metrics; empty fields indicate another schema; may include full-data/in-sample runs
stage2/aux_signal_experiments/results/R1_w1/cv/fold4_seed1/metrics.json,2026-09-26T06:02:30.055001+00:00,69,0.691843935254595,0.5942028985507246,0.7246376811594203,0.8694555392053815,0.6655426765015806,saved per-run metrics; empty fields indicate another schema; may include full-data/in-sample runs
stage2/aux_signal_experiments/results/R1_w1/cv/fold4_seed2/metrics.json,2026-09-26T06:04:38.636434+00:00,69,0.7031300070000778,0.6376811594202898,0.7101449275362319,0.882051282051282,0.6605545617173524,saved per-run metrics; empty fields indicate another schema; may include full-data/in-sample runs
stage2/aux_signal_experiments/results/R1_w1/seed0/metrics.json,2026-09-26T06:00:46.517073+00:00,70,0.6827075013194975,0.5857142857142857,0.7571428571428571,0.8428250663400694,0.5752249424565808,saved per-run metrics; empty fields indicate another schema; may include full-data/in-sample runs
stage2/aux_signal_experiments/results/R1_w1/seed1/metrics.json,2026-09-26T06:02:00.271106+00:00,70,0.6933302714839762,0.5142857142857142,0.7857142857142857,0.8999795876709533,0.6888888888888889,saved per-run metrics; empty fields indicate another schema; may include full-data/in-sample runs
stage2/aux_signal_experiments/results/R2_w1/cv/fold0_seed0/metrics.json,2026-09-26T06:06:41.213974+00:00,70,0.7154262267827654,0.6,0.7857142857142857,0.8853398853398853,0.6508349598785512,saved per-run metrics; empty fields indicate another schema; may include full-data/in-sample runs
stage2/aux_signal_experiments/results/R2_w1/cv/fold0_seed1/metrics.json,2026-09-26T06:06:54.651063+00:00,70,0.6892765287376432,0.5,0.8142857142857143,0.8285714285714286,0.6999387630128597,saved per-run metrics; empty fields indicate another schema; may include full-data/in-sample runs
stage2/aux_signal_experiments/results/R2_w1/cv/fold0_seed2/metrics.json,2026-09-26T06:09:21.887717+00:00,70,0.7217809028081532,0.5714285714285714,0.8285714285714286,0.8428250663400694,0.7023809523809523,saved per-run metrics; empty fields indicate another schema; may include full-data/in-sample runs
stage2/aux_signal_experiments/results/R2_w1/cv/fold0_seed3/metrics.json,2026-09-26T07:36:55.399036+00:00,70,0.734073861227566,0.5857142857142857,0.8142857142857143,0.8999795876709533,0.7271794871794872,saved per-run metrics; empty fields indicate another schema; may include full-data/in-sample runs
stage2/aux_signal_experiments/results/R2_w1/cv/fold0_seed4/metrics.json,2026-09-26T07:36:53.663221+00:00,70,0.7209267992672769,0.5714285714285714,0.8285714285714286,0.8714023270055113,0.6681096681096681,saved per-run metrics; empty fields indicate another schema; may include full-data/in-sample runs
stage2/aux_signal_experiments/results/R2_w1/cv/fold1_seed0/metrics.json,2026-09-26T06:06:29.539914+00:00,70,0.6703540810077857,0.5428571428571428,0.6857142857142857,0.8999795876709533,0.7023809523809523,saved per-run metrics; empty fields indicate another schema; may include full-data/in-sample runs
stage2/aux_signal_experiments/results/R2_w1/cv/fold1_seed1/metrics.json,2026-09-26T06:07:57.877513+00:00,70,0.6685533707865168,0.5428571428571428,0.6857142857142857,0.9142156862745098,0.6761401189689359,saved per-run metrics; empty fields indicate another schema; may include full-data/in-sample runs
stage2/aux_signal_experiments/results/R2_w1/cv/fold1_seed2/metrics.json,2026-09-26T06:09:18.443935+00:00,70,0.6641053297590345,0.5857142857142857,0.6285714285714286,0.8999795876709533,0.6940559440559441,saved per-run metrics; empty fields indicate another schema; may include full-data/in-sample runs
stage2/aux_signal_experiments/results/R2_w1/cv/fold1_seed3/metrics.json,2026-09-26T07:36:41.100577+00:00,70,0.6974921711136042,0.5857142857142857,0.7142857142857143,0.956923076923077,0.6596913971676178,saved per-run metrics; empty fields indicate another schema; may include full-data/in-sample runs
stage2/aux_signal_experiments/results/R2_w1/cv/fold1_seed4/metrics.json,2026-09-26T07:36:29.695504+00:00,70,0.688518873151226,0.5714285714285714,0.6857142857142857,0.9713349713349714,0.6854575163398693,saved per-run metrics; empty fields indicate another schema; may include full-data/in-sample runs
stage2/aux_signal_experiments/results/R2_w1/cv/fold2_seed0/metrics.json,2026-09-26T06:06:47.852234+00:00,70,0.6983291006677601,0.6285714285714286,0.7142857142857143,0.8853398853398853,0.6368541191118489,saved per-run metrics; empty fields indicate another schema; may include full-data/in-sample runs
stage2/aux_signal_experiments/results/R2_w1/cv/fold2_seed1/metrics.json,2026-09-26T06:07:39.458470+00:00,70,0.6952822089287691,0.5428571428571428,0.7428571428571429,0.9428104575163399,0.692404268675455,saved per-run metrics; empty fields indicate another schema; may include full-data/in-sample runs
stage2/aux_signal_experiments/results/R2_w1/cv/fold2_seed2/metrics.json,2026-09-26T06:09:16.366779+00:00,70,0.6850436220861431,0.6,0.7,0.913151364764268,0.6204727824766862,saved per-run metrics; empty fields indicate another schema; may include full-data/in-sample runs
stage2/aux_signal_experiments/results/R2_w1/cv/fold2_seed3/metrics.json,2026-09-26T07:37:06.437974+00:00,70,0.6994492236612428,0.5285714285714286,0.7428571428571429,0.9142156862745098,0.7821124714671093,saved per-run metrics; empty fields indicate another schema; may include full-data/in-sample runs
stage2/aux_signal_experiments/results/R2_w1/cv/fold2_seed4/metrics.json,2026-09-26T07:36:43.393101+00:00,70,0.7016083916083915,0.5428571428571428,0.7857142857142857,0.8833333333333333,0.6940559440559441,saved per-run metrics; empty fields indicate another schema; may include full-data/in-sample runs
stage2/aux_signal_experiments/results/R2_w1/cv/fold3_seed0/metrics.json,2026-09-26T06:07:13.034460+00:00,70,0.7446573824657317,0.6,0.8428571428571429,0.9421009098428452,0.655614973262032,saved per-run metrics; empty fields indicate another schema; may include full-data/in-sample runs
stage2/aux_signal_experiments/results/R2_w1/cv/fold3_seed1/metrics.json,2026-09-26T06:08:59.295526+00:00,70,0.7172494852436513,0.5571428571428572,0.8428571428571429,0.8833333333333333,0.6316632349576756,saved per-run metrics; empty fields indicate another schema; may include full-data/in-sample runs
stage2/aux_signal_experiments/results/R2_w1/cv/fold3_seed2/metrics.json,2026-09-26T06:09:26.875100+00:00,70,0.7371550108877298,0.6,0.8285714285714286,0.9421009098428452,0.6389324960753533,saved per-run metrics; empty fields indicate another schema; may include full-data/in-sample runs
stage2/aux_signal_experiments/results/R2_w1/cv/fold3_seed3/metrics.json,2026-09-26T07:36:06.341961+00:00,70,0.728948717948718,0.6,0.8142857142857143,0.8707692307692307,0.6888888888888889,saved per-run metrics; empty fields indicate another schema; may include full-data/in-sample runs
stage2/aux_signal_experiments/results/R2_w1/cv/fold3_seed4/metrics.json,2026-09-26T07:36:17.247465+00:00,70,0.7288485703753385,0.5714285714285714,0.8285714285714286,0.8853398853398853,0.7069839171623706,saved per-run metrics; empty fields indicate another schema; may include full-data/in-sample runs
stage2/aux_signal_experiments/results/R2_w1/cv/fold4_seed0/metrics.json,2026-09-26T06:07:11.044436+00:00,69,0.721998765272108,0.6811594202898551,0.7246376811594203,0.8677879497551628,0.6653439153439153,saved per-run metrics; empty fields indicate another schema; may include full-data/in-sample runs
stage2/aux_signal_experiments/results/R2_w1/cv/fold4_seed1/metrics.json,2026-09-26T06:08:06.827072+00:00,69,0.6767969796614297,0.5362318840579711,0.7391304347826086,0.8260504201680672,0.7100840336134454,saved per-run metrics; empty fields indicate another schema; may include full-data/in-sample runs
stage2/aux_signal_experiments/results/R2_w1/cv/fold4_seed2/metrics.json,2026-09-26T06:08:45.250154+00:00,69,0.7048193983221862,0.6231884057971014,0.7391304347826086,0.8075520274619181,0.7125,saved per-run metrics; empty fields indicate another schema; may include full-data/in-sample runs
stage2/aux_signal_experiments/results/R2_w1/cv/fold4_seed3/metrics.json,2026-09-26T07:36:52.021255+00:00,69,0.6920404308279248,0.6521739130434783,0.6666666666666666,0.8685714285714285,0.667736757624398,saved per-run metrics; empty fields indicate another schema; may include full-data/in-sample runs
stage2/aux_signal_experiments/results/R2_w1/cv/fold4_seed4/metrics.json,2026-09-26T07:36:49.085848+00:00,69,0.6926419506084944,0.6086956521739131,0.7246376811594203,0.8691253951527924,0.6373764977927265,saved per-run metrics; empty fields indicate another schema; may include full-data/in-sample runs
stage2/aux_signal_experiments/results/R2_w1/seed0/metrics.json,2026-09-26T06:07:15.037063+00:00,70,0.7225926224985533,0.6142857142857143,0.8,0.8856209150326797,0.6316632349576756,saved per-run metrics; empty fields indicate another schema; may include full-data/in-sample runs
stage2/aux_signal_experiments/results/R2_w1/seed1/metrics.json,2026-09-26T06:06:44.145607+00:00,70,0.691488704177323,0.5571428571428572,0.7857142857142857,0.8570261437908497,0.6195652173913043,saved per-run metrics; empty fields indicate another schema; may include full-data/in-sample runs
stage2/aux_signal_experiments/results/R3_w1/cv/fold0_seed0/metrics.json,2026-09-26T06:11:39.831518+00:00,70,0.6782704592704591,0.4857142857142857,0.7857142857142857,0.8566748566748568,0.6984615384615385,saved per-run metrics; empty fields indicate another schema; may include full-data/in-sample runs
stage2/aux_signal_experiments/results/R3_w1/cv/fold0_seed1/metrics.json,2026-09-26T06:12:07.689260+00:00,70,0.6966920179749126,0.5428571428571428,0.8,0.8566748566748568,0.6546052631578947,saved per-run metrics; empty fields indicate another schema; may include full-data/in-sample runs
stage2/aux_signal_experiments/results/R3_w1/cv/fold0_seed2/metrics.json,2026-09-26T06:13:33.009799+00:00,70,0.7199915559592979,0.5714285714285714,0.8142857142857143,0.914004914004914,0.652605459057072,saved per-run metrics; empty fields indicate another schema; may include full-data/in-sample runs
stage2/aux_signal_experiments/results/R3_w1/cv/fold0_seed3/metrics.json,2026-09-26T07:13:38.726668+00:00,70,0.7107011635027556,0.5714285714285714,0.7857142857142857,0.9285568483363952,0.6427842416819759,saved per-run metrics; empty fields indicate another schema; may include full-data/in-sample runs
stage2/aux_signal_experiments/results/R3_w1/cv/fold0_seed4/metrics.json,2026-09-26T07:12:07.261237+00:00,70,0.737496938150643,0.6142857142857143,0.8285714285714286,0.8999795876709533,0.6499999999999999,saved per-run metrics; empty fields indicate another schema; may include full-data/in-sample runs
stage2/aux_signal_experiments/results/R3_w1/cv/fold0_seed5/metrics.json,2026-09-26T07:17:18.953399+00:00,70,0.734302096407971,0.6,0.8142857142857143,0.9142156862745098,0.6811316231119635,saved per-run metrics; empty fields indicate another schema; may include full-data/in-sample runs
stage2/aux_signal_experiments/results/R3_w1/cv/fold0_seed6/metrics.json,2026-09-26T07:17:02.132657+00:00,70,0.6986390649492265,0.6,0.7285714285714285,0.8998159885503987,0.6577777777777778,saved per-run metrics; empty fields indicate another schema; may include full-data/in-sample runs
stage2/aux_signal_experiments/results/R3_w1/cv/fold0_seed7/metrics.json,2026-09-26T07:19:10.341694+00:00,70,0.662201445463038,0.4857142857142857,0.7142857142857143,0.8999795876709533,0.7146967154159674,saved per-run metrics; empty fields indicate another schema; may include full-data/in-sample runs
stage2/aux_signal_experiments/results/R3_w1/cv/fold1_seed0/metrics.json,2026-09-26T06:11:08.520716+00:00,70,0.6661673054467624,0.5428571428571428,0.7142857142857143,0.8999795876709533,0.6078024486407968,saved per-run metrics; empty fields indicate another schema; may include full-data/in-sample runs
stage2/aux_signal_experiments/results/R3_w1/cv/fold1_seed1/metrics.json,2026-09-26T06:12:15.021205+00:00,70,0.6772301887709903,0.5285714285714286,0.7285714285714285,0.8999795876709533,0.6815550041356493,saved per-run metrics; empty fields indicate another schema; may include full-data/in-sample runs
stage2/aux_signal_experiments/results/R3_w1/cv/fold1_seed2/metrics.json,2026-09-26T06:13:42.180291+00:00,70,0.6836011679093874,0.6,0.7,0.8714023270055113,0.652605459057072,saved per-run metrics; empty fields indicate another schema; may include full-data/in-sample runs
stage2/aux_signal_experiments/results/R3_w1/cv/fold1_seed3/metrics.json,2026-09-26T07:12:35.395010+00:00,70,0.6908652554254169,0.5857142857142857,0.7142857142857143,0.8998159885503987,0.6726190476190477,saved per-run metrics; empty fields indicate another schema; may include full-data/in-sample runs
stage2/aux_signal_experiments/results/R3_w1/cv/fold1_seed4/metrics.json,2026-09-26T07:12:53.513877+00:00,70,0.6937760494804044,0.6142857142857143,0.6714285714285714,0.957063995093028,0.6681096681096681,saved per-run metrics; empty fields indicate another schema; may include full-data/in-sample runs
stage2/aux_signal_experiments/results/R3_w1/cv/fold1_seed5/metrics.json,2026-09-26T07:16:23.540655+00:00,70,0.6967056595365418,0.6,0.7,0.9428104575163399,0.668560606060606,saved per-run metrics; empty fields indicate another schema; may include full-data/in-sample runs
stage2/aux_signal_experiments/results/R3_w1/cv/fold1_seed6/metrics.json,2026-09-26T07:18:27.968560+00:00,70,0.6583391608391608,0.5,0.6857142857142857,0.9282051282051282,0.6940559440559441,saved per-run metrics; empty fields indicate another schema; may include full-data/in-sample runs
stage2/aux_signal_experiments/results/R3_w1/cv/fold1_seed7/metrics.json,2026-09-26T07:18:57.398339+00:00,70,0.6635737678613105,0.5428571428571428,0.6571428571428571,0.8998159885503987,0.7240091305250052,saved per-run metrics; empty fields indicate another schema; may include full-data/in-sample runs
stage2/aux_signal_experiments/results/R3_w1/cv/fold2_seed0/metrics.json,2026-09-26T06:12:08.066410+00:00,70,0.709829847571783,0.5571428571428572,0.7857142857142857,0.913151364764268,0.6857142857142857,saved per-run metrics; empty fields indicate another schema; may include full-data/in-sample runs
stage2/aux_signal_experiments/results/R3_w1/cv/fold2_seed1/metrics.json,2026-09-26T06:11:50.924548+00:00,70,0.6932272633170858,0.5714285714285714,0.7142857142857143,0.8998159885503987,0.7216991002301736,saved per-run metrics; empty fields indicate another schema; may include full-data/in-sample runs
stage2/aux_signal_experiments/results/R3_w1/cv/fold2_seed2/metrics.json,2026-09-26T06:14:14.626949+00:00,70,0.6855155262304126,0.5857142857142857,0.7285714285714285,0.8566748566748568,0.6467619848612278,saved per-run metrics; empty fields indicate another schema; may include full-data/in-sample runs
stage2/aux_signal_experiments/results/R3_w1/cv/fold2_seed3/metrics.json,2026-09-26T07:14:37.240741+00:00,70,0.6505562659846547,0.5142857142857142,0.7142857142857143,0.9142156862745098,0.5561594202898551,saved per-run metrics; empty fields indicate another schema; may include full-data/in-sample runs
stage2/aux_signal_experiments/results/R3_w1/cv/fold2_seed4/metrics.json,2026-09-26T07:12:39.202933+00:00,70,0.6843939393939393,0.5285714285714286,0.7428571428571429,0.9278499278499278,0.6681096681096681,saved per-run metrics; empty fields indicate another schema; may include full-data/in-sample runs
stage2/aux_signal_experiments/results/R3_w1/cv/fold2_seed5/metrics.json,2026-09-26T07:18:23.324668+00:00,70,0.6916875981161695,0.5571428571428572,0.7142857142857143,0.9428571428571428,0.7017268445839875,saved per-run metrics; empty fields indicate another schema; may include full-data/in-sample runs
stage2/aux_signal_experiments/results/R3_w1/cv/fold2_seed6/metrics.json,2026-09-26T07:17:55.207939+00:00,70,0.6715512757472684,0.5,0.7285714285714285,0.9273708238223698,0.6829710144927537,saved per-run metrics; empty fields indicate another schema; may include full-data/in-sample runs
stage2/aux_signal_experiments/results/R3_w1/cv/fold2_seed7/metrics.json,2026-09-26T07:19:06.868920+00:00,70,0.7203882981684573,0.5857142857142857,0.7428571428571429,0.957134109001837,0.7454545454545455,saved per-run metrics; empty fields indicate another schema; may include full-data/in-sample runs
stage2/aux_signal_experiments/results/R3_w1/cv/fold3_seed0/metrics.json,2026-09-26T06:13:25.611304+00:00,70,0.7216396821487632,0.5571428571428572,0.8285714285714286,0.9267629211132036,0.6508349598785512,saved per-run metrics; empty fields indicate another schema; may include full-data/in-sample runs
stage2/aux_signal_experiments/results/R3_w1/cv/fold3_seed1/metrics.json,2026-09-26T06:12:51.991120+00:00,70,0.7380519480519481,0.5571428571428572,0.8428571428571429,0.9278499278499278,0.7258297258297258,saved per-run metrics; empty fields indicate another schema; may include full-data/in-sample runs
stage2/aux_signal_experiments/results/R3_w1/cv/fold3_seed2/metrics.json,2026-09-26T06:13:57.906772+00:00,70,0.7332691628528466,0.5142857142857142,0.8428571428571429,0.9278499278499278,0.7939444911690496,saved per-run metrics; empty fields indicate another schema; may include full-data/in-sample runs
stage2/aux_signal_experiments/results/R3_w1/cv/fold3_seed3/metrics.json,2026-09-26T07:14:33.303611+00:00,70,0.7130901189920025,0.5714285714285714,0.8,0.8983191533513177,0.655614973262032,saved per-run metrics; empty fields indicate another schema; may include full-data/in-sample runs
stage2/aux_signal_experiments/results/R3_w1/cv/fold3_seed4/metrics.json,2026-09-26T07:14:04.188250+00:00,70,0.7169642857142857,0.5857142857142857,0.7714285714285715,0.8809523809523809,0.7321428571428572,saved per-run metrics; empty fields indicate another schema; may include full-data/in-sample runs
stage2/aux_signal_experiments/results/R3_w1/cv/fold3_seed5/metrics.json,2026-09-26T07:17:21.087363+00:00,70,0.7299072953098377,0.5857142857142857,0.8142857142857143,0.9267629211132036,0.6726190476190477,saved per-run metrics; empty fields indicate another schema; may include full-data/in-sample runs
stage2/aux_signal_experiments/results/R3_w1/cv/fold3_seed6/metrics.json,2026-09-26T07:18:58.558895+00:00,70,0.6988421454847462,0.5,0.8285714285714286,0.9136513157894737,0.6452963207755013,saved per-run metrics; empty fields indicate another schema; may include full-data/in-sample runs
stage2/aux_signal_experiments/results/R3_w1/cv/fold3_seed7/metrics.json,2026-09-26T07:19:10.255299+00:00,70,0.6988551088170067,0.5428571428571428,0.7857142857142857,0.9273708238223698,0.6316632349576756,saved per-run metrics; empty fields indicate another schema; may include full-data/in-sample runs
stage2/aux_signal_experiments/results/R3_w1/cv/fold4_seed0/metrics.json,2026-09-26T06:12:18.310629+00:00,69,0.6665251739145055,0.6086956521739131,0.6811594202898551,0.8371594078523923,0.596679915828852,saved per-run metrics; empty fields indicate another schema; may include full-data/in-sample runs
stage2/aux_signal_experiments/results/R3_w1/cv/fold4_seed1/metrics.json,2026-09-26T06:13:12.377261+00:00,69,0.6845301483548766,0.5942028985507246,0.7101449275362319,0.8405797101449275,0.6794763513513513,saved per-run metrics; empty fields indicate another schema; may include full-data/in-sample runs
stage2/aux_signal_experiments/results/R3_w1/cv/fold4_seed2/metrics.json,2026-09-26T06:14:09.473936+00:00,69,0.702566487873389,0.6231884057971014,0.7391304347826086,0.8356075373619233,0.6694250871080138,saved per-run metrics; empty fields indicate another schema; may include full-data/in-sample runs
stage2/aux_signal_experiments/results/R3_w1/cv/fold4_seed3/metrics.json,2026-09-26T07:16:43.413973+00:00,69,0.6601726121567387,0.6086956521739131,0.6376811594202898,0.8535653650254669,0.6393728222996515,saved per-run metrics; empty fields indicate another schema; may include full-data/in-sample runs
stage2/aux_signal_experiments/results/R3_w1/cv/fold4_seed4/metrics.json,2026-09-26T07:14:46.793118+00:00,69,0.7002693864106907,0.6376811594202898,0.7246376811594203,0.8547979797979799,0.6349206349206349,saved per-run metrics; empty fields indicate another schema; may include full-data/in-sample runs
stage2/aux_signal_experiments/results/R3_w1/cv/fold4_seed5/metrics.json,2026-09-26T07:18:16.580194+00:00,69,0.671038817943465,0.6086956521739131,0.6521739130434783,0.8838383838383839,0.6477247502774695,saved per-run metrics; empty fields indicate another schema; may include full-data/in-sample runs
stage2/aux_signal_experiments/results/R3_w1/cv/fold4_seed6/metrics.json,2026-09-26T07:18:51.608097+00:00,69,0.6757751996449842,0.5652173913043478,0.7246376811594203,0.8691253951527924,0.6263807667316439,saved per-run metrics; empty fields indicate another schema; may include full-data/in-sample runs
stage2/aux_signal_experiments/results/R3_w1/cv/fold4_seed7/metrics.json,2026-09-26T07:19:34.295183+00:00,69,0.6826086956521739,0.6086956521739131,0.6956521739130435,0.8985507246376812,0.6086956521739131,saved per-run metrics; empty fields indicate another schema; may include full-data/in-sample runs
stage2/aux_signal_experiments/results/R3_w1/seed0/metrics.json,2026-09-26T06:12:15.176074+00:00,70,0.737099815637203,0.6285714285714286,0.8142857142857143,0.8711919852790839,0.6761401189689359,saved per-run metrics; empty fields indicate another schema; may include full-data/in-sample runs
stage2/aux_signal_experiments/results/R3_w1/seed1/metrics.json,2026-09-26T06:12:39.451937+00:00,70,0.6846089607849476,0.5142857142857142,0.7571428571428571,0.914004914004914,0.6833881578947368,saved per-run metrics; empty fields indicate another schema; may include full-data/in-sample runs
stage2/aux_signal_experiments/results/XN2_both_bnd2_nexar/cv/fold0_seed0/metrics.json,2026-09-26T09:24:21.408092+00:00,70,0.8085271462585523,0.6857142857142857,0.9285714285714286,0.9285568483363952,0.6949574600539531,saved per-run metrics; empty fields indicate another schema; may include full-data/in-sample runs
stage2/aux_signal_experiments/results/XN2_both_bnd2_nexar/cv/fold0_seed1/metrics.json,2026-09-26T09:34:39.671486+00:00,70,0.7851841129171775,0.6428571428571429,0.8857142857142857,0.9284399918217133,0.7394540942928041,saved per-run metrics; empty fields indicate another schema; may include full-data/in-sample runs
stage2/aux_signal_experiments/results/XN2_both_bnd2_nexar/cv/fold0_seed2/metrics.json,2026-09-26T11:00:20.600411+00:00,70,0.7568719381506429,0.6,0.8857142857142857,0.8999795876709533,0.6791666666666667,saved per-run metrics; empty fields indicate another schema; may include full-data/in-sample runs
stage2/aux_signal_experiments/results/XN2_both_bnd2_nexar/cv/fold1_seed0/metrics.json,2026-09-26T09:26:19.433627+00:00,70,0.734560886001564,0.5857142857142857,0.8,0.9713349713349714,0.692404268675455,saved per-run metrics; empty fields indicate another schema; may include full-data/in-sample runs
stage2/aux_signal_experiments/results/XN2_both_bnd2_nexar/cv/fold1_seed1/metrics.json,2026-09-26T09:34:12.391691+00:00,70,0.7405564692982456,0.6,0.8571428571428571,0.9136513157894737,0.623391812865497,saved per-run metrics; empty fields indicate another schema; may include full-data/in-sample runs
stage2/aux_signal_experiments/results/XN2_both_bnd2_nexar/cv/fold1_seed2/metrics.json,2026-09-26T11:00:40.023375+00:00,70,0.7547678218574252,0.6,0.8142857142857143,0.9428104575163399,0.788975021533161,saved per-run metrics; empty fields indicate another schema; may include full-data/in-sample runs
stage2/aux_signal_experiments/results/XN2_both_bnd2_nexar/cv/fold2_seed0/metrics.json,2026-09-26T09:27:36.126741+00:00,70,0.7426026849983027,0.5714285714285714,0.8571428571428571,0.9856879983643426,0.6316632349576756,saved per-run metrics; empty fields indicate another schema; may include full-data/in-sample runs
stage2/aux_signal_experiments/results/XN2_both_bnd2_nexar/cv/fold2_seed1/metrics.json,2026-09-26T09:37:11.469204+00:00,70,0.7148140860656247,0.5428571428571428,0.8,0.9428104575163399,0.689283449587825,saved per-run metrics; empty fields indicate another schema; may include full-data/in-sample runs
stage2/aux_signal_experiments/results/XN2_both_bnd2_nexar/cv/fold2_seed2/metrics.json,2026-09-26T11:03:22.762465+00:00,70,0.7037066019169824,0.5142857142857142,0.8,0.913151364764268,0.7115593146822815,saved per-run metrics; empty fields indicate another schema; may include full-data/in-sample runs
stage2/aux_signal_experiments/results/XN2_both_bnd2_nexar/cv/fold3_seed0/metrics.json,2026-09-26T09:30:09.799426+00:00,70,0.706349369897757,0.5428571428571428,0.8285714285714286,0.8853398853398853,0.6236559139784946,saved per-run metrics; empty fields indicate another schema; may include full-data/in-sample runs
stage2/aux_signal_experiments/results/XN2_both_bnd2_nexar/cv/fold3_seed1/metrics.json,2026-09-26T10:57:54.155875+00:00,70,0.7354345992639542,0.5142857142857142,0.8857142857142857,0.957063995093028,0.6791666666666667,saved per-run metrics; empty fields indicate another schema; may include full-data/in-sample runs
stage2/aux_signal_experiments/results/XN2_both_bnd2_nexar/cv/fold3_seed2/metrics.json,2026-09-26T11:03:21.016436+00:00,70,0.7195570246639326,0.4857142857142857,0.8428571428571429,0.971217105263158,0.7258297258297258,saved per-run metrics; empty fields indicate another schema; may include full-data/in-sample runs
stage2/aux_signal_experiments/results/XN2_both_bnd2_nexar/cv/fold4_seed0/metrics.json,2026-09-26T09:32:18.440363+00:00,69,0.7295556303115095,0.6376811594202898,0.7681159420289855,0.8840336134453781,0.6994773519163764,saved per-run metrics; empty fields indicate another schema; may include full-data/in-sample runs
stage2/aux_signal_experiments/results/XN2_both_bnd2_nexar/cv/fold4_seed1/metrics.json,2026-09-26T10:59:29.045367+00:00,69,0.7491707708347733,0.6956521739130435,0.8115942028985508,0.8834459459459459,0.5941176470588235,saved per-run metrics; empty fields indicate another schema; may include full-data/in-sample runs
stage2/aux_signal_experiments/results/XN2_both_bnd2_nexar/cv/fold4_seed2/metrics.json,2026-09-26T11:05:01.464942+00:00,69,0.7330848095658299,0.6811594202898551,0.7536231884057971,0.9130252100840336,0.6263807667316439,saved per-run metrics; empty fields indicate another schema; may include full-data/in-sample runs
stage2/aux_signal_experiments/results/XN2_both_bnd2_nexar/seed0/metrics.json,2026-09-26T09:23:22.464033+00:00,70,0.739815280530167,0.6142857142857143,0.8428571428571429,0.8853398853398853,0.6467619848612278,saved per-run metrics; empty fields indicate another schema; may include full-data/in-sample runs
stage2/aux_signal_experiments/results/XN2_both_bnd2_nexar/seed1/metrics.json,2026-09-26T09:23:40.372108+00:00,70,0.7083413352658755,0.5428571428571428,0.8571428571428571,0.9142857142857143,0.5413231874867892,saved per-run metrics; empty fields indicate another schema; may include full-data/in-sample runs
stage2/aux_signal_experiments/results/XN4_both_nexar/cv/fold0_seed0/metrics.json,2026-09-26T09:04:09.688276+00:00,70,0.7271926279086316,0.5857142857142857,0.8428571428571429,0.8707692307692307,0.6438482886216466,saved per-run metrics; empty fields indicate another schema; may include full-data/in-sample runs
stage2/aux_signal_experiments/results/XN4_both_nexar/cv/fold0_seed1/metrics.json,2026-09-26T09:11:32.881315+00:00,70,0.7503752782025936,0.6,0.8571428571428571,0.9428104575163399,0.6596913971676178,saved per-run metrics; empty fields indicate another schema; may include full-data/in-sample runs
stage2/aux_signal_experiments/results/XN4_both_nexar/cv/fold0_seed2/metrics.json,2026-09-26T09:18:24.096951+00:00,70,0.7802576614475311,0.6285714285714286,0.9,0.8999795876709533,0.735071488645921,saved per-run metrics; empty fields indicate another schema; may include full-data/in-sample runs
stage2/aux_signal_experiments/results/XN4_both_nexar/cv/fold0_seed3/metrics.json,2026-09-26T10:28:57.513761+00:00,70,0.7978848968292099,0.6714285714285714,0.9,0.9285568483363952,0.7240091305250052,saved per-run metrics; empty fields indicate another schema; may include full-data/in-sample runs
stage2/aux_signal_experiments/results/XN4_both_nexar/cv/fold0_seed4/metrics.json,2026-09-26T10:31:39.196589+00:00,70,0.7367742224574675,0.5714285714285714,0.8428571428571429,0.9284399918217133,0.6833881578947368,saved per-run metrics; empty fields indicate another schema; may include full-data/in-sample runs
stage2/aux_signal_experiments/results/XN4_both_nexar/cv/fold0_seed5/metrics.json,2026-09-26T10:37:53.057097+00:00,70,0.785138496637064,0.6714285714285714,0.9,0.8842018196856907,0.6833881578947368,saved per-run metrics; empty fields indicate another schema; may include full-data/in-sample runs
stage2/aux_signal_experiments/results/XN4_both_nexar/cv/fold0_seed6/metrics.json,2026-09-26T10:44:19.736598+00:00,70,0.7881305096547179,0.6142857142857143,0.9,0.9428104575163399,0.7780596068484464,saved per-run metrics; empty fields indicate another schema; may include full-data/in-sample runs
stage2/aux_signal_experiments/results/XN4_both_nexar/cv/fold0_seed7/metrics.json,2026-09-26T10:51:54.312358+00:00,70,0.7691187888198758,0.6428571428571429,0.8714285714285714,0.9428571428571428,0.651268115942029,saved per-run metrics; empty fields indicate another schema; may include full-data/in-sample runs
stage2/aux_signal_experiments/results/XN4_both_nexar/cv/fold1_seed0/metrics.json,2026-09-26T09:06:07.390819+00:00,70,0.7398583401628975,0.5285714285714286,0.8571428571428571,0.957134109001837,0.7419214920841466,saved per-run metrics; empty fields indicate another schema; may include full-data/in-sample runs
stage2/aux_signal_experiments/results/XN4_both_nexar/cv/fold1_seed1/metrics.json,2026-09-26T09:11:22.040534+00:00,70,0.7416168605837925,0.5285714285714286,0.8571428571428571,0.9285568483363952,0.7822222222222222,saved per-run metrics; empty fields indicate another schema; may include full-data/in-sample runs
stage2/aux_signal_experiments/results/XN4_both_nexar/cv/fold1_seed2/metrics.json,2026-09-26T09:16:02.401860+00:00,70,0.761004446004446,0.6,0.8714285714285714,0.8853398853398853,0.7546897546897546,saved per-run metrics; empty fields indicate another schema; may include full-data/in-sample runs
stage2/aux_signal_experiments/results/XN4_both_nexar/cv/fold1_seed3/metrics.json,2026-09-26T10:27:08.001721+00:00,70,0.7134425133689839,0.5142857142857142,0.8,0.9142156862745098,0.7754010695187166,saved per-run metrics; empty fields indicate another schema; may include full-data/in-sample runs
stage2/aux_signal_experiments/results/XN4_both_nexar/cv/fold1_seed4/metrics.json,2026-09-26T10:32:47.450436+00:00,70,0.715641124871001,0.5285714285714286,0.8571428571428571,0.9142156862745098,0.623391812865497,saved per-run metrics; empty fields indicate another schema; may include full-data/in-sample runs
stage2/aux_signal_experiments/results/XN4_both_nexar/cv/fold1_seed5/metrics.json,2026-09-26T10:39:59.524547+00:00,70,0.7504339367440982,0.6285714285714286,0.8428571428571429,0.8998159885503987,0.6697435897435897,saved per-run metrics; empty fields indicate another schema; may include full-data/in-sample runs
stage2/aux_signal_experiments/results/XN4_both_nexar/cv/fold1_seed6/metrics.json,2026-09-26T10:44:51.084385+00:00,70,0.7170998156372029,0.5857142857142857,0.8,0.8711919852790839,0.6761401189689359,saved per-run metrics; empty fields indicate another schema; may include full-data/in-sample runs
stage2/aux_signal_experiments/results/XN4_both_nexar/cv/fold1_seed7/metrics.json,2026-09-26T10:52:13.001903+00:00,70,0.7534767941116335,0.6285714285714286,0.8142857142857143,0.9284399918217133,0.7280719689225107,saved per-run metrics; empty fields indicate another schema; may include full-data/in-sample runs
stage2/aux_signal_experiments/results/XN4_both_nexar/cv/fold2_seed0/metrics.json,2026-09-26T09:06:31.809768+00:00,70,0.7409998959755992,0.5428571428571428,0.8714285714285714,0.9284399918217133,0.7115593146822815,saved per-run metrics; empty fields indicate another schema; may include full-data/in-sample runs
stage2/aux_signal_experiments/results/XN4_both_nexar/cv/fold2_seed1/metrics.json,2026-09-26T09:12:28.506576+00:00,70,0.72578684184724,0.5571428571428572,0.8142857142857143,0.9428571428571428,0.6957218027911233,saved per-run metrics; empty fields indicate another schema; may include full-data/in-sample runs
stage2/aux_signal_experiments/results/XN4_both_nexar/cv/fold2_seed2/metrics.json,2026-09-26T09:18:30.217132+00:00,70,0.7562389021805027,0.6285714285714286,0.8428571428571429,0.9714052287581699,0.6368541191118489,saved per-run metrics; empty fields indicate another schema; may include full-data/in-sample runs
stage2/aux_signal_experiments/results/XN4_both_nexar/cv/fold2_seed3/metrics.json,2026-09-26T10:28:35.990970+00:00,70,0.7163516385575208,0.5571428571428572,0.8142857142857143,0.9428104575163399,0.6328671328671329,saved per-run metrics; empty fields indicate another schema; may include full-data/in-sample runs
stage2/aux_signal_experiments/results/XN4_both_nexar/cv/fold2_seed4/metrics.json,2026-09-26T10:33:53.640903+00:00,70,0.7246778399074111,0.5285714285714286,0.8,0.9714052287581699,0.759780370624571,saved per-run metrics; empty fields indicate another schema; may include full-data/in-sample runs
stage2/aux_signal_experiments/results/XN4_both_nexar/cv/fold2_seed5/metrics.json,2026-09-26T10:40:18.828079+00:00,70,0.6875189777327935,0.4714285714285714,0.8142857142857143,0.9424342105263157,0.641025641025641,saved per-run metrics; empty fields indicate another schema; may include full-data/in-sample runs
stage2/aux_signal_experiments/results/XN4_both_nexar/cv/fold2_seed6/metrics.json,2026-09-26T10:47:41.433155+00:00,70,0.7152250767518448,0.5285714285714286,0.8142857142857143,0.9278499278499278,0.7069839171623706,saved per-run metrics; empty fields indicate another schema; may include full-data/in-sample runs
stage2/aux_signal_experiments/results/XN4_both_nexar/cv/fold2_seed7/metrics.json,2026-09-26T10:53:42.584761+00:00,70,0.7121406701076022,0.5714285714285714,0.7714285714285715,0.9285568483363952,0.6857142857142857,saved per-run metrics; empty fields indicate another schema; may include full-data/in-sample runs
stage2/aux_signal_experiments/results/XN4_both_nexar/cv/fold3_seed0/metrics.json,2026-09-26T09:08:20.079634+00:00,70,0.7593242349048801,0.6142857142857143,0.8571428571428571,0.9710504549214227,0.6577777777777778,saved per-run metrics; empty fields indicate another schema; may include full-data/in-sample runs
stage2/aux_signal_experiments/results/XN4_both_nexar/cv/fold3_seed1/metrics.json,2026-09-26T09:13:36.743097+00:00,70,0.756855891582187,0.5857142857142857,0.8714285714285714,0.9564224942934219,0.689283449587825,saved per-run metrics; empty fields indicate another schema; may include full-data/in-sample runs
stage2/aux_signal_experiments/results/XN4_both_nexar/cv/fold3_seed2/metrics.json,2026-09-26T09:19:09.216974+00:00,70,0.7332754914004914,0.5428571428571428,0.8571428571428571,0.9426699426699428,0.6791666666666667,saved per-run metrics; empty fields indicate another schema; may include full-data/in-sample runs
stage2/aux_signal_experiments/results/XN4_both_nexar/cv/fold3_seed3/metrics.json,2026-09-26T10:30:46.714180+00:00,70,0.7475717657524048,0.6285714285714286,0.8,0.9564224942934219,0.6940559440559441,saved per-run metrics; empty fields indicate another schema; may include full-data/in-sample runs
stage2/aux_signal_experiments/results/XN4_both_nexar/cv/fold3_seed4/metrics.json,2026-09-26T10:37:37.064734+00:00,70,0.7555523255813953,0.5857142857142857,0.8571428571428571,0.9416666666666667,0.7286821705426356,saved per-run metrics; empty fields indicate another schema; may include full-data/in-sample runs
stage2/aux_signal_experiments/results/XN4_both_nexar/cv/fold3_seed5/metrics.json,2026-09-26T10:41:15.569480+00:00,70,0.7389297729184188,0.5857142857142857,0.8571428571428571,0.8833333333333333,0.6761984861227923,saved per-run metrics; empty fields indicate another schema; may include full-data/in-sample runs
stage2/aux_signal_experiments/results/XN4_both_nexar/cv/fold3_seed6/metrics.json,2026-09-26T10:47:49.736073+00:00,70,0.7396573824657315,0.5714285714285714,0.8571428571428571,0.9421009098428452,0.655614973262032,saved per-run metrics; empty fields indicate another schema; may include full-data/in-sample runs
stage2/aux_signal_experiments/results/XN4_both_nexar/cv/fold3_seed7/metrics.json,2026-09-26T10:54:58.958593+00:00,70,0.7570144381669806,0.5857142857142857,0.8714285714285714,0.9267629211132036,0.72,saved per-run metrics; empty fields indicate another schema; may include full-data/in-sample runs
stage2/aux_signal_experiments/results/XN4_both_nexar/cv/fold4_seed0/metrics.json,2026-09-26T09:08:27.805177+00:00,69,0.7169263015039921,0.6231884057971014,0.7681159420289855,0.8677879497551628,0.6653439153439153,saved per-run metrics; empty fields indicate another schema; may include full-data/in-sample runs
stage2/aux_signal_experiments/results/XN4_both_nexar/cv/fold4_seed1/metrics.json,2026-09-26T09:15:26.147029+00:00,69,0.7280026793326025,0.6666666666666666,0.782608695652174,0.8550420168067226,0.6166666666666667,saved per-run metrics; empty fields indicate another schema; may include full-data/in-sample runs
stage2/aux_signal_experiments/results/XN4_both_nexar/cv/fold4_seed2/metrics.json,2026-09-26T09:21:41.509656+00:00,69,0.7225148989911648,0.6521739130434783,0.7246376811594203,0.8677879497551628,0.7364176570458405,saved per-run metrics; empty fields indicate another schema; may include full-data/in-sample runs
stage2/aux_signal_experiments/results/XN4_both_nexar/cv/fold4_seed3/metrics.json,2026-09-26T10:31:30.781424+00:00,69,0.6958508262917305,0.5942028985507246,0.782608695652174,0.8371594078523923,0.5892857142857143,saved per-run metrics; empty fields indicate another schema; may include full-data/in-sample runs
stage2/aux_signal_experiments/results/XN4_both_nexar/cv/fold4_seed4/metrics.json,2026-09-26T10:37:35.103907+00:00,69,0.7216283679096365,0.6231884057971014,0.7246376811594203,0.9272918861959958,0.7386363636363636,saved per-run metrics; empty fields indicate another schema; may include full-data/in-sample runs
stage2/aux_signal_experiments/results/XN4_both_nexar/cv/fold4_seed5/metrics.json,2026-09-26T10:42:16.119850+00:00,69,0.7319532848065456,0.6376811594202898,0.7681159420289855,0.8834459459459459,0.7160493827160493,saved per-run metrics; empty fields indicate another schema; may include full-data/in-sample runs
stage2/aux_signal_experiments/results/XN4_both_nexar/cv/fold4_seed6/metrics.json,2026-09-26T10:50:51.858153+00:00,69,0.7412069239686018,0.6811594202898551,0.7391304347826086,0.8677879497551628,0.759581881533101,saved per-run metrics; empty fields indicate another schema; may include full-data/in-sample runs
stage2/aux_signal_experiments/results/XN4_both_nexar/cv/fold4_seed7/metrics.json,2026-09-26T10:55:24.268679+00:00,69,0.6846194980958799,0.5507246376811594,0.7536231884057971,0.8543074324324325,0.6663442940038684,saved per-run metrics; empty fields indicate another schema; may include full-data/in-sample runs
stage2/aux_signal_experiments/results/XN4_both_nexar/seed0/metrics.json,2026-09-26T09:01:48.364098+00:00,70,0.7355005161493371,0.6142857142857143,0.8285714285714286,0.8998159885503987,0.6368541191118489,saved per-run metrics; empty fields indicate another schema; may include full-data/in-sample runs
stage2/aux_signal_experiments/results/XN4_both_nexar/seed1/metrics.json,2026-09-26T09:01:39.966729+00:00,70,0.7770157127835015,0.6428571428571429,0.8571428571428571,0.8998159885503987,0.7802887633396107,saved per-run metrics; empty fields indicate another schema; may include full-data/in-sample runs
stage2/aux_signal_experiments/results/XN4_both_nexar/seed2/metrics.json,2026-09-26T10:22:59.306326+00:00,70,0.7517291794243723,0.6285714285714286,0.8285714285714286,0.9285568483363952,0.6829710144927537,saved per-run metrics; empty fields indicate another schema; may include full-data/in-sample runs
stage2/aux_signal_experiments/results/XN4_both_nexar/seed3/metrics.json,2026-09-26T10:24:16.623836+00:00,70,0.7408598441700057,0.5857142857142857,0.8714285714285714,0.8998159885503987,0.6392496392496392,saved per-run metrics; empty fields indicate another schema; may include full-data/in-sample runs
stage2/aux_signal_experiments/results/XN4_full/seed0/metrics.json,2026-09-26T12:29:27.228147+00:00,70,0.9623587300083924,0.9857142857142858,0.9714285714285714,0.9856879983643426,0.863370201691607,saved per-run metrics; empty fields indicate another schema; may include full-data/in-sample runs
stage2/aux_signal_experiments/results/XN4_full/seed1/metrics.json,2026-09-26T12:32:32.285366+00:00,70,0.9506963370095532,0.9428571428571428,0.9714285714285714,0.9856879983643426,0.8856209150326797,saved per-run metrics; empty fields indicate another schema; may include full-data/in-sample runs
stage2/aux_signal_experiments/results/XN4_full/seed2/metrics.json,2026-09-26T12:33:33.257222+00:00,70,0.9363596932611449,0.8714285714285714,0.9714285714285714,0.9856879983643426,0.9567099567099566,saved per-run metrics; empty fields indicate another schema; may include full-data/in-sample runs
stage2/aux_signal_experiments/results/XN4_full/seed3/metrics.json,2026-09-26T12:34:55.202600+00:00,70,0.9563596932611449,0.9714285714285714,0.9285714285714286,0.9856879983643426,0.9567099567099566,saved per-run metrics; empty fields indicate another schema; may include full-data/in-sample runs
stage2/aux_signal_experiments/results/XN4e0_both_nexar_collonly/cv/fold0_seed0/metrics.json,2026-09-26T11:10:17.465526+00:00,70,0.7958421862582964,0.6428571428571429,0.9428571428571428,0.8999795876709533,0.7056349873843566,saved per-run metrics; empty fields indicate another schema; may include full-data/in-sample runs
stage2/aux_signal_experiments/results/XN4e0_both_nexar_collonly/cv/fold0_seed1/metrics.json,2026-09-26T11:14:44.677752+00:00,70,0.7751287753581126,0.6285714285714286,0.8857142857142857,0.9285568483363952,0.7056349873843566,saved per-run metrics; empty fields indicate another schema; may include full-data/in-sample runs
stage2/aux_signal_experiments/results/XN4e0_both_nexar_collonly/cv/fold0_seed2/metrics.json,2026-09-26T11:21:42.286022+00:00,70,0.7692147448799005,0.6,0.9,0.8714023270055113,0.7566959721938253,saved per-run metrics; empty fields indicate another schema; may include full-data/in-sample runs
stage2/aux_signal_experiments/results/XN4e0_both_nexar_collonly/cv/fold1_seed0/metrics.json,2026-09-26T11:11:18.157404+00:00,70,0.7607308970099668,0.6428571428571429,0.8142857142857143,0.9428571428571428,0.7286821705426356,saved per-run metrics; empty fields indicate another schema; may include full-data/in-sample runs
stage2/aux_signal_experiments/results/XN4e0_both_nexar_collonly/cv/fold1_seed1/metrics.json,2026-09-26T11:16:36.603097+00:00,70,0.7602528608342562,0.6428571428571429,0.8,0.9428571428571428,0.7588285960378984,saved per-run metrics; empty fields indicate another schema; may include full-data/in-sample runs
stage2/aux_signal_experiments/results/XN4e0_both_nexar_collonly/cv/fold1_seed2/metrics.json,2026-09-26T11:24:03.147034+00:00,70,0.7094129903070929,0.5285714285714286,0.7857142857142857,0.9142857142857143,0.7484675544282393,saved per-run metrics; empty fields indicate another schema; may include full-data/in-sample runs
stage2/aux_signal_experiments/results/XN4e0_both_nexar_collonly/cv/fold2_seed0/metrics.json,2026-09-26T11:10:35.503671+00:00,70,0.7528513415458697,0.6,0.8571428571428571,0.9428104575163399,0.6761984861227923,saved per-run metrics; empty fields indicate another schema; may include full-data/in-sample runs
stage2/aux_signal_experiments/results/XN4e0_both_nexar_collonly/cv/fold2_seed1/metrics.json,2026-09-26T11:18:14.610360+00:00,70,0.7209543692316512,0.5857142857142857,0.7857142857142857,0.9426699426699428,0.6636925188743994,saved per-run metrics; empty fields indicate another schema; may include full-data/in-sample runs
stage2/aux_signal_experiments/results/XN4e0_both_nexar_collonly/cv/fold2_seed2/metrics.json,2026-09-26T11:23:44.450005+00:00,70,0.6909681372549019,0.5285714285714286,0.8,0.8856209150326797,0.6208333333333333,saved per-run metrics; empty fields indicate another schema; may include full-data/in-sample runs
stage2/aux_signal_experiments/results/XN4e0_both_nexar_collonly/cv/fold3_seed0/metrics.json,2026-09-26T11:12:34.703483+00:00,70,0.7162728052015268,0.5428571428571428,0.8285714285714286,0.911690496215307,0.6634615384615384,saved per-run metrics; empty fields indicate another schema; may include full-data/in-sample runs
stage2/aux_signal_experiments/results/XN4e0_both_nexar_collonly/cv/fold3_seed1/metrics.json,2026-09-26T11:17:59.886093+00:00,70,0.7279230769230769,0.5428571428571428,0.8428571428571429,0.8994871794871795,0.72,saved per-run metrics; empty fields indicate another schema; may include full-data/in-sample runs
stage2/aux_signal_experiments/results/XN4e0_both_nexar_collonly/cv/fold3_seed2/metrics.json,2026-09-26T11:24:11.885883+00:00,70,0.7189133538261988,0.5857142857142857,0.8285714285714286,0.914004914004914,0.5787507781697447,saved per-run metrics; empty fields indicate another schema; may include full-data/in-sample runs
stage2/aux_signal_experiments/results/XN4e0_both_nexar_collonly/cv/fold4_seed0/metrics.json,2026-09-26T11:14:00.586052+00:00,69,0.7302747533796127,0.6521739130434783,0.782608695652174,0.8685714285714285,0.6521008403361345,saved per-run metrics; empty fields indicate another schema; may include full-data/in-sample runs
stage2/aux_signal_experiments/results/XN4e0_both_nexar_collonly/cv/fold4_seed1/metrics.json,2026-09-26T11:19:03.883261+00:00,69,0.736713760491744,0.6811594202898551,0.7681159420289855,0.8685714285714285,0.6612111292962357,saved per-run metrics; empty fields indicate another schema; may include full-data/in-sample runs
stage2/aux_signal_experiments/results/XN4e0_both_nexar_collonly/cv/fold4_seed2/metrics.json,2026-09-26T11:25:53.611493+00:00,69,0.7165177075821498,0.6666666666666666,0.7246376811594203,0.8525641025641026,0.6778438030560272,saved per-run metrics; empty fields indicate another schema; may include full-data/in-sample runs
stage2/aux_signal_experiments/results/XN4e0_both_nexar_collonly/seed0/metrics.json,2026-09-26T11:06:05.234130+00:00,70,0.7266673005682294,0.6285714285714286,0.8285714285714286,0.914004914004914,0.5304437564499485,saved per-run metrics; empty fields indicate another schema; may include full-data/in-sample runs
stage2/aux_signal_experiments/results/XN4e0_both_nexar_collonly/seed1/metrics.json,2026-09-26T11:06:06.751453+00:00,70,0.7153846153846153,0.5285714285714286,0.8428571428571429,0.8707692307692307,0.6984615384615385,saved per-run metrics; empty fields indicate another schema; may include full-data/in-sample runs
stage2/experiments_v2/results/B0_pooled_baseline/metrics.json,2026-09-25T04:14:54.629712+00:00,,,,,,,saved per-run metrics; empty fields indicate another schema; may include full-data/in-sample runs
stage2/experiments_v2/results/E1_dense/metrics.json,2026-09-25T04:14:54.630294+00:00,,,,,,,saved per-run metrics; empty fields indicate another schema; may include full-data/in-sample runs
stage2/experiments_v2/results/E2a_dilated/metrics.json,2026-09-25T04:14:54.630560+00:00,,,,,,,saved per-run metrics; empty fields indicate another schema; may include full-data/in-sample runs
stage2/experiments_v2/results/E2b_maxer/metrics.json,2026-09-25T04:14:54.630777+00:00,,,,,,,saved per-run metrics; empty fields indicate another schema; may include full-data/in-sample runs
stage2/experiments_v2/results/E2c_attention/metrics.json,2026-09-25T04:14:54.630977+00:00,,,,,,,saved per-run metrics; empty fields indicate another schema; may include full-data/in-sample runs
stage2/experiments_v2/results/E3_multirate/metrics.json,2026-09-25T04:14:54.631285+00:00,,,,,,,saved per-run metrics; empty fields indicate another schema; may include full-data/in-sample runs
stage2/experiments_v2/results/E4_soft/metrics.json,2026-09-25T04:14:54.631624+00:00,,,,,,,saved per-run metrics; empty fields indicate another schema; may include full-data/in-sample runs
stage2/experiments_v2/results/E5_state_aux/metrics.json,2026-09-25T04:14:54.631831+00:00,,,,,,,saved per-run metrics; empty fields indicate another schema; may include full-data/in-sample runs
stage2/experiments_v2/results/E6_augmentation/metrics.json,2026-09-25T04:14:54.632008+00:00,,,,,,,saved per-run metrics; empty fields indicate another schema; may include full-data/in-sample runs
stage2/experiments_v2/results/E7_consistency/metrics.json,2026-09-25T04:14:54.632272+00:00,,,,,,,saved per-run metrics; empty fields indicate another schema; may include full-data/in-sample runs
stage2/experiments_v2/results/E8_event_conditioned/metrics.json,2026-09-25T04:14:54.632596+00:00,,,,,,,saved per-run metrics; empty fields indicate another schema; may include full-data/in-sample runs
stage2/generalization/results/E2_sa/cv/fold0_seed0/metrics.json,2026-09-26T16:03:46.527822+00:00,70,0.7355973982825598,0.5571428571428572,0.8428571428571429,0.8998159885503987,0.7375,saved per-run metrics; empty fields indicate another schema; may include full-data/in-sample runs
stage2/generalization/results/E2_sa/cv/fold0_seed1/metrics.json,2026-09-26T16:07:55.098416+00:00,70,0.7462606220951817,0.5714285714285714,0.8571428571428571,0.8998159885503987,0.7419214920841466,saved per-run metrics; empty fields indicate another schema; may include full-data/in-sample runs
stage2/generalization/results/E2_sa/cv/fold0_seed2/metrics.json,2026-09-26T16:10:21.314173+00:00,70,0.7676214880502936,0.6571428571428571,0.8285714285714286,0.8998159885503987,0.7509939317848922,saved per-run metrics; empty fields indicate another schema; may include full-data/in-sample runs
stage2/generalization/results/E2_sa/cv/fold0_seed3/metrics.json,2026-09-26T21:20:26.481199+00:00,70,0.76297760104883,0.5857142857142857,0.9,0.9142156862745098,0.7056349873843566,saved per-run metrics; empty fields indicate another schema; may include full-data/in-sample runs
stage2/generalization/results/E2_sa/cv/fold0_seed4/metrics.json,2026-09-26T23:25:38.609163+00:00,70,0.7618699678699679,0.6285714285714286,0.8571428571428571,0.914004914004914,0.6984615384615385,saved per-run metrics; empty fields indicate another schema; may include full-data/in-sample runs
stage2/generalization/results/E2_sa/cv/fold0_seed5/metrics.json,2026-09-26T23:26:36.085297+00:00,70,0.7617748917748918,0.6428571428571429,0.8428571428571429,0.8571428571428571,0.7546897546897546,saved per-run metrics; empty fields indicate another schema; may include full-data/in-sample runs
stage2/generalization/results/E2_sa/cv/fold1_seed0/metrics.json,2026-09-26T16:04:26.219984+00:00,70,0.7280816240970072,0.6285714285714286,0.8285714285714286,0.8856209150326797,0.5682565789473684,saved per-run metrics; empty fields indicate another schema; may include full-data/in-sample runs
stage2/generalization/results/E2_sa/cv/fold1_seed1/metrics.json,2026-09-26T16:07:51.312276+00:00,70,0.7302528608342562,0.5857142857142857,0.7714285714285715,0.9428571428571428,0.7588285960378984,saved per-run metrics; empty fields indicate another schema; may include full-data/in-sample runs
stage2/generalization/results/E2_sa/cv/fold1_seed2/metrics.json,2026-09-26T16:11:02.515838+00:00,70,0.7196266406957197,0.5428571428571428,0.8285714285714286,0.8853398853398853,0.712171052631579,saved per-run metrics; empty fields indicate another schema; may include full-data/in-sample runs
stage2/generalization/results/E2_sa/cv/fold1_seed3/metrics.json,2026-09-26T21:20:53.504835+00:00,70,0.7179635512208093,0.5857142857142857,0.7571428571428571,0.9284399918217133,0.7246503496503496,saved per-run metrics; empty fields indicate another schema; may include full-data/in-sample runs
stage2/generalization/results/E2_sa/cv/fold1_seed4/metrics.json,2026-09-26T23:25:34.588911+00:00,70,0.7435858528318545,0.6285714285714286,0.7857142857142857,0.9285568483363952,0.7286821705426356,saved per-run metrics; empty fields indicate another schema; may include full-data/in-sample runs
stage2/generalization/results/E2_sa/cv/fold1_seed5/metrics.json,2026-09-26T23:26:40.305412+00:00,70,0.7197464233942943,0.5714285714285714,0.8285714285714286,0.8999795876709533,0.6316632349576756,saved per-run metrics; empty fields indicate another schema; may include full-data/in-sample runs
stage2/generalization/results/E2_sa/cv/fold2_seed0/metrics.json,2026-09-26T16:05:33.455026+00:00,70,0.7594585561497325,0.6285714285714286,0.8428571428571429,0.9142156862745098,0.7155080213903744,saved per-run metrics; empty fields indicate another schema; may include full-data/in-sample runs
stage2/generalization/results/E2_sa/cv/fold2_seed1/metrics.json,2026-09-26T16:08:43.899531+00:00,70,0.7065007622634741,0.5571428571428572,0.7857142857142857,0.9428571428571428,0.633814605566018,saved per-run metrics; empty fields indicate another schema; may include full-data/in-sample runs
stage2/generalization/results/E2_sa/cv/fold2_seed2/metrics.json,2026-09-26T16:11:59.445367+00:00,70,0.7274202395652725,0.5571428571428572,0.8142857142857143,0.957063995093028,0.692404268675455,saved per-run metrics; empty fields indicate another schema; may include full-data/in-sample runs
stage2/generalization/results/E2_sa/cv/fold2_seed3/metrics.json,2026-09-26T21:30:25.983783+00:00,70,0.7405202451039289,0.5857142857142857,0.7857142857142857,0.9428571428571428,0.7939444911690496,saved per-run metrics; empty fields indicate another schema; may include full-data/in-sample runs
stage2/generalization/results/E2_sa/cv/fold2_seed4/metrics.json,2026-09-26T23:26:00.057755+00:00,70,0.754415364457929,0.6285714285714286,0.8142857142857143,0.957134109001837,0.7056349873843566,saved per-run metrics; empty fields indicate another schema; may include full-data/in-sample runs
stage2/generalization/results/E2_sa/cv/fold2_seed5/metrics.json,2026-09-26T23:27:19.526562+00:00,70,0.6864445068336527,0.5142857142857142,0.7571428571428571,0.8856209150326797,0.7240091305250052,saved per-run metrics; empty fields indicate another schema; may include full-data/in-sample runs
stage2/generalization/results/E2_sa/cv/fold3_seed0/metrics.json,2026-09-26T16:06:22.528444+00:00,70,0.7715735308974345,0.6428571428571429,0.8714285714285714,0.8983191533513177,0.712171052631579,saved per-run metrics; empty fields indicate another schema; may include full-data/in-sample runs
stage2/generalization/results/E2_sa/cv/fold3_seed1/metrics.json,2026-09-26T16:08:49.750824+00:00,70,0.7617966131208914,0.6285714285714286,0.9142857142857143,0.8552522746071134,0.623391812865497,saved per-run metrics; empty fields indicate another schema; may include full-data/in-sample runs
stage2/generalization/results/E2_sa/cv/fold3_seed2/metrics.json,2026-09-26T16:12:25.672664+00:00,70,0.7283492425814484,0.5428571428571428,0.8428571428571429,0.9273708238223698,0.6949574600539531,saved per-run metrics; empty fields indicate another schema; may include full-data/in-sample runs
stage2/generalization/results/E2_sa/cv/fold3_seed3/metrics.json,2026-09-26T21:31:09.446133+00:00,70,0.7423515678249163,0.5714285714285714,0.8714285714285714,0.8668357641090678,0.7155080213903744,saved per-run metrics; empty fields indicate another schema; may include full-data/in-sample runs
stage2/generalization/results/E2_sa/cv/fold3_seed4/metrics.json,2026-09-26T23:25:33.020967+00:00,70,0.7536085133040159,0.5714285714285714,0.9,0.8983191533513177,0.692404268675455,saved per-run metrics; empty fields indicate another schema; may include full-data/in-sample runs
stage2/generalization/results/E2_sa/cv/fold3_seed5/metrics.json,2026-09-26T23:27:42.812402+00:00,70,0.7668330656179608,0.6142857142857143,0.8857142857142857,0.9267629211132036,0.6854575163398693,saved per-run metrics; empty fields indicate another schema; may include full-data/in-sample runs
stage2/generalization/results/E2_sa/cv/fold4_seed0/metrics.json,2026-09-26T16:06:34.834327+00:00,69,0.7224752134366202,0.6666666666666666,0.7391304347826086,0.8685714285714285,0.667736757624398,saved per-run metrics; empty fields indicate another schema; may include full-data/in-sample runs
stage2/generalization/results/E2_sa/cv/fold4_seed1/metrics.json,2026-09-26T16:10:10.793626+00:00,69,0.74101600246091,0.6666666666666666,0.7681159420289855,0.8685714285714285,0.723709167544784,saved per-run metrics; empty fields indicate another schema; may include full-data/in-sample runs
stage2/generalization/results/E2_sa/cv/fold4_seed2/metrics.json,2026-09-26T16:13:05.492001+00:00,69,0.7195633830811865,0.6521739130434783,0.7971014492753623,0.7918103448275862,0.6236363636363637,saved per-run metrics; empty fields indicate another schema; may include full-data/in-sample runs
stage2/generalization/results/E2_sa/cv/fold4_seed3/metrics.json,2026-09-26T21:46:05.576386+00:00,69,0.699758068347026,0.5942028985507246,0.7536231884057971,0.8840336134453781,0.6360926393029123,saved per-run metrics; empty fields indicate another schema; may include full-data/in-sample runs
stage2/generalization/results/E2_sa/cv/fold4_seed4/metrics.json,2026-09-26T23:26:33.500205+00:00,69,0.7468992757002098,0.6811594202898551,0.7681159420289855,0.8982086406743941,0.6994773519163764,saved per-run metrics; empty fields indicate another schema; may include full-data/in-sample runs
stage2/generalization/results/E2_sa/cv/fold4_seed5/metrics.json,2026-09-26T23:27:48.560891+00:00,69,0.724494717667272,0.6376811594202898,0.7246376811594203,0.9125844594594594,0.7386363636363636,saved per-run metrics; empty fields indicate another schema; may include full-data/in-sample runs
stage2/generalization/results/E2_sa_ema/cv/fold0_seed0/metrics.json,2026-09-26T19:02:05.350605+00:00,70,0.7585737678613106,0.6142857142857143,0.8571428571428571,0.8998159885503987,0.7240091305250052,saved per-run metrics; empty fields indicate another schema; may include full-data/in-sample runs
stage2/generalization/results/E2_sa_ema/cv/fold0_seed1/metrics.json,2026-09-26T19:05:59.077332+00:00,70,0.7551112468809104,0.5714285714285714,0.8857142857142857,0.9284399918217133,0.7056349873843566,saved per-run metrics; empty fields indicate another schema; may include full-data/in-sample runs
stage2/generalization/results/E2_sa_ema/cv/fold0_seed2/metrics.json,2026-09-26T19:10:05.654989+00:00,70,0.7578009828009828,0.6285714285714286,0.8285714285714286,0.8853398853398853,0.7666666666666666,saved per-run metrics; empty fields indicate another schema; may include full-data/in-sample runs
stage2/generalization/results/E2_sa_ema/cv/fold0_seed3/metrics.json,2026-09-26T23:33:35.571461+00:00,70,0.7558176463902132,0.5857142857142857,0.8857142857142857,0.8998159885503987,0.7056349873843566,saved per-run metrics; empty fields indicate another schema; may include full-data/in-sample runs
stage2/generalization/results/E2_sa_ema/cv/fold0_seed4/metrics.json,2026-09-26T23:35:02.359173+00:00,70,0.7699010989010988,0.6142857142857143,0.8857142857142857,0.8707692307692307,0.7619047619047619,saved per-run metrics; empty fields indicate another schema; may include full-data/in-sample runs
stage2/generalization/results/E2_sa_ema/cv/fold0_seed5/metrics.json,2026-09-26T23:37:03.135291+00:00,70,0.7903556021352631,0.6714285714285714,0.8857142857142857,0.914004914004914,0.7216991002301736,saved per-run metrics; empty fields indicate another schema; may include full-data/in-sample runs
stage2/generalization/results/E2_sa_ema/cv/fold1_seed0/metrics.json,2026-09-26T19:02:41.271435+00:00,70,0.7266169416169416,0.5428571428571428,0.8428571428571429,0.9426699426699428,0.6681096681096681,saved per-run metrics; empty fields indicate another schema; may include full-data/in-sample runs
stage2/generalization/results/E2_sa_ema/cv/fold1_seed1/metrics.json,2026-09-26T19:06:52.099199+00:00,70,0.7407072829131653,0.6,0.7857142857142857,0.9428104575163399,0.7619047619047619,saved per-run metrics; empty fields indicate another schema; may include full-data/in-sample runs
stage2/generalization/results/E2_sa_ema/cv/fold1_seed2/metrics.json,2026-09-26T19:10:55.669199+00:00,70,0.7630087689980298,0.6142857142857143,0.8428571428571429,0.971217105263158,0.7155080213903744,saved per-run metrics; empty fields indicate another schema; may include full-data/in-sample runs
stage2/generalization/results/E2_sa_ema/cv/fold1_seed3/metrics.json,2026-09-26T23:33:40.137265+00:00,70,0.7728558306359898,0.6571428571428571,0.8142857142857143,0.957134109001837,0.7619047619047619,saved per-run metrics; empty fields indicate another schema; may include full-data/in-sample runs
stage2/generalization/results/E2_sa_ema/cv/fold1_seed4/metrics.json,2026-09-26T23:35:22.571239+00:00,70,0.7502934964662964,0.6714285714285714,0.7571428571428571,0.957063995093028,0.7115593146822815,saved per-run metrics; empty fields indicate another schema; may include full-data/in-sample runs
stage2/generalization/results/E2_sa_ema/cv/fold1_seed5/metrics.json,2026-09-26T23:36:56.220448+00:00,70,0.7732397504456328,0.6285714285714286,0.8571428571428571,0.9428104575163399,0.7454545454545455,saved per-run metrics; empty fields indicate another schema; may include full-data/in-sample runs
stage2/generalization/results/E2_sa_ema/cv/fold2_seed0/metrics.json,2026-09-26T19:03:27.722126+00:00,70,0.7313938238628847,0.5857142857142857,0.8,0.957063995093028,0.6855614973262032,saved per-run metrics; empty fields indicate another schema; may include full-data/in-sample runs
stage2/generalization/results/E2_sa_ema/cv/fold2_seed1/metrics.json,2026-09-26T19:07:32.371509+00:00,70,0.7269545454545454,0.5714285714285714,0.7857142857142857,0.9856410256410257,0.6940559440559441,saved per-run metrics; empty fields indicate another schema; may include full-data/in-sample runs
stage2/generalization/results/E2_sa_ema/cv/fold2_seed2/metrics.json,2026-09-26T19:12:02.215737+00:00,70,0.7440530303030304,0.5857142857142857,0.8428571428571429,0.9714052287581699,0.655614973262032,saved per-run metrics; empty fields indicate another schema; may include full-data/in-sample runs
stage2/generalization/results/E2_sa_ema/cv/fold2_seed3/metrics.json,2026-09-26T23:34:02.387462+00:00,70,0.7417738849782399,0.5857142857142857,0.7714285714285715,0.957063995093028,0.8214285714285714,saved per-run metrics; empty fields indicate another schema; may include full-data/in-sample runs
stage2/generalization/results/E2_sa_ema/cv/fold2_seed4/metrics.json,2026-09-26T23:35:44.732599+00:00,70,0.7383810278353828,0.5857142857142857,0.8,0.957063995093028,0.7321428571428572,saved per-run metrics; empty fields indicate another schema; may include full-data/in-sample runs
stage2/generalization/results/E2_sa_ema/cv/fold2_seed5/metrics.json,2026-09-26T23:36:51.026063+00:00,70,0.7188956043956043,0.5285714285714286,0.8142857142857143,0.956923076923077,0.7023809523809523,saved per-run metrics; empty fields indicate another schema; may include full-data/in-sample runs
stage2/generalization/results/E2_sa_ema/cv/fold3_seed0/metrics.json,2026-09-26T19:04:13.119962+00:00,70,0.7764288778311599,0.6428571428571429,0.9,0.9125000000000001,0.6636925188743994,saved per-run metrics; empty fields indicate another schema; may include full-data/in-sample runs
stage2/generalization/results/E2_sa_ema/cv/fold3_seed1/metrics.json,2026-09-26T19:08:16.205088+00:00,70,0.7566470065459053,0.6,0.9,0.8681732580037664,0.6761401189689359,saved per-run metrics; empty fields indicate another schema; may include full-data/in-sample runs
stage2/generalization/results/E2_sa_ema/cv/fold3_seed2/metrics.json,2026-09-26T19:12:44.101545+00:00,70,0.7580494505494504,0.6285714285714286,0.8714285714285714,0.8833333333333333,0.6703296703296704,saved per-run metrics; empty fields indicate another schema; may include full-data/in-sample runs
stage2/generalization/results/E2_sa_ema/cv/fold3_seed3/metrics.json,2026-09-26T23:34:29.155984+00:00,70,0.7819545454545453,0.6285714285714286,0.8857142857142857,0.9856410256410257,0.6940559440559441,saved per-run metrics; empty fields indicate another schema; may include full-data/in-sample runs
stage2/generalization/results/E2_sa_ema/cv/fold3_seed4/metrics.json,2026-09-26T23:35:52.238280+00:00,70,0.7837947999240864,0.6571428571428571,0.8857142857142857,0.9267629211132036,0.698535745047373,saved per-run metrics; empty fields indicate another schema; may include full-data/in-sample runs
stage2/generalization/results/E2_sa_ema/cv/fold3_seed5/metrics.json,2026-09-26T23:37:38.377919+00:00,70,0.7945367132867132,0.6571428571428571,0.8857142857142857,0.9416666666666667,0.7552447552447552,saved per-run metrics; empty fields indicate another schema; may include full-data/in-sample runs
stage2/generalization/results/E2_sa_ema/cv/fold4_seed0/metrics.json,2026-09-26T19:05:06.827492+00:00,69,0.7249596404653403,0.6956521739130435,0.7101449275362319,0.8834459459459459,0.6694250871080138,saved per-run metrics; empty fields indicate another schema; may include full-data/in-sample runs
stage2/generalization/results/E2_sa_ema/cv/fold4_seed1/metrics.json,2026-09-26T19:09:13.623714+00:00,69,0.7464866467980413,0.6666666666666666,0.7536231884057971,0.8984654193819634,0.764102564102564,saved per-run metrics; empty fields indicate another schema; may include full-data/in-sample runs
stage2/generalization/results/E2_sa_ema/cv/fold4_seed2/metrics.json,2026-09-26T19:13:40.421189+00:00,69,0.736707184871832,0.6811594202898551,0.7536231884057971,0.8677879497551628,0.6957671957671958,saved per-run metrics; empty fields indicate another schema; may include full-data/in-sample runs
stage2/generalization/results/E2_sa_ema/cv/fold4_seed3/metrics.json,2026-09-26T23:34:36.511240+00:00,69,0.7297512939958591,0.6521739130434783,0.782608695652174,0.8685714285714285,0.648611111111111,saved per-run metrics; empty fields indicate another schema; may include full-data/in-sample runs
stage2/generalization/results/E2_sa_ema/cv/fold4_seed4/metrics.json,2026-09-26T23:36:20.237632+00:00,69,0.7389898175912044,0.6811594202898551,0.782608695652174,0.8977777777777778,0.6133620689655173,saved per-run metrics; empty fields indicate another schema; may include full-data/in-sample runs
stage2/generalization/results/E2_sa_ema/cv/fold4_seed5/metrics.json,2026-09-26T23:37:37.242342+00:00,69,0.7540736135310722,0.6521739130434783,0.7971014492753623,0.8834459459459459,0.7620689655172415,saved per-run metrics; empty fields indicate another schema; may include full-data/in-sample runs
stage2/generalization/results/E2_sa_ema_full/seed0/metrics.json,2026-09-26T20:08:48.838518+00:00,70,0.9656575682382134,0.9714285714285714,0.9428571428571428,1.0,0.9710504549214227,saved per-run metrics; empty fields indicate another schema; may include full-data/in-sample runs
stage2/generalization/results/E2_sa_ema_full/seed1/metrics.json,2026-09-26T20:10:55.875161+00:00,70,0.9585357655441251,0.9571428571428572,0.9428571428571428,0.9856879983643426,0.971217105263158,saved per-run metrics; empty fields indicate another schema; may include full-data/in-sample runs
stage2/generalization/results/E2_sa_ema_full/seed2/metrics.json,2026-09-26T20:13:55.187708+00:00,70,0.9435107679928648,0.9285714285714286,0.9285714285714286,0.9856879983643426,0.9710504549214227,saved per-run metrics; empty fields indicate another schema; may include full-data/in-sample runs
stage2/generalization/results/E2_sa_ema_full/seed3/metrics.json,2026-09-26T20:16:42.718420+00:00,70,0.9591683362310782,0.9571428571428572,0.9571428571428572,0.9856879983643426,0.9421009098428452,saved per-run metrics; empty fields indicate another schema; may include full-data/in-sample runs
stage2/generalization/results/E2_sa_full/seed0/metrics.json,2026-09-26T17:09:58.717501+00:00,70,0.9470759158926728,0.9428571428571428,0.9428571428571428,0.9714052287581699,0.9424342105263157,saved per-run metrics; empty fields indicate another schema; may include full-data/in-sample runs
stage2/generalization/results/E2_sa_full/seed1/metrics.json,2026-09-26T17:12:04.706589+00:00,70,0.9448777348777347,0.9142857142857143,0.9714285714285714,0.9713349713349714,0.9278499278499278,saved per-run metrics; empty fields indicate another schema; may include full-data/in-sample runs
stage2/generalization/results/E2_sa_full/seed2/metrics.json,2026-09-26T17:14:42.567069+00:00,70,0.9392172778202189,0.9142857142857143,0.9428571428571428,0.9714052287581699,0.9567099567099566,saved per-run metrics; empty fields indicate another schema; may include full-data/in-sample runs
stage2/generalization/results/E2_sa_full/seed3/metrics.json,2026-09-26T17:17:00.792159+00:00,70,0.9348259044692915,0.9428571428571428,0.9142857142857143,0.9856879983643426,0.913151364764268,saved per-run metrics; empty fields indicate another schema; may include full-data/in-sample runs
stage2/generalization/results/E2_sa_xu/cv/fold0_seed0/metrics.json,2026-09-27T10:07:00.161603+00:00,70,0.7846834364630976,0.5714285714285714,0.9571428571428572,0.9428571428571428,0.7216991002301736,saved per-run metrics; empty fields indicate another schema; may include full-data/in-sample runs
stage2/generalization/results/E2_sa_xu/cv/fold0_seed1/metrics.json,2026-09-27T10:09:58.593989+00:00,70,0.7542498018343049,0.5714285714285714,0.8857142857142857,0.8998159885503987,0.7285160236783017,saved per-run metrics; empty fields indicate another schema; may include full-data/in-sample runs
stage2/generalization/results/E2_sa_xu/cv/fold0_seed2/metrics.json,2026-09-27T10:14:19.419840+00:00,70,0.7799829346925542,0.6285714285714286,0.8714285714285714,0.9142156862745098,0.7856705450091855,saved per-run metrics; empty fields indicate another schema; may include full-data/in-sample runs
stage2/generalization/results/E2_sa_xu/cv/fold1_seed0/metrics.json,2026-09-27T10:06:34.142294+00:00,70,0.7745314962631553,0.6142857142857143,0.8714285714285714,0.9282051282051282,0.7686715135492399,saved per-run metrics; empty fields indicate another schema; may include full-data/in-sample runs
stage2/generalization/results/E2_sa_xu/cv/fold1_seed1/metrics.json,2026-09-27T10:10:55.510747+00:00,70,0.7532615091167723,0.6142857142857143,0.8285714285714286,0.8853398853398853,0.7697368421052632,saved per-run metrics; empty fields indicate another schema; may include full-data/in-sample runs
stage2/generalization/results/E2_sa_xu/cv/fold1_seed2/metrics.json,2026-09-27T10:15:06.237426+00:00,70,0.7864344773847922,0.6714285714285714,0.8428571428571429,0.8999795876709533,0.8095835948943293,saved per-run metrics; empty fields indicate another schema; may include full-data/in-sample runs
stage2/generalization/results/E2_sa_xu/cv/fold2_seed0/metrics.json,2026-09-27T10:07:46.826188+00:00,70,0.7510678229481648,0.6142857142857143,0.8285714285714286,0.957063995093028,0.6833881578947368,saved per-run metrics; empty fields indicate another schema; may include full-data/in-sample runs
stage2/generalization/results/E2_sa_xu/cv/fold2_seed1/metrics.json,2026-09-27T10:12:28.564315+00:00,70,0.7171035836348141,0.5,0.8428571428571429,0.971217105263158,0.6761401189689359,saved per-run metrics; empty fields indicate another schema; may include full-data/in-sample runs
stage2/generalization/results/E2_sa_xu/cv/fold2_seed2/metrics.json,2026-09-27T10:15:58.747715+00:00,70,0.7164906233598449,0.5428571428571428,0.8142857142857143,0.9142156862745098,0.6957218027911233,saved per-run metrics; empty fields indicate another schema; may include full-data/in-sample runs
stage2/generalization/results/E2_sa_xu/cv/fold3_seed0/metrics.json,2026-09-27T10:08:51.637012+00:00,70,0.7462746095847711,0.5857142857142857,0.8428571428571429,0.8998159885503987,0.742014742014742,saved per-run metrics; empty fields indicate another schema; may include full-data/in-sample runs
stage2/generalization/results/E2_sa_xu/cv/fold3_seed1/metrics.json,2026-09-27T10:12:14.456899+00:00,70,0.7653321514012302,0.5571428571428572,0.9142857142857143,0.9567099567099566,0.712171052631579,saved per-run metrics; empty fields indicate another schema; may include full-data/in-sample runs
stage2/generalization/results/E2_sa_xu/cv/fold3_seed2/metrics.json,2026-09-27T10:17:01.228650+00:00,70,0.7404511268798485,0.5428571428571428,0.8714285714285714,0.911690496215307,0.7246503496503496,saved per-run metrics; empty fields indicate another schema; may include full-data/in-sample runs
stage2/generalization/results/E2_sa_xu/cv/fold4_seed0/metrics.json,2026-09-27T10:09:13.492450+00:00,69,0.7111993510345912,0.6231884057971014,0.7681159420289855,0.8685714285714285,0.6263807667316439,saved per-run metrics; empty fields indicate another schema; may include full-data/in-sample runs
stage2/generalization/results/E2_sa_xu/cv/fold4_seed1/metrics.json,2026-09-27T10:13:22.972154+00:00,69,0.7368508051701208,0.6521739130434783,0.7971014492753623,0.8685714285714285,0.6621247604854162,saved per-run metrics; empty fields indicate another schema; may include full-data/in-sample runs
stage2/generalization/results/E2_sa_xu/cv/fold4_seed2/metrics.json,2026-09-27T10:16:56.072926+00:00,69,0.7326314990412091,0.6521739130434783,0.7971014492753623,0.9125844594594594,0.5899830220713073,saved per-run metrics; empty fields indicate another schema; may include full-data/in-sample runs
stage2/generalization/results/E4_ab/cv/fold0_seed0/metrics.json,2026-09-26T17:56:12.412645+00:00,70,0.775546671280059,0.6714285714285714,0.8714285714285714,0.8994871794871795,0.6708239623798814,saved per-run metrics; empty fields indicate another schema; may include full-data/in-sample runs
stage2/generalization/results/E4_ab/cv/fold0_seed1/metrics.json,2026-09-26T18:00:12.557122+00:00,70,0.7438468571570187,0.5571428571428572,0.8714285714285714,0.8998159885503987,0.7258297258297258,saved per-run metrics; empty fields indicate another schema; may include full-data/in-sample runs
stage2/generalization/results/E4_ab/cv/fold0_seed2/metrics.json,2026-09-26T18:02:38.002073+00:00,70,0.7542641551002423,0.6,0.8857142857142857,0.8856209150326797,0.6761401189689359,saved per-run metrics; empty fields indicate another schema; may include full-data/in-sample runs
stage2/generalization/results/E4_ab/cv/fold1_seed0/metrics.json,2026-09-26T17:56:38.073782+00:00,70,0.7429628451033463,0.6,0.8571428571428571,0.8111641419381614,0.7419214920841466,saved per-run metrics; empty fields indicate another schema; may include full-data/in-sample runs
stage2/generalization/results/E4_ab/cv/fold1_seed1/metrics.json,2026-09-26T17:59:49.415115+00:00,70,0.7409998959755992,0.5857142857142857,0.8285714285714286,0.9284399918217133,0.7115593146822815,saved per-run metrics; empty fields indicate another schema; may include full-data/in-sample runs
stage2/generalization/results/E4_ab/cv/fold1_seed2/metrics.json,2026-09-26T18:03:27.313048+00:00,70,0.7358858024725103,0.5285714285714286,0.8571428571428571,0.957063995093028,0.7155080213903744,saved per-run metrics; empty fields indicate another schema; may include full-data/in-sample runs
stage2/generalization/results/E4_ab/cv/fold2_seed0/metrics.json,2026-09-26T17:57:40.127169+00:00,70,0.6962978249796434,0.5571428571428572,0.7571428571428571,0.9285568483363952,0.6467619848612278,saved per-run metrics; empty fields indicate another schema; may include full-data/in-sample runs
stage2/generalization/results/E4_ab/cv/fold2_seed1/metrics.json,2026-09-26T18:01:01.420834+00:00,70,0.7192598967297763,0.5571428571428572,0.7857142857142857,0.9428571428571428,0.7188755020080322,saved per-run metrics; empty fields indicate another schema; may include full-data/in-sample runs
stage2/generalization/results/E4_ab/cv/fold2_seed2/metrics.json,2026-09-26T18:04:24.665460+00:00,70,0.7128215092458318,0.5714285714285714,0.7714285714285715,0.9426699426699428,0.6761401189689359,saved per-run metrics; empty fields indicate another schema; may include full-data/in-sample runs
stage2/generalization/results/E4_ab/cv/fold3_seed0/metrics.json,2026-09-26T17:58:51.069177+00:00,70,0.7631228297753722,0.6428571428571429,0.8428571428571429,0.9267629211132036,0.6940559440559441,saved per-run metrics; empty fields indicate another schema; may include full-data/in-sample runs
stage2/generalization/results/E4_ab/cv/fold3_seed1/metrics.json,2026-09-26T18:01:08.026101+00:00,70,0.7176549619530754,0.5285714285714286,0.8571428571428571,0.896427816529275,0.6546052631578947,saved per-run metrics; empty fields indicate another schema; may include full-data/in-sample runs
stage2/generalization/results/E4_ab/cv/fold3_seed2/metrics.json,2026-09-26T18:04:47.471814+00:00,70,0.7387240974409015,0.5714285714285714,0.8142857142857143,0.9564224942934219,0.735071488645921,saved per-run metrics; empty fields indicate another schema; may include full-data/in-sample runs
stage2/generalization/results/E4_ab/cv/fold4_seed0/metrics.json,2026-09-26T17:58:38.280115+00:00,69,0.6807135686218642,0.5797101449275363,0.7391304347826086,0.8371594078523923,0.6236363636363637,saved per-run metrics; empty fields indicate another schema; may include full-data/in-sample runs
stage2/generalization/results/E4_ab/cv/fold4_seed1/metrics.json,2026-09-26T18:02:16.218841+00:00,69,0.7244414978999535,0.6231884057971014,0.782608695652174,0.9272918861959958,0.6221248630887185,saved per-run metrics; empty fields indicate another schema; may include full-data/in-sample runs
stage2/generalization/results/E4_ab/cv/fold4_seed2/metrics.json,2026-09-26T18:05:34.095552+00:00,69,0.7251843355635119,0.6666666666666666,0.7246376811594203,0.8694555392053815,0.7187298862904956,saved per-run metrics; empty fields indicate another schema; may include full-data/in-sample runs
stage2/generalization/results/E4_ce4/cv/fold0_seed0/metrics.json,2026-09-26T14:09:07.457765+00:00,70,0.7706301488654429,0.6428571428571429,0.8857142857142857,0.914004914004914,0.6568627450980392,saved per-run metrics; empty fields indicate another schema; may include full-data/in-sample runs
stage2/generalization/results/E4_ce4/cv/fold0_seed1/metrics.json,2026-09-26T14:14:13.834645+00:00,70,0.7202822089287693,0.5285714285714286,0.8285714285714286,0.9428104575163399,0.692404268675455,saved per-run metrics; empty fields indicate another schema; may include full-data/in-sample runs
stage2/generalization/results/E4_ce4/cv/fold0_seed2/metrics.json,2026-09-26T14:17:53.377023+00:00,70,0.71995787995788,0.5142857142857142,0.8571428571428571,0.914004914004914,0.6857142857142857,saved per-run metrics; empty fields indicate another schema; may include full-data/in-sample runs
stage2/generalization/results/E4_ce4/cv/fold1_seed0/metrics.json,2026-09-26T14:10:03.773245+00:00,70,0.7114263843933163,0.5428571428571428,0.7857142857142857,0.9285568483363952,0.7142857142857143,saved per-run metrics; empty fields indicate another schema; may include full-data/in-sample runs
stage2/generalization/results/E4_ce4/cv/fold1_seed1/metrics.json,2026-09-26T14:14:58.872404+00:00,70,0.7192747238639551,0.5285714285714286,0.8285714285714286,0.8998159885503987,0.7286821705426356,saved per-run metrics; empty fields indicate another schema; may include full-data/in-sample runs
stage2/generalization/results/E4_ce4/cv/fold1_seed2/metrics.json,2026-09-26T14:18:57.052789+00:00,70,0.7218210361067503,0.5285714285714286,0.8142857142857143,0.9142857142857143,0.7645211930926217,saved per-run metrics; empty fields indicate another schema; may include full-data/in-sample runs
stage2/generalization/results/E4_ce4/cv/fold2_seed0/metrics.json,2026-09-26T14:11:16.042968+00:00,70,0.6994633537187536,0.5571428571428572,0.7714285714285715,0.8999795876709533,0.6631094371207366,saved per-run metrics; empty fields indicate another schema; may include full-data/in-sample runs
stage2/generalization/results/E4_ce4/cv/fold2_seed1/metrics.json,2026-09-26T14:15:41.673715+00:00,70,0.6849636782423814,0.4857142857142857,0.7714285714285715,0.9142156862745098,0.7188755020080322,saved per-run metrics; empty fields indicate another schema; may include full-data/in-sample runs
stage2/generalization/results/E4_ce4/cv/fold2_seed2/metrics.json,2026-09-26T14:19:42.058988+00:00,70,0.7364366798087729,0.5571428571428572,0.8571428571428571,0.9713349713349714,0.6382428940568475,saved per-run metrics; empty fields indicate another schema; may include full-data/in-sample runs
stage2/generalization/results/E4_ce4/cv/fold3_seed0/metrics.json,2026-09-26T14:14:00.501967+00:00,70,0.7667958409646598,0.6428571428571429,0.8714285714285714,0.9273708238223698,0.651268115942029,saved per-run metrics; empty fields indicate another schema; may include full-data/in-sample runs
stage2/generalization/results/E4_ce4/cv/fold3_seed1/metrics.json,2026-09-26T14:16:46.200453+00:00,70,0.7544005751908787,0.6142857142857143,0.8571428571428571,0.897468089558485,0.698535745047373,saved per-run metrics; empty fields indicate another schema; may include full-data/in-sample runs
stage2/generalization/results/E4_ce4/cv/fold3_seed2/metrics.json,2026-09-26T14:20:28.120515+00:00,70,0.7538224428980598,0.6,0.8714285714285714,0.896427816529275,0.6957218027911233,saved per-run metrics; empty fields indicate another schema; may include full-data/in-sample runs
stage2/generalization/results/E4_ce4/cv/fold4_seed0/metrics.json,2026-09-26T14:13:37.758433+00:00,69,0.7043263254278971,0.5942028985507246,0.7681159420289855,0.8384074941451991,0.6783573806881242,saved per-run metrics; empty fields indicate another schema; may include full-data/in-sample runs
stage2/generalization/results/E4_ce4/cv/fold4_seed1/metrics.json,2026-09-26T14:17:00.329109+00:00,69,0.7208478968916728,0.6231884057971014,0.7971014492753623,0.8982086406743941,0.5934343434343434,saved per-run metrics; empty fields indicate another schema; may include full-data/in-sample runs
stage2/generalization/results/E4_ce4/cv/fold4_seed2/metrics.json,2026-09-26T14:21:29.982191+00:00,69,0.6954433948510613,0.5942028985507246,0.7391304347826086,0.8828522920203735,0.6423258958755916,saved per-run metrics; empty fields indicate another schema; may include full-data/in-sample runs
stage2/generalization/results/E4_ema/cv/fold0_seed0/metrics.json,2026-09-26T18:39:13.834144+00:00,70,0.7733649157207334,0.6428571428571429,0.8857142857142857,0.8998159885503987,0.689283449587825,saved per-run metrics; empty fields indicate another schema; may include full-data/in-sample runs
stage2/generalization/results/E4_ema/cv/fold0_seed1/metrics.json,2026-09-26T18:42:46.430127+00:00,70,0.7679405545112781,0.6,0.9142857142857143,0.9136513157894737,0.6726190476190477,saved per-run metrics; empty fields indicate another schema; may include full-data/in-sample runs
stage2/generalization/results/E4_ema/cv/fold0_seed2/metrics.json,2026-09-26T18:45:54.256751+00:00,70,0.7738346343030793,0.6428571428571429,0.8714285714285714,0.914004914004914,0.7115593146822815,saved per-run metrics; empty fields indicate another schema; may include full-data/in-sample runs
stage2/generalization/results/E4_ema/cv/fold1_seed0/metrics.json,2026-09-26T18:39:53.630081+00:00,70,0.7481624686309136,0.6,0.8285714285714286,0.9428571428571428,0.7115593146822815,saved per-run metrics; empty fields indicate another schema; may include full-data/in-sample runs
stage2/generalization/results/E4_ema/cv/fold1_seed1/metrics.json,2026-09-26T18:43:11.402208+00:00,70,0.7274894957983192,0.5714285714285714,0.8142857142857143,0.9142156862745098,0.7023809523809523,saved per-run metrics; empty fields indicate another schema; may include full-data/in-sample runs
stage2/generalization/results/E4_ema/cv/fold1_seed2/metrics.json,2026-09-26T18:46:54.651364+00:00,70,0.7497082819141643,0.5714285714285714,0.8428571428571429,0.9428104575163399,0.7552447552447552,saved per-run metrics; empty fields indicate another schema; may include full-data/in-sample runs
stage2/generalization/results/E4_ema/cv/fold2_seed0/metrics.json,2026-09-26T18:41:09.013814+00:00,70,0.7173544446219622,0.5857142857142857,0.8,0.9285568483363952,0.6204727824766862,saved per-run metrics; empty fields indicate another schema; may include full-data/in-sample runs
stage2/generalization/results/E4_ema/cv/fold2_seed1/metrics.json,2026-09-26T18:43:56.839092+00:00,70,0.7377167952411934,0.5857142857142857,0.8,0.9428571428571428,0.7419214920841466,saved per-run metrics; empty fields indicate another schema; may include full-data/in-sample runs
stage2/generalization/results/E4_ema/cv/fold2_seed2/metrics.json,2026-09-26T18:47:26.031206+00:00,70,0.7025708586966108,0.5285714285714286,0.8142857142857143,0.9426699426699428,0.6078024486407968,saved per-run metrics; empty fields indicate another schema; may include full-data/in-sample runs
stage2/generalization/results/E4_ema/cv/fold3_seed0/metrics.json,2026-09-26T18:41:32.063885+00:00,70,0.7446484698097602,0.6,0.8285714285714286,0.9421009098428452,0.6888888888888889,saved per-run metrics; empty fields indicate another schema; may include full-data/in-sample runs
stage2/generalization/results/E4_ema/cv/fold3_seed1/metrics.json,2026-09-26T18:44:58.869560+00:00,70,0.7627361543217672,0.5857142857142857,0.9,0.9421009098428452,0.6761401189689359,saved per-run metrics; empty fields indicate another schema; may include full-data/in-sample runs
stage2/generalization/results/E4_ema/cv/fold3_seed2/metrics.json,2026-09-26T18:48:44.106512+00:00,70,0.75425,0.5857142857142857,0.8571428571428571,0.9416666666666667,0.72,saved per-run metrics; empty fields indicate another schema; may include full-data/in-sample runs
stage2/generalization/results/E4_ema/cv/fold4_seed0/metrics.json,2026-09-26T18:42:15.687293+00:00,69,0.7390762401568771,0.7101449275362319,0.7536231884057971,0.9128787878787878,0.5988372093023255,saved per-run metrics; empty fields indicate another schema; may include full-data/in-sample runs
stage2/generalization/results/E4_ema/cv/fold4_seed1/metrics.json,2026-09-26T18:45:11.272805+00:00,69,0.7028911004454482,0.5797101449275363,0.7391304347826086,0.9128787878787878,0.6957671957671958,saved per-run metrics; empty fields indicate another schema; may include full-data/in-sample runs
stage2/generalization/results/E4_ema/cv/fold4_seed2/metrics.json,2026-09-26T18:48:44.170725+00:00,69,0.707800944411264,0.6231884057971014,0.7391304347826086,0.8535653650254669,0.6863636363636363,saved per-run metrics; empty fields indicate another schema; may include full-data/in-sample runs
stage2/generalization/results/E4_mmauE0/cv/fold0_seed0/metrics.json,2026-09-26T13:32:00.749062+00:00,70,0.730704993866285,0.5571428571428572,0.9142857142857143,0.7958333333333334,0.6421999591085668,saved per-run metrics; empty fields indicate another schema; may include full-data/in-sample runs
stage2/generalization/results/E4_mmauE0/cv/fold0_seed1/metrics.json,2026-09-26T13:35:57.254478+00:00,70,0.7503513609391125,0.5714285714285714,0.9,0.8856209150326797,0.6833881578947368,saved per-run metrics; empty fields indicate another schema; may include full-data/in-sample runs
stage2/generalization/results/E4_mmauE0/cv/fold0_seed2/metrics.json,2026-09-26T13:39:06.582244+00:00,70,0.7751112468809104,0.6,0.9142857142857143,0.9284399918217133,0.7056349873843566,saved per-run metrics; empty fields indicate another schema; may include full-data/in-sample runs
stage2/generalization/results/E4_mmauE0/cv/fold1_seed0/metrics.json,2026-09-26T13:32:49.310964+00:00,70,0.7633076923076924,0.6,0.8714285714285714,0.9282051282051282,0.7271794871794872,saved per-run metrics; empty fields indicate another schema; may include full-data/in-sample runs
stage2/generalization/results/E4_mmauE0/cv/fold1_seed1/metrics.json,2026-09-26T13:36:22.158931+00:00,70,0.7249655409763887,0.5571428571428572,0.8142857142857143,0.8999795876709533,0.7331240188383046,saved per-run metrics; empty fields indicate another schema; may include full-data/in-sample runs
stage2/generalization/results/E4_mmauE0/cv/fold1_seed2/metrics.json,2026-09-26T13:40:02.802349+00:00,70,0.7452458580331357,0.6,0.8,0.9428104575163399,0.7588285960378984,saved per-run metrics; empty fields indicate another schema; may include full-data/in-sample runs
stage2/generalization/results/E4_mmauE0/cv/fold2_seed0/metrics.json,2026-09-26T13:33:49.465839+00:00,70,0.7059409637222902,0.5285714285714286,0.7857142857142857,0.971217105263158,0.6683893195521102,saved per-run metrics; empty fields indicate another schema; may include full-data/in-sample runs
stage2/generalization/results/E4_mmauE0/cv/fold2_seed1/metrics.json,2026-09-26T13:37:29.477377+00:00,70,0.6838672208013639,0.4714285714285714,0.7857142857142857,0.9428104575163399,0.6829710144927537,saved per-run metrics; empty fields indicate another schema; may include full-data/in-sample runs
stage2/generalization/results/E4_mmauE0/cv/fold2_seed2/metrics.json,2026-09-26T13:40:27.901460+00:00,70,0.7225957662762508,0.5714285714285714,0.8285714285714286,0.8511904761904762,0.699447965651196,saved per-run metrics; empty fields indicate another schema; may include full-data/in-sample runs
stage2/generalization/results/E4_mmauE0/cv/fold3_seed0/metrics.json,2026-09-26T13:34:50.407270+00:00,70,0.7579972510095849,0.5571428571428572,0.9,0.9428104575163399,0.7105045492142266,saved per-run metrics; empty fields indicate another schema; may include full-data/in-sample runs
stage2/generalization/results/E4_mmauE0/cv/fold3_seed1/metrics.json,2026-09-26T13:37:24.540686+00:00,70,0.7213314507032498,0.5142857142857142,0.9,0.9284399918217133,0.5804363461999521,saved per-run metrics; empty fields indicate another schema; may include full-data/in-sample runs
stage2/generalization/results/E4_mmauE0/cv/fold3_seed2/metrics.json,2026-09-26T13:41:08.956920+00:00,70,0.7149684328298569,0.5571428571428572,0.8714285714285714,0.8191214470284238,0.6140014385039558,saved per-run metrics; empty fields indicate another schema; may include full-data/in-sample runs
stage2/generalization/results/E4_mmauE0/cv/fold4_seed0/metrics.json,2026-09-26T13:35:13.453860+00:00,69,0.6733828515141795,0.5217391304347826,0.7391304347826086,0.8525641025641026,0.6946259220231823,saved per-run metrics; empty fields indicate another schema; may include full-data/in-sample runs
stage2/generalization/results/E4_mmauE0/cv/fold4_seed1/metrics.json,2026-09-26T13:38:05.181553+00:00,69,0.6912101144805747,0.5797101449275363,0.7246376811594203,0.8840336134453781,0.6805555555555556,saved per-run metrics; empty fields indicate another schema; may include full-data/in-sample runs
stage2/generalization/results/E4_mmauE0/cv/fold4_seed2/metrics.json,2026-09-26T13:41:54.170425+00:00,69,0.6732812834654102,0.5797101449275363,0.7246376811594203,0.8215517241379311,0.6235119047619048,saved per-run metrics; empty fields indicate another schema; may include full-data/in-sample runs
stage2/generalization/results/E4_obj/cv/fold0_seed0/metrics.json,2026-09-26T13:51:54.974591+00:00,70,0.7548590036234776,0.6428571428571429,0.8428571428571429,0.8707692307692307,0.6949574600539531,saved per-run metrics; empty fields indicate another schema; may include full-data/in-sample runs
stage2/generalization/results/E4_sa/cv/fold0_seed0/metrics.json,2026-09-26T13:52:42.088184+00:00,70,0.7600342334213301,0.6285714285714286,0.8714285714285714,0.8853398853398853,0.6815550041356493,saved per-run metrics; empty fields indicate another schema; may include full-data/in-sample runs
stage2/generalization/results/E4_sa/cv/fold0_seed1/metrics.json,2026-09-26T14:28:50.838738+00:00,70,0.7206766236346724,0.5571428571428572,0.8285714285714286,0.8998159885503987,0.6713615023474178,saved per-run metrics; empty fields indicate another schema; may include full-data/in-sample runs
stage2/generalization/results/E4_sa/cv/fold0_seed2/metrics.json,2026-09-26T14:33:35.225751+00:00,70,0.798886504917953,0.6571428571428571,0.8857142857142857,0.9285568483363952,0.7973531844499586,saved per-run metrics; empty fields indicate another schema; may include full-data/in-sample runs
stage2/generalization/results/E4_sa/cv/fold0_seed3/metrics.json,2026-09-26T21:08:54.680384+00:00,70,0.7532820512820513,0.6,0.8571428571428571,0.8707692307692307,0.7511111111111111,saved per-run metrics; empty fields indicate another schema; may include full-data/in-sample runs
stage2/generalization/results/E4_sa/cv/fold0_seed4/metrics.json,2026-09-26T21:12:46.570515+00:00,70,0.7523064714389763,0.6,0.8428571428571429,0.8842018196856907,0.7645079899074854,saved per-run metrics; empty fields indicate another schema; may include full-data/in-sample runs
stage2/generalization/results/E4_sa/cv/fold0_seed5/metrics.json,2026-09-26T21:16:31.243378+00:00,70,0.7342769947942174,0.5857142857142857,0.8428571428571429,0.8856209150326797,0.6762257169287696,saved per-run metrics; empty fields indicate another schema; may include full-data/in-sample runs
stage2/generalization/results/E4_sa/cv/fold1_seed0/metrics.json,2026-09-26T13:53:27.297859+00:00,70,0.7440527580196901,0.5714285714285714,0.8571428571428571,0.9285568483363952,0.6984615384615385,saved per-run metrics; empty fields indicate another schema; may include full-data/in-sample runs
stage2/generalization/results/E4_sa/cv/fold1_seed1/metrics.json,2026-09-26T14:29:23.662912+00:00,70,0.7359197221697221,0.6,0.8142857142857143,0.9426699426699428,0.6634615384615384,saved per-run metrics; empty fields indicate another schema; may include full-data/in-sample runs
stage2/generalization/results/E4_sa/cv/fold1_seed2/metrics.json,2026-09-26T14:34:27.390409+00:00,70,0.7735595992639541,0.6714285714285714,0.8,0.957063995093028,0.7666666666666666,saved per-run metrics; empty fields indicate another schema; may include full-data/in-sample runs
stage2/generalization/results/E4_sa/cv/fold1_seed3/metrics.json,2026-09-26T21:09:38.040234+00:00,70,0.7766097304590155,0.6571428571428571,0.8571428571428571,0.9285568483363952,0.7155080213903744,saved per-run metrics; empty fields indicate another schema; may include full-data/in-sample runs
stage2/generalization/results/E4_sa/cv/fold1_seed4/metrics.json,2026-09-26T21:13:33.525611+00:00,70,0.7456134308512171,0.5428571428571428,0.8428571428571429,0.957134109001837,0.7802887633396107,saved per-run metrics; empty fields indicate another schema; may include full-data/in-sample runs
stage2/generalization/results/E4_sa/cv/fold1_seed5/metrics.json,2026-09-26T21:17:13.770468+00:00,70,0.7545442505473474,0.6142857142857143,0.8285714285714286,0.9285568483363952,0.735071488645921,saved per-run metrics; empty fields indicate another schema; may include full-data/in-sample runs
stage2/generalization/results/E4_sa/cv/fold2_seed0/metrics.json,2026-09-26T13:53:47.766335+00:00,70,0.7259395729814904,0.6142857142857143,0.8,0.8692674828802656,0.6703296703296704,saved per-run metrics; empty fields indicate another schema; may include full-data/in-sample runs
stage2/generalization/results/E4_sa/cv/fold2_seed1/metrics.json,2026-09-26T14:30:09.105182+00:00,70,0.7096266406957197,0.5,0.8428571428571429,0.8853398853398853,0.712171052631579,saved per-run metrics; empty fields indicate another schema; may include full-data/in-sample runs
stage2/generalization/results/E4_sa/cv/fold2_seed2/metrics.json,2026-09-26T14:35:18.857947+00:00,70,0.7237817016852284,0.5714285714285714,0.8142857142857143,0.9714052287581699,0.6204727824766862,saved per-run metrics; empty fields indicate another schema; may include full-data/in-sample runs
stage2/generalization/results/E4_sa/cv/fold2_seed3/metrics.json,2026-09-26T21:10:41.686204+00:00,70,0.7117769355868598,0.5285714285714286,0.7857142857142857,0.914004914004914,0.7645079899074854,saved per-run metrics; empty fields indicate another schema; may include full-data/in-sample runs
stage2/generalization/results/E4_sa/cv/fold2_seed4/metrics.json,2026-09-26T21:13:43.569748+00:00,70,0.7147281997546514,0.5142857142857142,0.8142857142857143,0.9856879983643426,0.6791666666666667,saved per-run metrics; empty fields indicate another schema; may include full-data/in-sample runs
stage2/generalization/results/E4_sa/cv/fold2_seed5/metrics.json,2026-09-26T21:17:51.861984+00:00,70,0.6924743167241435,0.5285714285714286,0.7714285714285715,0.9285568483363952,0.6546052631578947,saved per-run metrics; empty fields indicate another schema; may include full-data/in-sample runs
stage2/generalization/results/E4_sa/cv/fold3_seed0/metrics.json,2026-09-26T14:27:07.106158+00:00,70,0.7690545705920624,0.6,0.9142857142857143,0.9125000000000001,0.6811971372804164,saved per-run metrics; empty fields indicate another schema; may include full-data/in-sample runs
stage2/generalization/results/E4_sa/cv/fold3_seed1/metrics.json,2026-09-26T14:31:15.717027+00:00,70,0.7598819219673515,0.6285714285714286,0.8571428571428571,0.9136513157894737,0.6855614973262032,saved per-run metrics; empty fields indicate another schema; may include full-data/in-sample runs
stage2/generalization/results/E4_sa/cv/fold3_seed2/metrics.json,2026-09-26T14:36:01.473143+00:00,70,0.7835460372960373,0.6142857142857143,0.9285714285714286,0.898989898989899,0.7246503496503496,saved per-run metrics; empty fields indicate another schema; may include full-data/in-sample runs
stage2/generalization/results/E4_sa/cv/fold3_seed3/metrics.json,2026-09-26T21:11:12.139271+00:00,70,0.7562510000163826,0.6142857142857143,0.8571428571428571,0.9424342105263157,0.665905789582901,saved per-run metrics; empty fields indicate another schema; may include full-data/in-sample runs
stage2/generalization/results/E4_sa/cv/fold3_seed4/metrics.json,2026-09-26T21:14:40.232798+00:00,70,0.7625770224607434,0.5714285714285714,0.8714285714285714,0.9282051282051282,0.788975021533161,saved per-run metrics; empty fields indicate another schema; may include full-data/in-sample runs
stage2/generalization/results/E4_sa/cv/fold3_seed5/metrics.json,2026-09-26T21:18:38.414421+00:00,70,0.7266857128616997,0.5428571428571428,0.8428571428571429,0.9278499278499278,0.6833881578947368,saved per-run metrics; empty fields indicate another schema; may include full-data/in-sample runs
stage2/generalization/results/E4_sa/cv/fold4_seed0/metrics.json,2026-09-26T14:27:58.946378+00:00,69,0.712290466553011,0.6521739130434783,0.7391304347826086,0.8977777777777778,0.6044485209814263,saved per-run metrics; empty fields indicate another schema; may include full-data/in-sample runs
stage2/generalization/results/E4_sa/cv/fold4_seed1/metrics.json,2026-09-26T14:32:33.565732+00:00,69,0.7053979627678257,0.5652173913043478,0.7681159420289855,0.8982086406743941,0.6933333333333334,saved per-run metrics; empty fields indicate another schema; may include full-data/in-sample runs
stage2/generalization/results/E4_sa/cv/fold4_seed2/metrics.json,2026-09-26T14:36:55.921677+00:00,69,0.7006781633666879,0.6376811594202898,0.6956521739130435,0.8685714285714285,0.6915052160953801,saved per-run metrics; empty fields indicate another schema; may include full-data/in-sample runs
stage2/generalization/results/E4_sa/cv/fold4_seed3/metrics.json,2026-09-26T21:11:37.774066+00:00,69,0.7195488243640419,0.6811594202898551,0.7681159420289855,0.823076923076923,0.5922727272727273,saved per-run metrics; empty fields indicate another schema; may include full-data/in-sample runs
stage2/generalization/results/E4_sa/cv/fold4_seed4/metrics.json,2026-09-26T21:15:22.654039+00:00,69,0.7174401814687716,0.6811594202898551,0.6956521739130435,0.8677879497551628,0.7025862068965517,saved per-run metrics; empty fields indicate another schema; may include full-data/in-sample runs
stage2/generalization/results/E4_sa/cv/fold4_seed5/metrics.json,2026-09-26T21:19:37.031087+00:00,69,0.6944936911078856,0.5942028985507246,0.7536231884057971,0.7896341463414633,0.6953962581458902,saved per-run metrics; empty fields indicate another schema; may include full-data/in-sample runs
stage2/generalization/results/E4_sa_ab/cv/fold0_seed0/metrics.json,2026-09-26T18:28:46.970351+00:00,70,0.7354495504495504,0.6142857142857143,0.8428571428571429,0.8701298701298701,0.6328671328671329,saved per-run metrics; empty fields indicate another schema; may include full-data/in-sample runs
stage2/generalization/results/E4_sa_ab/cv/fold0_seed1/metrics.json,2026-09-26T19:47:51.829971+00:00,70,0.7521428571428572,0.6,0.8428571428571429,0.8857142857142857,0.7619047619047619,saved per-run metrics; empty fields indicate another schema; may include full-data/in-sample runs
stage2/generalization/results/E4_sa_ab/cv/fold0_seed2/metrics.json,2026-09-26T19:51:28.151988+00:00,70,0.7632004013541062,0.6,0.8714285714285714,0.8999795876709533,0.7546897546897546,saved per-run metrics; empty fields indicate another schema; may include full-data/in-sample runs
stage2/generalization/results/E4_sa_ab/cv/fold1_seed0/metrics.json,2026-09-26T18:29:34.258538+00:00,70,0.7592576342576343,0.6428571428571429,0.8285714285714286,0.9426699426699428,0.6857142857142857,saved per-run metrics; empty fields indicate another schema; may include full-data/in-sample runs
stage2/generalization/results/E4_sa_ab/cv/fold1_seed1/metrics.json,2026-09-26T19:48:52.504894+00:00,70,0.7315361319374929,0.5714285714285714,0.8,0.9284399918217133,0.7484675544282393,saved per-run metrics; empty fields indicate another schema; may include full-data/in-sample runs
stage2/generalization/results/E4_sa_ab/cv/fold1_seed2/metrics.json,2026-09-26T20:07:18.520525+00:00,70,0.7422426473998679,0.6571428571428571,0.7428571428571429,0.9285568483363952,0.7530608009960573,saved per-run metrics; empty fields indicate another schema; may include full-data/in-sample runs
stage2/generalization/results/E4_sa_ab/cv/fold2_seed0/metrics.json,2026-09-26T18:30:16.213038+00:00,70,0.7206373626373627,0.5857142857142857,0.8428571428571429,0.8994871794871795,0.5714285714285714,saved per-run metrics; empty fields indicate another schema; may include full-data/in-sample runs
stage2/generalization/results/E4_sa_ab/cv/fold2_seed1/metrics.json,2026-09-26T19:48:44.607413+00:00,70,0.748959725736582,0.5857142857142857,0.8285714285714286,0.9285568483363952,0.7645079899074854,saved per-run metrics; empty fields indicate another schema; may include full-data/in-sample runs
stage2/generalization/results/E4_sa_ab/cv/fold2_seed2/metrics.json,2026-09-26T20:07:50.680952+00:00,70,0.7175595992639542,0.5857142857142857,0.7857142857142857,0.957063995093028,0.6266666666666667,saved per-run metrics; empty fields indicate another schema; may include full-data/in-sample runs
stage2/generalization/results/E4_sa_ab/cv/fold3_seed0/metrics.json,2026-09-26T19:01:19.885075+00:00,70,0.7460954982335327,0.5857142857142857,0.8428571428571429,0.9421009098428452,0.698535745047373,saved per-run metrics; empty fields indicate another schema; may include full-data/in-sample runs
stage2/generalization/results/E4_sa_ab/cv/fold3_seed1/metrics.json,2026-09-26T19:49:51.271721+00:00,70,0.7589468909468908,0.6285714285714286,0.8857142857142857,0.914004914004914,0.6123076923076923,saved per-run metrics; empty fields indicate another schema; may include full-data/in-sample runs
stage2/generalization/results/E4_sa_ab/cv/fold3_seed2/metrics.json,2026-09-26T20:19:07.787110+00:00,70,0.7728621363815361,0.6285714285714286,0.8714285714285714,0.971217105263158,0.6811971372804164,saved per-run metrics; empty fields indicate another schema; may include full-data/in-sample runs
stage2/generalization/results/E4_sa_ab/cv/fold4_seed0/metrics.json,2026-09-26T19:46:45.241485+00:00,69,0.7121679795990505,0.6376811594202898,0.7246376811594203,0.8695652173913043,0.6994773519163764,saved per-run metrics; empty fields indicate another schema; may include full-data/in-sample runs
stage2/generalization/results/E4_sa_ab/cv/fold4_seed1/metrics.json,2026-09-26T19:50:45.040489+00:00,69,0.7217865105908583,0.6231884057971014,0.7391304347826086,0.8985507246376812,0.7346153846153847,saved per-run metrics; empty fields indicate another schema; may include full-data/in-sample runs
stage2/generalization/results/E4_sa_ab/cv/fold4_seed2/metrics.json,2026-09-26T20:20:28.710160+00:00,69,0.7400578557283327,0.6811594202898551,0.7536231884057971,0.8535653650254669,0.7323275862068965,saved per-run metrics; empty fields indicate another schema; may include full-data/in-sample runs
stage2/generalization/results/E4_sa_c03/cv/fold0_seed0/metrics.json,2026-09-26T14:52:00.906550+00:00,70,0.7542781607024832,0.6142857142857143,0.8714285714285714,0.8857142857142857,0.6761401189689359,saved per-run metrics; empty fields indicate another schema; may include full-data/in-sample runs
stage2/generalization/results/E4_sa_c03/cv/fold0_seed1/metrics.json,2026-09-26T15:11:58.311277+00:00,70,0.7315359893194698,0.5857142857142857,0.8571428571428571,0.8388784264490479,0.6713615023474178,saved per-run metrics; empty fields indicate another schema; may include full-data/in-sample runs
stage2/generalization/results/E4_sa_c03/cv/fold0_seed2/metrics.json,2026-09-26T15:28:35.002874+00:00,70,0.7525813445580887,0.5857142857142857,0.8857142857142857,0.8853398853398853,0.698535745047373,saved per-run metrics; empty fields indicate another schema; may include full-data/in-sample runs
stage2/generalization/results/E4_sa_c03/cv/fold1_seed0/metrics.json,2026-09-26T14:58:35.894580+00:00,70,0.7405248703793501,0.6142857142857143,0.8142857142857143,0.9142156862745098,0.689283449587825,saved per-run metrics; empty fields indicate another schema; may include full-data/in-sample runs
stage2/generalization/results/E4_sa_c03/cv/fold1_seed1/metrics.json,2026-09-26T15:15:10.243873+00:00,70,0.7495442505473475,0.6142857142857143,0.8142857142857143,0.9285568483363952,0.735071488645921,saved per-run metrics; empty fields indicate another schema; may include full-data/in-sample runs
stage2/generalization/results/E4_sa_c03/cv/fold1_seed2/metrics.json,2026-09-26T15:32:13.866537+00:00,70,0.7322641190503527,0.5857142857142857,0.7714285714285715,0.9428104575163399,0.7722836694860117,saved per-run metrics; empty fields indicate another schema; may include full-data/in-sample runs
stage2/generalization/results/E4_sa_c03/cv/fold2_seed0/metrics.json,2026-09-26T15:02:29.168771+00:00,70,0.7247132084555388,0.5714285714285714,0.7714285714285715,0.957134109001837,0.740953947368421,saved per-run metrics; empty fields indicate another schema; may include full-data/in-sample runs
stage2/generalization/results/E4_sa_c03/cv/fold2_seed1/metrics.json,2026-09-26T15:17:31.387067+00:00,70,0.7049071216074414,0.5285714285714286,0.8,0.9285568483363952,0.6708239623798814,saved per-run metrics; empty fields indicate another schema; may include full-data/in-sample runs
stage2/generalization/results/E4_sa_c03/cv/fold2_seed2/metrics.json,2026-09-26T15:58:22.840551+00:00,70,0.7306323639658275,0.5714285714285714,0.8,0.9428104575163399,0.7280719689225107,saved per-run metrics; empty fields indicate another schema; may include full-data/in-sample runs
stage2/generalization/results/E4_sa_c03/cv/fold3_seed0/metrics.json,2026-09-26T15:05:31.125068+00:00,70,0.7196806226958414,0.5142857142857142,0.8714285714285714,0.896427816529275,0.6681096681096681,saved per-run metrics; empty fields indicate another schema; may include full-data/in-sample runs
stage2/generalization/results/E4_sa_c03/cv/fold3_seed1/metrics.json,2026-09-26T15:20:49.508806+00:00,70,0.7719094419094419,0.6142857142857143,0.9,0.9567099567099566,0.6560196560196561,saved per-run metrics; empty fields indicate another schema; may include full-data/in-sample runs
stage2/generalization/results/E4_sa_c03/cv/fold3_seed2/metrics.json,2026-09-26T15:59:36.913094+00:00,70,0.7157045450957996,0.5142857142857142,0.8428571428571429,0.9285568483363952,0.6761401189689359,saved per-run metrics; empty fields indicate another schema; may include full-data/in-sample runs
stage2/generalization/results/E4_sa_c03/cv/fold4_seed0/metrics.json,2026-09-26T15:09:54.538164+00:00,69,0.7427668028272723,0.6666666666666666,0.8115942028985508,0.8371594078523923,0.6653439153439153,saved per-run metrics; empty fields indicate another schema; may include full-data/in-sample runs
stage2/generalization/results/E4_sa_c03/cv/fold4_seed1/metrics.json,2026-09-26T15:23:19.453959+00:00,69,0.7243737287897996,0.6086956521739131,0.7681159420289855,0.9274752995585454,0.6891225059000214,saved per-run metrics; empty fields indicate another schema; may include full-data/in-sample runs
stage2/generalization/results/E4_sa_c03/cv/fold4_seed2/metrics.json,2026-09-26T16:00:15.166507+00:00,69,0.6926136363636364,0.6231884057971014,0.7101449275362319,0.8547979797979799,0.6515151515151515,saved per-run metrics; empty fields indicate another schema; may include full-data/in-sample runs
stage2/generalization/results/E4_sa_ema/cv/fold0_seed0/metrics.json,2026-09-26T18:49:41.568879+00:00,70,0.7783894555888167,0.6714285714285714,0.8714285714285714,0.8999795876709533,0.689283449587825,saved per-run metrics; empty fields indicate another schema; may include full-data/in-sample runs
stage2/generalization/results/E4_sa_ema/cv/fold0_seed1/metrics.json,2026-09-26T18:55:01.059336+00:00,70,0.7339506477257857,0.6142857142857143,0.8142857142857143,0.8999795876709533,0.6596913971676178,saved per-run metrics; empty fields indicate another schema; may include full-data/in-sample runs
stage2/generalization/results/E4_sa_ema/cv/fold0_seed2/metrics.json,2026-09-26T18:57:46.181187+00:00,70,0.7333057316158931,0.5857142857142857,0.8285714285714286,0.8998159885503987,0.6888888888888889,saved per-run metrics; empty fields indicate another schema; may include full-data/in-sample runs
stage2/generalization/results/E4_sa_ema/cv/fold0_seed3/metrics.json,2026-09-26T23:27:55.112332+00:00,70,0.7642087912087911,0.6,0.8714285714285714,0.8994871794871795,0.7619047619047619,saved per-run metrics; empty fields indicate another schema; may include full-data/in-sample runs
stage2/generalization/results/E4_sa_ema/cv/fold0_seed4/metrics.json,2026-09-26T23:29:52.156855+00:00,70,0.7478929454760745,0.6,0.8428571428571429,0.9136513157894737,0.7056349873843566,saved per-run metrics; empty fields indicate another schema; may include full-data/in-sample runs
stage2/generalization/results/E4_sa_ema/cv/fold0_seed5/metrics.json,2026-09-26T23:31:56.795069+00:00,70,0.7329459852083906,0.5571428571428572,0.8428571428571429,0.914004914004914,0.7056349873843566,saved per-run metrics; empty fields indicate another schema; may include full-data/in-sample runs
stage2/generalization/results/E4_sa_ema/cv/fold1_seed0/metrics.json,2026-09-26T18:50:19.671026+00:00,70,0.7195419251832759,0.5571428571428572,0.8142857142857143,0.9285568483363952,0.6683893195521102,saved per-run metrics; empty fields indicate another schema; may include full-data/in-sample runs
stage2/generalization/results/E4_sa_ema/cv/fold1_seed1/metrics.json,2026-09-26T18:55:07.678556+00:00,70,0.7273231413591991,0.5857142857142857,0.8,0.8999795876709533,0.7155080213903744,saved per-run metrics; empty fields indicate another schema; may include full-data/in-sample runs
stage2/generalization/results/E4_sa_ema/cv/fold1_seed2/metrics.json,2026-09-26T18:58:35.580175+00:00,70,0.7356134308512171,0.5857142857142857,0.7714285714285715,0.957134109001837,0.7802887633396107,saved per-run metrics; empty fields indicate another schema; may include full-data/in-sample runs
stage2/generalization/results/E4_sa_ema/cv/fold1_seed3/metrics.json,2026-09-26T23:28:49.141245+00:00,70,0.748107816656144,0.6142857142857143,0.8,0.9285568483363952,0.7588285960378984,saved per-run metrics; empty fields indicate another schema; may include full-data/in-sample runs
stage2/generalization/results/E4_sa_ema/cv/fold1_seed4/metrics.json,2026-09-26T23:29:58.059662+00:00,70,0.7608858024725103,0.6714285714285714,0.7857142857142857,0.957063995093028,0.7155080213903744,saved per-run metrics; empty fields indicate another schema; may include full-data/in-sample runs
stage2/generalization/results/E4_sa_ema/cv/fold1_seed5/metrics.json,2026-09-26T23:31:08.167886+00:00,70,0.7108402495145114,0.5285714285714286,0.7714285714285715,0.957134109001837,0.7484675544282393,saved per-run metrics; empty fields indicate another schema; may include full-data/in-sample runs
stage2/generalization/results/E4_sa_ema/cv/fold2_seed0/metrics.json,2026-09-26T18:51:13.867625+00:00,70,0.7563938238628847,0.6428571428571429,0.8142857142857143,0.957063995093028,0.6855614973262032,saved per-run metrics; empty fields indicate another schema; may include full-data/in-sample runs
stage2/generalization/results/E4_sa_ema/cv/fold2_seed1/metrics.json,2026-09-26T18:55:53.399330+00:00,70,0.7381624686309136,0.5714285714285714,0.8285714285714286,0.9428571428571428,0.7115593146822815,saved per-run metrics; empty fields indicate another schema; may include full-data/in-sample runs
stage2/generalization/results/E4_sa_ema/cv/fold2_seed2/metrics.json,2026-09-26T18:59:22.172332+00:00,70,0.7433360282955082,0.6285714285714286,0.8,0.9714052287581699,0.6508349598785512,saved per-run metrics; empty fields indicate another schema; may include full-data/in-sample runs
stage2/generalization/results/E4_sa_ema/cv/fold2_seed3/metrics.json,2026-09-26T23:28:47.553381+00:00,70,0.7418568296369887,0.5571428571428572,0.8285714285714286,0.957134109001837,0.7552447552447552,saved per-run metrics; empty fields indicate another schema; may include full-data/in-sample runs
stage2/generalization/results/E4_sa_ema/cv/fold2_seed4/metrics.json,2026-09-26T23:30:15.860814+00:00,70,0.707368101466763,0.5285714285714286,0.8,0.9856879983643426,0.6300993447474107,saved per-run metrics; empty fields indicate another schema; may include full-data/in-sample runs
stage2/generalization/results/E4_sa_ema/cv/fold2_seed5/metrics.json,2026-09-26T23:31:18.823861+00:00,70,0.6994259074259074,0.5428571428571428,0.7714285714285715,0.956923076923077,0.6392496392496392,saved per-run metrics; empty fields indicate another schema; may include full-data/in-sample runs
stage2/generalization/results/E4_sa_ema/cv/fold3_seed0/metrics.json,2026-09-26T18:52:10.560129+00:00,70,0.7561967108977978,0.6142857142857143,0.8571428571428571,0.9567099567099566,0.651268115942029,saved per-run metrics; empty fields indicate another schema; may include full-data/in-sample runs
stage2/generalization/results/E4_sa_ema/cv/fold3_seed1/metrics.json,2026-09-26T18:56:18.159678+00:00,70,0.7773060953012375,0.6571428571428571,0.8857142857142857,0.9136513157894737,0.6683893195521102,saved per-run metrics; empty fields indicate another schema; may include full-data/in-sample runs
stage2/generalization/results/E4_sa_ema/cv/fold3_seed2/metrics.json,2026-09-26T19:00:05.605718+00:00,70,0.7884079491547507,0.6285714285714286,0.9142857142857143,0.9273708238223698,0.7286821705426356,saved per-run metrics; empty fields indicate another schema; may include full-data/in-sample runs
stage2/generalization/results/E4_sa_ema/cv/fold3_seed3/metrics.json,2026-09-26T23:29:01.420511+00:00,70,0.7797073775682521,0.6428571428571429,0.9,0.9424342105263157,0.655614973262032,saved per-run metrics; empty fields indicate another schema; may include full-data/in-sample runs
stage2/generalization/results/E4_sa_ema/cv/fold3_seed4/metrics.json,2026-09-26T23:30:02.128334+00:00,70,0.7855523255813952,0.6142857142857143,0.9142857142857143,0.9416666666666667,0.7286821705426356,saved per-run metrics; empty fields indicate another schema; may include full-data/in-sample runs
stage2/generalization/results/E4_sa_ema/cv/fold3_seed5/metrics.json,2026-09-26T23:32:51.449697+00:00,70,0.7553583916083916,0.6,0.8571428571428571,0.9416666666666667,0.6940559440559441,saved per-run metrics; empty fields indicate another schema; may include full-data/in-sample runs
stage2/generalization/results/E4_sa_ema/cv/fold4_seed0/metrics.json,2026-09-26T18:53:51.217714+00:00,69,0.7391531670940082,0.6956521739130435,0.7681159420289855,0.8691253951527924,0.643103448275862,saved per-run metrics; empty fields indicate another schema; may include full-data/in-sample runs
stage2/generalization/results/E4_sa_ema/cv/fold4_seed1/metrics.json,2026-09-26T18:57:10.148809+00:00,69,0.7337374778519831,0.6376811594202898,0.7536231884057971,0.9128787878787878,0.7323275862068965,saved per-run metrics; empty fields indicate another schema; may include full-data/in-sample runs
stage2/generalization/results/E4_sa_ema/cv/fold4_seed2/metrics.json,2026-09-26T19:00:49.629506+00:00,69,0.7092114783217979,0.5942028985507246,0.7681159420289855,0.8535653650254669,0.6957671957671958,saved per-run metrics; empty fields indicate another schema; may include full-data/in-sample runs
stage2/generalization/results/E4_sa_ema/cv/fold4_seed3/metrics.json,2026-09-26T23:29:00.191856+00:00,69,0.7477200104547601,0.7246376811594203,0.7536231884057971,0.8677879497551628,0.667736757624398,saved per-run metrics; empty fields indicate another schema; may include full-data/in-sample runs
stage2/generalization/results/E4_sa_ema/cv/fold4_seed4/metrics.json,2026-09-26T23:30:55.404188+00:00,69,0.7370785376845486,0.6956521739130435,0.7391304347826086,0.8834459459459459,0.6825848849945235,saved per-run metrics; empty fields indicate another schema; may include full-data/in-sample runs
stage2/generalization/results/E4_sa_ema/cv/fold4_seed5/metrics.json,2026-09-26T23:33:23.672908+00:00,69,0.7227527414271897,0.6231884057971014,0.7681159420289855,0.8828522920203735,0.6891225059000214,saved per-run metrics; empty fields indicate another schema; may include full-data/in-sample runs
stage2/generalization/results/E4_sa_ema_full/seed0/metrics.json,2026-09-26T20:08:23.392512+00:00,70,0.9406825657894737,0.8857142857142857,0.9571428571428572,1.0,0.971217105263158,saved per-run metrics; empty fields indicate another schema; may include full-data/in-sample runs
stage2/generalization/results/E4_sa_ema_full/seed1/metrics.json,2026-09-26T20:10:06.407011+00:00,70,0.9363151364764268,0.9,0.9428571428571428,1.0,0.9421009098428452,saved per-run metrics; empty fields indicate another schema; may include full-data/in-sample runs
stage2/generalization/results/E4_sa_ema_full/seed2/metrics.json,2026-09-26T20:13:05.198817+00:00,70,0.9512499999999999,0.9428571428571428,0.9428571428571428,1.0,0.9416666666666667,saved per-run metrics; empty fields indicate another schema; may include full-data/in-sample runs
stage2/generalization/results/E4_sa_ema_full/seed3/metrics.json,2026-09-26T20:15:43.757553+00:00,70,0.9419588233280068,0.9285714285714286,0.9428571428571428,0.9856879983643426,0.9273708238223698,saved per-run metrics; empty fields indicate another schema; may include full-data/in-sample runs
stage2/generalization/results/E4_sa_full/seed0/metrics.json,2026-09-26T17:08:56.454523+00:00,70,0.9059262344008108,0.8714285714285714,0.9285714285714286,0.9713349713349714,0.8681732580037664,saved per-run metrics; empty fields indicate another schema; may include full-data/in-sample runs
stage2/generalization/results/E4_sa_full/seed1/metrics.json,2026-09-26T17:11:18.106670+00:00,70,0.9047860962566845,0.8571428571428571,0.9285714285714286,1.0,0.8652406417112299,saved per-run metrics; empty fields indicate another schema; may include full-data/in-sample runs
stage2/generalization/results/E4_sa_full/seed2/metrics.json,2026-09-26T17:13:32.795570+00:00,70,0.949265998773257,0.9285714285714286,0.9571428571428572,1.0,0.9284399918217133,saved per-run metrics; empty fields indicate another schema; may include full-data/in-sample runs
stage2/generalization/results/E4_sa_full/seed3/metrics.json,2026-09-26T17:16:10.111225+00:00,70,0.9316071428571429,0.8857142857142857,0.9571428571428572,1.0,0.9107142857142858,saved per-run metrics; empty fields indicate another schema; may include full-data/in-sample runs
stage2/generalization/results/E4_sa_se2/cv/fold0_seed0/metrics.json,2026-09-26T23:19:55.196711+00:00,70,0.7372986014911159,0.5428571428571428,0.8714285714285714,0.8998159885503987,0.7155080213903744,saved per-run metrics; empty fields indicate another schema; may include full-data/in-sample runs
stage2/generalization/results/E4_sa_se2/cv/fold0_seed1/metrics.json,2026-09-26T23:21:33.395604+00:00,70,0.731474567099567,0.6,0.8428571428571429,0.8412698412698412,0.668560606060606,saved per-run metrics; empty fields indicate another schema; may include full-data/in-sample runs
stage2/generalization/results/E4_sa_se2/cv/fold0_seed2/metrics.json,2026-09-26T23:22:50.560711+00:00,70,0.7665536604146952,0.6285714285714286,0.8428571428571429,0.9285568483363952,0.7484675544282393,saved per-run metrics; empty fields indicate another schema; may include full-data/in-sample runs
stage2/generalization/results/E4_sa_se2/cv/fold1_seed0/metrics.json,2026-09-26T23:20:52.203813+00:00,70,0.7637173621205577,0.6,0.8428571428571429,0.9426699426699428,0.7821124714671093,saved per-run metrics; empty fields indicate another schema; may include full-data/in-sample runs
stage2/generalization/results/E4_sa_se2/cv/fold1_seed1/metrics.json,2026-09-26T23:21:39.389897+00:00,70,0.7269993951531,0.5428571428571428,0.8428571428571429,0.8999795876709533,0.7133497133497133,saved per-run metrics; empty fields indicate another schema; may include full-data/in-sample runs
stage2/generalization/results/E4_sa_se2/cv/fold1_seed2/metrics.json,2026-09-26T23:24:08.225012+00:00,70,0.7441615648659198,0.5857142857142857,0.8,0.957063995093028,0.7706797706797707,saved per-run metrics; empty fields indicate another schema; may include full-data/in-sample runs
stage2/generalization/results/E4_sa_se2/cv/fold2_seed0/metrics.json,2026-09-26T23:20:29.663098+00:00,70,0.6958719001724858,0.5285714285714286,0.8142857142857143,0.8853398853398853,0.6204727824766862,saved per-run metrics; empty fields indicate another schema; may include full-data/in-sample runs
stage2/generalization/results/E4_sa_se2/cv/fold2_seed1/metrics.json,2026-09-26T23:22:46.011199+00:00,70,0.6809478021978022,0.5,0.7571428571428571,0.9428571428571428,0.6634615384615384,saved per-run metrics; empty fields indicate another schema; may include full-data/in-sample runs
stage2/generalization/results/E4_sa_se2/cv/fold2_seed2/metrics.json,2026-09-26T23:23:50.122067+00:00,70,0.7309698110013236,0.5714285714285714,0.8,0.9714052287581699,0.7017268445839875,saved per-run metrics; empty fields indicate another schema; may include full-data/in-sample runs
stage2/generalization/results/E4_sa_se2/cv/fold3_seed0/metrics.json,2026-09-26T23:20:53.124600+00:00,70,0.7358232075725025,0.5428571428571428,0.9142857142857143,0.9136513157894737,0.5918367346938775,saved per-run metrics; empty fields indicate another schema; may include full-data/in-sample runs
stage2/generalization/results/E4_sa_se2/cv/fold3_seed1/metrics.json,2026-09-26T23:22:43.921059+00:00,70,0.7444188196370359,0.5857142857142857,0.8571428571428571,0.8856209150326797,0.7105045492142266,saved per-run metrics; empty fields indicate another schema; may include full-data/in-sample runs
stage2/generalization/results/E4_sa_se2/cv/fold3_seed2/metrics.json,2026-09-26T23:24:02.112207+00:00,70,0.7498329777999099,0.5857142857142857,0.8714285714285714,0.9285568483363952,0.6703296703296704,saved per-run metrics; empty fields indicate another schema; may include full-data/in-sample runs
stage2/generalization/results/E4_sa_se2/cv/fold4_seed0/metrics.json,2026-09-26T23:21:29.238162+00:00,69,0.7290053990861711,0.6521739130434783,0.782608695652174,0.8393650793650793,0.6728448275862069,saved per-run metrics; empty fields indicate another schema; may include full-data/in-sample runs
stage2/generalization/results/E4_sa_se2/cv/fold4_seed1/metrics.json,2026-09-26T23:22:48.077823+00:00,69,0.7079490846159779,0.5797101449275363,0.7536231884057971,0.8984654193819634,0.7100840336134454,saved per-run metrics; empty fields indicate another schema; may include full-data/in-sample runs
stage2/generalization/results/E4_sa_se2/cv/fold4_seed2/metrics.json,2026-09-26T23:24:01.923821+00:00,69,0.687127371937821,0.5652173913043478,0.7681159420289855,0.8400421496311907,0.6296958855098389,saved per-run metrics; empty fields indicate another schema; may include full-data/in-sample runs
stage2/generalization/results/E4_sa_unl03/cv/fold0_seed0/metrics.json,2026-09-26T15:32:46.636118+00:00,70,0.7555598455598455,0.6142857142857143,0.8714285714285714,0.8857142857142857,0.6846846846846847,saved per-run metrics; empty fields indicate another schema; may include full-data/in-sample runs
stage2/generalization/results/E4_sa_unl03/cv/fold0_seed1/metrics.json,2026-09-26T15:37:57.146883+00:00,70,0.7563316327366454,0.5857142857142857,0.8857142857142857,0.8848684210526316,0.7240091305250052,saved per-run metrics; empty fields indicate another schema; may include full-data/in-sample runs
stage2/generalization/results/E4_sa_unl03/cv/fold0_seed2/metrics.json,2026-09-26T15:44:19.524845+00:00,70,0.7496278721278721,0.6,0.8714285714285714,0.8701298701298701,0.6940559440559441,saved per-run metrics; empty fields indicate another schema; may include full-data/in-sample runs
stage2/generalization/results/E4_sa_unl03/cv/fold1_seed0/metrics.json,2026-09-26T15:33:23.274538+00:00,70,0.7375976422643424,0.5857142857142857,0.8571428571428571,0.8998159885503987,0.6508349598785512,saved per-run metrics; empty fields indicate another schema; may include full-data/in-sample runs
stage2/generalization/results/E4_sa_unl03/cv/fold1_seed1/metrics.json,2026-09-26T15:39:44.060848+00:00,70,0.7408960724228405,0.6,0.8285714285714286,0.898989898989899,0.7069839171623706,saved per-run metrics; empty fields indicate another schema; may include full-data/in-sample runs
stage2/generalization/results/E4_sa_unl03/cv/fold1_seed2/metrics.json,2026-09-26T15:44:04.733562+00:00,70,0.7034657582998627,0.4857142857142857,0.7714285714285715,0.956923076923077,0.7995153117426745,saved per-run metrics; empty fields indicate another schema; may include full-data/in-sample runs
stage2/generalization/results/E4_sa_unl03/cv/fold2_seed0/metrics.json,2026-09-26T15:35:02.952603+00:00,70,0.7144916290517905,0.5571428571428572,0.8142857142857143,0.8998159885503987,0.6634615384615384,saved per-run metrics; empty fields indicate another schema; may include full-data/in-sample runs
stage2/generalization/results/E4_sa_unl03/cv/fold2_seed1/metrics.json,2026-09-26T15:41:24.047514+00:00,70,0.7098945433436532,0.5285714285714286,0.8142857142857143,0.9424342105263157,0.6568627450980392,saved per-run metrics; empty fields indicate another schema; may include full-data/in-sample runs
stage2/generalization/results/E4_sa_unl03/cv/fold2_seed2/metrics.json,2026-09-26T15:46:29.199066+00:00,70,0.7121015656874745,0.5285714285714286,0.8285714285714286,0.9424342105263157,0.6382428940568475,saved per-run metrics; empty fields indicate another schema; may include full-data/in-sample runs
stage2/generalization/results/E4_sa_unl03/cv/fold3_seed0/metrics.json,2026-09-26T15:35:52.989754+00:00,70,0.7763500229498163,0.6285714285714286,0.8857142857142857,0.9136513157894737,0.7286821705426356,saved per-run metrics; empty fields indicate another schema; may include full-data/in-sample runs
stage2/generalization/results/E4_sa_unl03/cv/fold3_seed1/metrics.json,2026-09-26T15:42:36.668739+00:00,70,0.754369698677424,0.5857142857142857,0.9142857142857143,0.897468089558485,0.6316632349576756,saved per-run metrics; empty fields indicate another schema; may include full-data/in-sample runs
stage2/generalization/results/E4_sa_unl03/cv/fold3_seed2/metrics.json,2026-09-26T15:45:42.968086+00:00,70,0.7542568132251859,0.6,0.8571428571428571,0.9284399918217133,0.6999387630128597,saved per-run metrics; empty fields indicate another schema; may include full-data/in-sample runs
stage2/generalization/results/E4_sa_unl03/cv/fold4_seed0/metrics.json,2026-09-26T15:36:40.951311+00:00,69,0.6911960797222525,0.6086956521739131,0.7536231884057971,0.8057179987004548,0.6235119047619048,saved per-run metrics; empty fields indicate another schema; may include full-data/in-sample runs
stage2/generalization/results/E4_sa_unl03/cv/fold4_seed1/metrics.json,2026-09-26T15:42:45.635000+00:00,69,0.6802606148848652,0.5942028985507246,0.6956521739130435,0.8525641025641026,0.6728448275862069,saved per-run metrics; empty fields indicate another schema; may include full-data/in-sample runs
stage2/generalization/results/E4_sa_unl03/cv/fold4_seed2/metrics.json,2026-09-26T15:46:57.250999+00:00,69,0.7139857618029392,0.6666666666666666,0.7391304347826086,0.8384074941451991,0.6413043478260869,saved per-run metrics; empty fields indicate another schema; may include full-data/in-sample runs
stage2/generalization/results/E4_tr03/cv/fold0_seed0/metrics.json,2026-09-26T13:54:40.461378+00:00,70,0.7246485967686825,0.5285714285714286,0.8285714285714286,0.8998159885503987,0.7645079899074854,saved per-run metrics; empty fields indicate another schema; may include full-data/in-sample runs
stage2/generalization/results/E4_tr03/cv/fold0_seed1/metrics.json,2026-09-26T13:58:37.419532+00:00,70,0.7536462309086362,0.6142857142857143,0.8571428571428571,0.8853398853398853,0.7056349873843566,saved per-run metrics; empty fields indicate another schema; may include full-data/in-sample runs
stage2/generalization/results/E4_tr03/cv/fold0_seed2/metrics.json,2026-09-26T14:01:48.614752+00:00,70,0.7576715686274509,0.6142857142857143,0.8428571428571429,0.9428104575163399,0.7083333333333333,saved per-run metrics; empty fields indicate another schema; may include full-data/in-sample runs
stage2/generalization/results/E4_tr03/cv/fold1_seed0/metrics.json,2026-09-26T13:55:31.540565+00:00,70,0.7609478021978022,0.6428571428571429,0.8428571428571429,0.9428571428571428,0.6634615384615384,saved per-run metrics; empty fields indicate another schema; may include full-data/in-sample runs
stage2/generalization/results/E4_tr03/cv/fold1_seed1/metrics.json,2026-09-26T13:59:31.548092+00:00,70,0.7235438268539883,0.5857142857142857,0.8142857142857143,0.8998159885503987,0.6571428571428571,saved per-run metrics; empty fields indicate another schema; may include full-data/in-sample runs
stage2/generalization/results/E4_tr03/cv/fold1_seed2/metrics.json,2026-09-26T14:03:01.840932+00:00,70,0.7331483246750927,0.6142857142857143,0.7857142857142857,0.914004914004914,0.7069839171623706,saved per-run metrics; empty fields indicate another schema; may include full-data/in-sample runs
stage2/generalization/results/E4_tr03/cv/fold2_seed0/metrics.json,2026-09-26T13:56:38.173014+00:00,70,0.7336917017916869,0.5571428571428572,0.8142857142857143,0.9428104575163399,0.7484675544282393,saved per-run metrics; empty fields indicate another schema; may include full-data/in-sample runs
stage2/generalization/results/E4_tr03/cv/fold2_seed1/metrics.json,2026-09-26T13:59:56.091814+00:00,70,0.7154911460708314,0.5571428571428572,0.7714285714285715,0.9714052287581699,0.698535745047373,saved per-run metrics; empty fields indicate another schema; may include full-data/in-sample runs
stage2/generalization/results/E4_tr03/cv/fold2_seed2/metrics.json,2026-09-26T14:03:48.282686+00:00,70,0.7349670329670329,0.6142857142857143,0.8,0.956923076923077,0.6428571428571428,saved per-run metrics; empty fields indicate another schema; may include full-data/in-sample runs
stage2/generalization/results/E4_tr03/cv/fold3_seed0/metrics.json,2026-09-26T13:57:33.865490+00:00,70,0.7598464912280701,0.6571428571428571,0.8571428571428571,0.9416666666666667,0.5906432748538011,saved per-run metrics; empty fields indicate another schema; may include full-data/in-sample runs
stage2/generalization/results/E4_tr03/cv/fold3_seed1/metrics.json,2026-09-26T14:00:41.496076+00:00,70,0.7631821458608674,0.6,0.9142857142857143,0.911690496215307,0.6428571428571428,saved per-run metrics; empty fields indicate another schema; may include full-data/in-sample runs
stage2/generalization/results/E4_tr03/cv/fold3_seed2/metrics.json,2026-09-26T14:04:30.343820+00:00,70,0.761509026687598,0.6285714285714286,0.8428571428571429,0.9416666666666667,0.7017268445839875,saved per-run metrics; empty fields indicate another schema; may include full-data/in-sample runs
stage2/generalization/results/E4_tr03/cv/fold4_seed0/metrics.json,2026-09-26T13:58:10.123110+00:00,69,0.7348807871808918,0.7101449275362319,0.7536231884057971,0.8834459459459459,0.6003003647285989,saved per-run metrics; empty fields indicate another schema; may include full-data/in-sample runs
stage2/generalization/results/E4_tr03/cv/fold4_seed1/metrics.json,2026-09-26T14:01:00.928756+00:00,69,0.6948936985861537,0.5652173913043478,0.7246376811594203,0.9128787878787878,0.7100840336134454,saved per-run metrics; empty fields indicate another schema; may include full-data/in-sample runs
stage2/generalization/results/E4_tr03/cv/fold4_seed2/metrics.json,2026-09-26T14:05:39.792436+00:00,69,0.707518884869959,0.6231884057971014,0.7101449275362319,0.8985507246376812,0.7071307300509337,saved per-run metrics; empty fields indicate another schema; may include full-data/in-sample runs
stage2/generalization/results/LOSO_A0/AIHUB_seed0/metrics.json,2026-09-26T13:06:01.254295+00:00,88,0.5447193159974404,0.3068181818181818,0.5568181818181818,0.9089026915113871,0.7074078999867004,saved per-run metrics; empty fields indicate another schema; may include full-data/in-sample runs
stage2/generalization/results/LOSO_A0/AIHUB_seed1/metrics.json,2026-09-26T13:08:03.986254+00:00,88,0.546000925885728,0.36363636363636365,0.5,0.8749838563864136,0.7498708010335917,saved per-run metrics; empty fields indicate another schema; may include full-data/in-sample runs
stage2/generalization/results/LOSO_A0/AIHUB_seed2/metrics.json,2026-09-26T13:11:20.731702+00:00,88,0.5699986709197236,0.3522727272727273,0.625,0.8742040285899935,0.6454840805717998,saved per-run metrics; empty fields indicate another schema; may include full-data/in-sample runs
stage2/generalization/results/LOSO_A0/CCD_seed0/metrics.json,2026-09-26T13:06:37.433874+00:00,83,0.7253336182962764,0.5783132530120482,0.9156626506024096,0.8290828449231744,0.5205308352849336,saved per-run metrics; empty fields indicate another schema; may include full-data/in-sample runs
stage2/generalization/results/LOSO_A0/CCD_seed1/metrics.json,2026-09-26T13:08:51.684116+00:00,83,0.668375283115996,0.43373493975903615,0.8072289156626506,0.9104638619201726,0.649789029535865,saved per-run metrics; empty fields indicate another schema; may include full-data/in-sample runs
stage2/generalization/results/LOSO_A0/CCD_seed2/metrics.json,2026-09-26T13:12:16.604976+00:00,83,0.7022354145818878,0.4819277108433735,0.8554216867469879,0.9320229320229321,0.6290645708121436,saved per-run metrics; empty fields indicate another schema; may include full-data/in-sample runs
stage2/generalization/results/LOSO_A0/MMAU_seed0/metrics.json,2026-09-26T13:06:55.863508+00:00,97,0.8155747451514883,0.7938144329896907,0.8762886597938144,0.844766883601835,0.6954908675799086,saved per-run metrics; empty fields indicate another schema; may include full-data/in-sample runs
stage2/generalization/results/LOSO_A0/MMAU_seed1/metrics.json,2026-09-26T13:10:29.125558+00:00,97,0.7941036133078144,0.7835051546391752,0.8762886597938144,0.8752144082332762,0.5459574468085107,saved per-run metrics; empty fields indicate another schema; may include full-data/in-sample runs
stage2/generalization/results/LOSO_A0/MMAU_seed2/metrics.json,2026-09-26T13:12:50.825806+00:00,97,0.8156137434921763,0.7835051546391752,0.8865979381443299,0.9070584477802619,0.6334592923394022,saved per-run metrics; empty fields indicate another schema; may include full-data/in-sample runs
stage2/generalization/results/LOSO_A0/NEXAR_seed0/metrics.json,2026-09-26T13:07:30.978897+00:00,80,0.4734151785714285,0.35,0.45,0.765625,0.5238095238095238,saved per-run metrics; empty fields indicate another schema; may include full-data/in-sample runs
stage2/generalization/results/LOSO_A0/NEXAR_seed1/metrics.json,2026-09-26T13:10:45.455564+00:00,80,0.4479659605573516,0.225,0.475,0.7594556100648837,0.5936507936507937,saved per-run metrics; empty fields indicate another schema; may include full-data/in-sample runs
stage2/generalization/results/LOSO_A0/NEXAR_seed2/metrics.json,2026-09-26T13:13:05.353854+00:00,80,0.43007632734469636,0.2625,0.3875,0.7998749218261414,0.550633927138501,saved per-run metrics; empty fields indicate another schema; may include full-data/in-sample runs
stage2/generalization/results/LOSO_A0_geo/AIHUB_seed0/metrics.json,2026-09-26T16:53:27.824520+00:00,88,0.5541060925287815,0.3522727272727273,0.5568181818181818,0.9201969166990542,0.6526315789473685,saved per-run metrics; empty fields indicate another schema; may include full-data/in-sample runs
stage2/generalization/results/LOSO_A0_geo/AIHUB_seed1/metrics.json,2026-09-26T16:55:47.941263+00:00,88,0.5713712238848108,0.29545454545454547,0.6363636363636364,0.8854166666666667,0.7494824016563147,saved per-run metrics; empty fields indicate another schema; may include full-data/in-sample runs
stage2/generalization/results/LOSO_A0_geo/AIHUB_seed2/metrics.json,2026-09-26T16:58:07.819090+00:00,88,0.5571694602445694,0.3068181818181818,0.5795454545454546,0.9431157078215902,0.7031655422937209,saved per-run metrics; empty fields indicate another schema; may include full-data/in-sample runs
stage2/generalization/results/LOSO_A0_geo/CCD_seed0/metrics.json,2026-09-26T16:53:53.232194+00:00,83,0.7060736933092631,0.5421686746987951,0.8795180722891566,0.856896551724138,0.5329923273657289,saved per-run metrics; empty fields indicate another schema; may include full-data/in-sample runs
stage2/generalization/results/LOSO_A0_geo/CCD_seed1/metrics.json,2026-09-26T16:56:13.716069+00:00,83,0.71339725140454,0.5301204819277109,0.8433734939759037,0.9216981132075472,0.6294642857142857,saved per-run metrics; empty fields indicate another schema; may include full-data/in-sample runs
stage2/generalization/results/LOSO_A0_geo/CCD_seed2/metrics.json,2026-09-26T16:58:33.768427+00:00,83,0.7228540069983438,0.5180722891566265,0.9036144578313253,0.9216981132075472,0.5800595238095239,saved per-run metrics; empty fields indicate another schema; may include full-data/in-sample runs
stage2/generalization/results/LOSO_A0_geo/MMAU_seed0/metrics.json,2026-09-26T16:54:36.941942+00:00,97,0.8248766767838307,0.8041237113402062,0.9175257731958762,0.8861623813080124,0.5958333333333333,saved per-run metrics; empty fields indicate another schema; may include full-data/in-sample runs
stage2/generalization/results/LOSO_A0_geo/MMAU_seed1/metrics.json,2026-09-26T16:56:57.234279+00:00,97,0.7742095652324493,0.7835051546391752,0.865979381443299,0.7872807017543859,0.5253191489361702,saved per-run metrics; empty fields indicate another schema; may include full-data/in-sample runs
stage2/generalization/results/LOSO_A0_geo/MMAU_seed2/metrics.json,2026-09-26T16:59:17.449678+00:00,97,0.8114503224142465,0.8350515463917526,0.865979381443299,0.9173060528559249,0.5232905982905983,saved per-run metrics; empty fields indicate another schema; may include full-data/in-sample runs
stage2/generalization/results/LOSO_A0_geo/NEXAR_seed0/metrics.json,2026-09-26T16:54:53.398977+00:00,80,0.45329334150973255,0.2625,0.45,0.7594556100648837,0.6,saved per-run metrics; empty fields indicate another schema; may include full-data/in-sample runs
stage2/generalization/results/LOSO_A0_geo/NEXAR_seed1/metrics.json,2026-09-26T16:57:13.584462+00:00,80,0.427403741132634,0.2625,0.3375,0.8074145402022148,0.6419437340153453,saved per-run metrics; empty fields indicate another schema; may include full-data/in-sample runs
stage2/generalization/results/LOSO_A0_geo/NEXAR_seed2/metrics.json,2026-09-26T16:59:33.579455+00:00,80,0.4708545545819642,0.25,0.5125,0.797979797979798,0.5618838992332968,saved per-run metrics; empty fields indicate another schema; may include full-data/in-sample runs
stage2/generalization/results/LOSO_E2_sa/AIHUB_seed0/metrics.json,2026-09-26T19:51:38.861686+00:00,88,0.5832687789280289,0.3409090909090909,0.6931818181818182,0.897396035755927,0.5781837025521441,saved per-run metrics; empty fields indicate another schema; may include full-data/in-sample runs
stage2/generalization/results/LOSO_E2_sa/AIHUB_seed1/metrics.json,2026-09-26T19:53:54.618774+00:00,88,0.5680747548824804,0.2727272727272727,0.7045454545454546,0.9090439276485788,0.5978180745982604,saved per-run metrics; empty fields indicate another schema; may include full-data/in-sample runs
stage2/generalization/results/LOSO_E2_sa/AIHUB_seed2/metrics.json,2026-09-26T19:56:18.558387+00:00,88,0.5961968937824662,0.38636363636363635,0.6590909090909091,0.9431744801756425,0.5920775389801938,saved per-run metrics; empty fields indicate another schema; may include full-data/in-sample runs
stage2/generalization/results/LOSO_E2_sa/AIHUB_seed3/metrics.json,2026-09-26T20:47:55.107691+00:00,88,0.6284405526393682,0.375,0.7159090909090909,0.9204442722458995,0.7237048665620094,saved per-run metrics; empty fields indicate another schema; may include full-data/in-sample runs
stage2/generalization/results/LOSO_E2_sa/AIHUB_seed4/metrics.json,2026-09-26T20:50:17.204241+00:00,88,0.5974843928927634,0.3522727272727273,0.7159090909090909,0.9318181818181818,0.5589868617093322,saved per-run metrics; empty fields indicate another schema; may include full-data/in-sample runs
stage2/generalization/results/LOSO_E2_sa/AIHUB_seed5/metrics.json,2026-09-26T20:52:34.681348+00:00,88,0.5650965133771934,0.29545454545454547,0.7272727272727273,0.9203619909502263,0.46058446186742696,saved per-run metrics; empty fields indicate another schema; may include full-data/in-sample runs
stage2/generalization/results/LOSO_E2_sa/CCD_seed0/metrics.json,2026-09-26T19:52:18.912177+00:00,83,0.706303119470331,0.5662650602409639,0.8072289156626506,0.8939974457215836,0.6098707403055229,saved per-run metrics; empty fields indicate another schema; may include full-data/in-sample runs
stage2/generalization/results/LOSO_E2_sa/CCD_seed1/metrics.json,2026-09-26T19:54:42.804943+00:00,83,0.7776362805938002,0.6746987951807228,0.8795180722891566,0.9204980842911877,0.6372377622377623,saved per-run metrics; empty fields indicate another schema; may include full-data/in-sample runs
stage2/generalization/results/LOSO_E2_sa/CCD_seed2/metrics.json,2026-09-26T19:57:02.413991+00:00,83,0.7043651840096636,0.6265060240963856,0.7710843373493976,0.8833723653395784,0.5513513513513514,saved per-run metrics; empty fields indicate another schema; may include full-data/in-sample runs
stage2/generalization/results/LOSO_E2_sa/CCD_seed3/metrics.json,2026-09-26T20:48:40.647740+00:00,83,0.6916360602860187,0.5542168674698795,0.8433734939759037,0.7805522914218567,0.5693106004447739,saved per-run metrics; empty fields indicate another schema; may include full-data/in-sample runs
stage2/generalization/results/LOSO_E2_sa/CCD_seed4/metrics.json,2026-09-26T20:51:02.798572+00:00,83,0.6853371579989771,0.5903614457831325,0.7349397590361446,0.8475538487226582,0.6289910600255428,saved per-run metrics; empty fields indicate another schema; may include full-data/in-sample runs
stage2/generalization/results/LOSO_E2_sa/CCD_seed5/metrics.json,2026-09-26T20:53:20.411359+00:00,83,0.7035679427311117,0.5421686746987951,0.8072289156626506,0.9176587301587301,0.624199843871975,saved per-run metrics; empty fields indicate another schema; may include full-data/in-sample runs
stage2/generalization/results/LOSO_E2_sa/MMAU_seed0/metrics.json,2026-09-26T19:52:44.075914+00:00,97,0.8375427518345406,0.7835051546391752,0.9381443298969072,0.8861623813080124,0.6802738336713996,saved per-run metrics; empty fields indicate another schema; may include full-data/in-sample runs
stage2/generalization/results/LOSO_E2_sa/MMAU_seed1/metrics.json,2026-09-26T19:55:13.915420+00:00,97,0.8640612311147975,0.8350515463917526,0.9484536082474226,0.9070584477802619,0.6918377321603129,saved per-run metrics; empty fields indicate another schema; may include full-data/in-sample runs
stage2/generalization/results/LOSO_E2_sa/MMAU_seed2/metrics.json,2026-09-26T19:57:25.153669+00:00,97,0.8004217130083064,0.8350515463917526,0.9072164948453608,0.798645252922539,0.4722074042462392,saved per-run metrics; empty fields indicate another schema; may include full-data/in-sample runs
stage2/generalization/results/LOSO_E2_sa/MMAU_seed3/metrics.json,2026-09-26T20:49:04.113513+00:00,97,0.8372396173769749,0.8041237113402062,0.9484536082474226,0.8436996455043506,0.6485507246376812,saved per-run metrics; empty fields indicate another schema; may include full-data/in-sample runs
stage2/generalization/results/LOSO_E2_sa/MMAU_seed4/metrics.json,2026-09-26T20:51:25.027548+00:00,97,0.8391318450778202,0.8144329896907216,0.9278350515463918,0.822859598238264,0.706060606060606,saved per-run metrics; empty fields indicate another schema; may include full-data/in-sample runs
stage2/generalization/results/LOSO_E2_sa/MMAU_seed5/metrics.json,2026-09-26T20:53:47.323733+00:00,97,0.7920041205824397,0.8041237113402062,0.9278350515463918,0.7872807017543859,0.4515096553931506,saved per-run metrics; empty fields indicate another schema; may include full-data/in-sample runs
stage2/generalization/results/LOSO_E2_sa/NEXAR_seed0/metrics.json,2026-09-26T19:53:19.045725+00:00,80,0.5596929198955033,0.275,0.7,0.7874667916862009,0.6688193409504886,saved per-run metrics; empty fields indicate another schema; may include full-data/in-sample runs
stage2/generalization/results/LOSO_E2_sa/NEXAR_seed1/metrics.json,2026-09-26T19:55:39.072132+00:00,80,0.5775440077164214,0.375,0.725,0.7538461538461538,0.5297805642633229,saved per-run metrics; empty fields indicate another schema; may include full-data/in-sample runs
stage2/generalization/results/LOSO_E2_sa/NEXAR_seed2/metrics.json,2026-09-26T19:57:59.304022+00:00,80,0.5701858706886458,0.325,0.7125,0.836246260431428,0.5441595441595442,saved per-run metrics; empty fields indicate another schema; may include full-data/in-sample runs
stage2/generalization/results/LOSO_E2_sa/NEXAR_seed3/metrics.json,2026-09-26T20:49:40.827080+00:00,80,0.5824134199134199,0.4125,0.7125,0.8232323232323233,0.43452380952380953,saved per-run metrics; empty fields indicate another schema; may include full-data/in-sample runs
stage2/generalization/results/LOSO_E2_sa/NEXAR_seed4/metrics.json,2026-09-26T20:52:00.875580+00:00,80,0.5755151372302535,0.35,0.675,0.8222222222222222,0.6228786926461345,saved per-run metrics; empty fields indicate another schema; may include full-data/in-sample runs
stage2/generalization/results/LOSO_E2_sa/NEXAR_seed5/metrics.json,2026-09-26T20:54:20.744925+00:00,80,0.6180661716721928,0.4,0.7375,0.849906191369606,0.6163682864450128,saved per-run metrics; empty fields indicate another schema; may include full-data/in-sample runs
stage2/generalization/results/LOSO_E2_sa_ema/AIHUB_seed0/metrics.json,2026-09-26T19:58:33.664995+00:00,88,0.6225357710651828,0.3522727272727273,0.7386363636363636,0.9545454545454546,0.6502384737678856,saved per-run metrics; empty fields indicate another schema; may include full-data/in-sample runs
stage2/generalization/results/LOSO_E2_sa_ema/AIHUB_seed1/metrics.json,2026-09-26T20:02:16.066497+00:00,88,0.6441260163439384,0.375,0.75,0.9431744801756425,0.7259989621172807,saved per-run metrics; empty fields indicate another schema; may include full-data/in-sample runs
stage2/generalization/results/LOSO_E2_sa_ema/AIHUB_seed2/metrics.json,2026-09-26T20:04:33.606505+00:00,88,0.6371011720263463,0.38636363636363635,0.7386363636363636,0.9431744801756425,0.6791666666666667,saved per-run metrics; empty fields indicate another schema; may include full-data/in-sample runs
stage2/generalization/results/LOSO_E2_sa_ema/AIHUB_seed3/metrics.json,2026-09-26T20:54:56.236809+00:00,88,0.630019899031952,0.38636363636363635,0.7272727272727273,0.8977140643161565,0.7039337474120082,saved per-run metrics; empty fields indicate another schema; may include full-data/in-sample runs
stage2/generalization/results/LOSO_E2_sa_ema/AIHUB_seed4/metrics.json,2026-09-26T20:57:35.265600+00:00,88,0.6063228438228437,0.36363636363636365,0.6818181818181818,0.9318181818181818,0.670940170940171,saved per-run metrics; empty fields indicate another schema; may include full-data/in-sample runs
stage2/generalization/results/LOSO_E2_sa_ema/AIHUB_seed5/metrics.json,2026-09-26T20:59:54.953185+00:00,88,0.6267955885253403,0.36363636363636365,0.7613636363636364,0.9431744801756425,0.6104627766599597,saved per-run metrics; empty fields indicate another schema; may include full-data/in-sample runs
stage2/generalization/results/LOSO_E2_sa_ema/CCD_seed0/metrics.json,2026-09-26T19:59:38.683466+00:00,83,0.7424916971717953,0.6144578313253012,0.8433734939759037,0.9079676857278631,0.6403705363812939,saved per-run metrics; empty fields indicate another schema; may include full-data/in-sample runs
stage2/generalization/results/LOSO_E2_sa_ema/CCD_seed1/metrics.json,2026-09-26T20:02:21.392190+00:00,83,0.7354495580224795,0.6144578313253012,0.8192771084337349,0.9204980842911877,0.6371174430875923,saved per-run metrics; empty fields indicate another schema; may include full-data/in-sample runs
stage2/generalization/results/LOSO_E2_sa_ema/CCD_seed2/metrics.json,2026-09-26T20:04:59.019787+00:00,83,0.723988289692226,0.5903614457831325,0.8192771084337349,0.9079676857278631,0.6294642857142857,saved per-run metrics; empty fields indicate another schema; may include full-data/in-sample runs
stage2/generalization/results/LOSO_E2_sa_ema/CCD_seed3/metrics.json,2026-09-26T20:55:40.384359+00:00,83,0.7211176855921136,0.6385542168674698,0.7590361445783133,0.9092896174863387,0.6371174430875923,saved per-run metrics; empty fields indicate another schema; may include full-data/in-sample runs
stage2/generalization/results/LOSO_E2_sa_ema/CCD_seed4/metrics.json,2026-09-26T20:57:59.851973+00:00,83,0.725429241669745,0.6385542168674698,0.7710843373493976,0.9332045710606792,0.6138337468982631,saved per-run metrics; empty fields indicate another schema; may include full-data/in-sample runs
stage2/generalization/results/LOSO_E2_sa_ema/CCD_seed5/metrics.json,2026-09-26T21:00:42.538997+00:00,83,0.733945944380241,0.6626506024096386,0.7710843373493976,0.9320229320229321,0.61556850440759,saved per-run metrics; empty fields indicate another schema; may include full-data/in-sample runs
stage2/generalization/results/LOSO_E2_sa_ema/MMAU_seed0/metrics.json,2026-09-26T20:01:04.440404+00:00,97,0.8361283559530759,0.7938144329896907,0.9381443298969072,0.9173060528559249,0.615645873429186,saved per-run metrics; empty fields indicate another schema; may include full-data/in-sample runs
stage2/generalization/results/LOSO_E2_sa_ema/MMAU_seed1/metrics.json,2026-09-26T20:03:23.054789+00:00,97,0.8662552978329815,0.845360824742268,0.9587628865979382,0.9278043593833067,0.6376089663760897,saved per-run metrics; empty fields indicate another schema; may include full-data/in-sample runs
stage2/generalization/results/LOSO_E2_sa_ema/MMAU_seed2/metrics.json,2026-09-26T20:05:42.831381+00:00,97,0.8369250959756674,0.8556701030927835,0.9381443298969072,0.8650615302300695,0.528872099298435,saved per-run metrics; empty fields indicate another schema; may include full-data/in-sample runs
stage2/generalization/results/LOSO_E2_sa_ema/MMAU_seed3/metrics.json,2026-09-26T20:56:25.868045+00:00,97,0.8217741633190764,0.8041237113402062,0.9381443298969072,0.85491452991453,0.5582877959927139,saved per-run metrics; empty fields indicate another schema; may include full-data/in-sample runs
stage2/generalization/results/LOSO_E2_sa_ema/MMAU_seed4/metrics.json,2026-09-26T20:58:44.654292+00:00,97,0.8422976836721565,0.8247422680412371,0.9381443298969072,0.8552855924978687,0.6466302367941712,saved per-run metrics; empty fields indicate another schema; may include full-data/in-sample runs
stage2/generalization/results/LOSO_E2_sa_ema/MMAU_seed5/metrics.json,2026-09-26T21:01:47.195786+00:00,97,0.8264640273226511,0.7938144329896907,0.9278350515463918,0.8858212948100589,0.6067567567567567,saved per-run metrics; empty fields indicate another schema; may include full-data/in-sample runs
stage2/generalization/results/LOSO_E2_sa_ema/NEXAR_seed0/metrics.json,2026-09-26T20:01:01.835587+00:00,80,0.5655592105263157,0.3375,0.675,0.8245614035087719,0.5833333333333333,saved per-run metrics; empty fields indicate another schema; may include full-data/in-sample runs
stage2/generalization/results/LOSO_E2_sa_ema/NEXAR_seed1/metrics.json,2026-09-26T20:03:39.673020+00:00,80,0.623166085545102,0.45,0.7,0.8117647058823529,0.6593425310849941,saved per-run metrics; empty fields indicate another schema; may include full-data/in-sample runs
stage2/generalization/results/LOSO_E2_sa_ema/NEXAR_seed2/metrics.json,2026-09-26T20:05:59.777260+00:00,80,0.6015200574020512,0.4125,0.675,0.8619607843137256,0.6106729316999496,saved per-run metrics; empty fields indicate another schema; may include full-data/in-sample runs
stage2/generalization/results/LOSO_E2_sa_ema/NEXAR_seed3/metrics.json,2026-09-26T20:56:40.963490+00:00,80,0.6405299975336046,0.45,0.775,0.8870588235294118,0.5248078266946191,saved per-run metrics; empty fields indicate another schema; may include full-data/in-sample runs
stage2/generalization/results/LOSO_E2_sa_ema/NEXAR_seed4/metrics.json,2026-09-26T20:59:01.134159+00:00,80,0.5947283336682071,0.4,0.675,0.8374746054070948,0.6190476190476191,saved per-run metrics; empty fields indicate another schema; may include full-data/in-sample runs
stage2/generalization/results/LOSO_E2_sa_ema/NEXAR_seed5/metrics.json,2026-09-26T21:01:44.966002+00:00,80,0.6137479488982653,0.3875,0.725,0.9124863259884357,0.5833333333333333,saved per-run metrics; empty fields indicate another schema; may include full-data/in-sample runs
stage2/generalization/results/LOSO_E4/AIHUB_seed0/metrics.json,2026-09-26T13:14:00.969963+00:00,88,0.6044325239977413,0.3409090909090909,0.7045454545454546,0.9545454545454546,0.6356107660455487,saved per-run metrics; empty fields indicate another schema; may include full-data/in-sample runs
stage2/generalization/results/LOSO_E4/AIHUB_seed1/metrics.json,2026-09-26T13:16:21.031890+00:00,88,0.5857410293764602,0.2727272727272727,0.7045454545454546,0.8863049095607235,0.7383322559793148,saved per-run metrics; empty fields indicate another schema; may include full-data/in-sample runs
stage2/generalization/results/LOSO_E4/AIHUB_seed2/metrics.json,2026-09-26T13:19:09.668885+00:00,88,0.571763824021219,0.38636363636363635,0.6136363636363636,0.8858329008822003,0.5925925925925926,saved per-run metrics; empty fields indicate another schema; may include full-data/in-sample runs
stage2/generalization/results/LOSO_E4/AIHUB_seed3/metrics.json,2026-09-26T20:26:17.185221+00:00,88,0.6092762055486657,0.32954545454545453,0.75,0.9317829457364342,0.6111190306486101,saved per-run metrics; empty fields indicate another schema; may include full-data/in-sample runs
stage2/generalization/results/LOSO_E4/AIHUB_seed4/metrics.json,2026-09-26T20:28:26.936593+00:00,88,0.6614324223489749,0.4431818181818182,0.7386363636363636,0.9317829457364342,0.7201907790143084,saved per-run metrics; empty fields indicate another schema; may include full-data/in-sample runs
stage2/generalization/results/LOSO_E4/AIHUB_seed5/metrics.json,2026-09-26T20:30:47.595930+00:00,88,0.5493557726218828,0.3181818181818182,0.6931818181818182,0.8976082740788623,0.404915058551872,saved per-run metrics; empty fields indicate another schema; may include full-data/in-sample runs
stage2/generalization/results/LOSO_E4/CCD_seed0/metrics.json,2026-09-26T13:14:42.830995+00:00,83,0.6524303960334192,0.46987951807228917,0.7710843373493976,0.8879892037786774,0.5659644404601822,saved per-run metrics; empty fields indicate another schema; may include full-data/in-sample runs
stage2/generalization/results/LOSO_E4/CCD_seed1/metrics.json,2026-09-26T13:17:31.113440+00:00,83,0.6577404175632708,0.5542168674698795,0.7228915662650602,0.8623548922056384,0.5426615461679747,saved per-run metrics; empty fields indicate another schema; may include full-data/in-sample runs
stage2/generalization/results/LOSO_E4/CCD_seed2/metrics.json,2026-09-26T13:20:10.820491+00:00,83,0.6877788737344368,0.5180722891566265,0.8192771084337349,0.8816727387929668,0.5830378250591017,saved per-run metrics; empty fields indicate another schema; may include full-data/in-sample runs
stage2/generalization/results/LOSO_E4/CCD_seed3/metrics.json,2026-09-26T20:27:19.122178+00:00,83,0.6699908222017894,0.5903614457831325,0.7108433734939759,0.8433962264150944,0.5870646766169154,saved per-run metrics; empty fields indicate another schema; may include full-data/in-sample runs
stage2/generalization/results/LOSO_E4/CCD_seed4/metrics.json,2026-09-26T20:29:39.595546+00:00,83,0.6215174317256862,0.46987951807228917,0.7228915662650602,0.8373285089703,0.5229885057471264,saved per-run metrics; empty fields indicate another schema; may include full-data/in-sample runs
stage2/generalization/results/LOSO_E4/CCD_seed5/metrics.json,2026-09-26T20:31:42.631538+00:00,83,0.6907742313792987,0.5903614457831325,0.7710843373493976,0.8353174603174603,0.5931372549019608,saved per-run metrics; empty fields indicate another schema; may include full-data/in-sample runs
stage2/generalization/results/LOSO_E4/MMAU_seed0/metrics.json,2026-09-26T13:15:23.297481+00:00,97,0.8544005549060741,0.8041237113402062,0.9587628865979382,0.886404769509209,0.6961968680089485,saved per-run metrics; empty fields indicate another schema; may include full-data/in-sample runs
stage2/generalization/results/LOSO_E4/MMAU_seed1/metrics.json,2026-09-26T13:17:50.885529+00:00,97,0.8153245546079151,0.8041237113402062,0.9381443298969072,0.8861623813080124,0.48404255319148937,saved per-run metrics; empty fields indicate another schema; may include full-data/in-sample runs
stage2/generalization/results/LOSO_E4/MMAU_seed2/metrics.json,2026-09-26T13:20:24.609015+00:00,97,0.8429471164391651,0.8247422680412371,0.9484536082474226,0.9174468085106383,0.5647435897435897,saved per-run metrics; empty fields indicate another schema; may include full-data/in-sample runs
stage2/generalization/results/LOSO_E4/MMAU_seed3/metrics.json,2026-09-26T20:27:28.524798+00:00,97,0.8273284809439209,0.7938144329896907,0.9381443298969072,0.8329026701119724,0.6413834227787716,saved per-run metrics; empty fields indicate another schema; may include full-data/in-sample runs
stage2/generalization/results/LOSO_E4/MMAU_seed4/metrics.json,2026-09-26T20:29:26.819557+00:00,97,0.8412959170169546,0.7938144329896907,0.9484536082474226,0.8752144082332762,0.6681329423264907,saved per-run metrics; empty fields indicate another schema; may include full-data/in-sample runs
stage2/generalization/results/LOSO_E4/MMAU_seed5/metrics.json,2026-09-26T20:31:55.219871+00:00,97,0.8165649019669606,0.7731958762886598,0.9175257731958762,0.8762755102040816,0.6224733207784056,saved per-run metrics; empty fields indicate another schema; may include full-data/in-sample runs
stage2/generalization/results/LOSO_E4/NEXAR_seed0/metrics.json,2026-09-26T13:15:46.018564+00:00,80,0.5677655585062056,0.3125,0.7375,0.8598502946329033,0.4752534287418008,saved per-run metrics; empty fields indicate another schema; may include full-data/in-sample runs
stage2/generalization/results/LOSO_E4/NEXAR_seed1/metrics.json,2026-09-26T13:18:05.904743+00:00,80,0.5509528070345084,0.35,0.625,0.7737272155876807,0.6242914979757086,saved per-run metrics; empty fields indicate another schema; may include full-data/in-sample runs
stage2/generalization/results/LOSO_E4/NEXAR_seed2/metrics.json,2026-09-26T13:20:50.278015+00:00,80,0.5651913475234153,0.3625,0.6875,0.756058417589472,0.5618838992332968,saved per-run metrics; empty fields indicate another schema; may include full-data/in-sample runs
stage2/generalization/results/LOSO_E4/NEXAR_seed3/metrics.json,2026-09-26T20:27:43.991390+00:00,80,0.5584462915601023,0.275,0.75,0.7916666666666667,0.5396419437340154,saved per-run metrics; empty fields indicate another schema; may include full-data/in-sample runs
stage2/generalization/results/LOSO_E4/NEXAR_seed4/metrics.json,2026-09-26T20:30:02.536007+00:00,80,0.5078441527984211,0.2625,0.6,0.7748592870544091,0.5982683982683983,saved per-run metrics; empty fields indicate another schema; may include full-data/in-sample runs
stage2/generalization/results/LOSO_E4/NEXAR_seed5/metrics.json,2026-09-26T20:32:22.603460+00:00,80,0.5057349744245524,0.2625,0.625,0.7866666666666666,0.5140664961636829,saved per-run metrics; empty fields indicate another schema; may include full-data/in-sample runs
stage2/generalization/results/LOSO_E4_ab/AIHUB_seed0/metrics.json,2026-09-26T17:00:28.758297+00:00,88,0.6189599946836789,0.4090909090909091,0.6931818181818182,0.9318181818181818,0.6226120857699805,saved per-run metrics; empty fields indicate another schema; may include full-data/in-sample runs
stage2/generalization/results/LOSO_E4_ab/AIHUB_seed1/metrics.json,2026-09-26T17:02:48.836662+00:00,88,0.5830787411118293,0.2840909090909091,0.7159090909090909,0.8976082740788623,0.65625,saved per-run metrics; empty fields indicate another schema; may include full-data/in-sample runs
stage2/generalization/results/LOSO_E4_ab/AIHUB_seed2/metrics.json,2026-09-26T17:05:08.846915+00:00,88,0.616766140678384,0.42045454545454547,0.6931818181818182,0.9431744801756425,0.5701149425287356,saved per-run metrics; empty fields indicate another schema; may include full-data/in-sample runs
stage2/generalization/results/LOSO_E4_ab/CCD_seed0/metrics.json,2026-09-26T17:00:54.301439+00:00,83,0.6724256435596688,0.4819277108433735,0.7831325301204819,0.9064863994849509,0.6245439953305122,saved per-run metrics; empty fields indicate another schema; may include full-data/in-sample runs
stage2/generalization/results/LOSO_E4_ab/CCD_seed1/metrics.json,2026-09-26T17:03:12.999404+00:00,83,0.7144202720585848,0.6265060240963856,0.7710843373493976,0.9216981132075472,0.5800595238095239,saved per-run metrics; empty fields indicate another schema; may include full-data/in-sample runs
stage2/generalization/results/LOSO_E4_ab/CCD_seed2/metrics.json,2026-09-26T17:05:35.089478+00:00,83,0.6553741022166439,0.4939759036144578,0.7590361445783133,0.8797682279092226,0.5656976744186046,saved per-run metrics; empty fields indicate another schema; may include full-data/in-sample runs
stage2/generalization/results/LOSO_E4_ab/MMAU_seed0/metrics.json,2026-09-26T17:01:37.997855+00:00,97,0.8548758904283636,0.8350515463917526,0.9587628865979382,0.85491452991453,0.6586910626319493,saved per-run metrics; empty fields indicate another schema; may include full-data/in-sample runs
stage2/generalization/results/LOSO_E4_ab/MMAU_seed1/metrics.json,2026-09-26T17:03:58.047632+00:00,97,0.833745770130871,0.7938144329896907,0.9175257731958762,0.9175170068027211,0.6476609796367638,saved per-run metrics; empty fields indicate another schema; may include full-data/in-sample runs
stage2/generalization/results/LOSO_E4_ab/MMAU_seed2/metrics.json,2026-09-26T17:06:17.965523+00:00,97,0.8453549770582085,0.845360824742268,0.9278350515463918,0.9484316852737905,0.5498111171073934,saved per-run metrics; empty fields indicate another schema; may include full-data/in-sample runs
stage2/generalization/results/LOSO_E4_ab/NEXAR_seed0/metrics.json,2026-09-26T17:01:53.877810+00:00,80,0.5914387866001789,0.3625,0.7625,0.8124706985466479,0.5054545454545455,saved per-run metrics; empty fields indicate another schema; may include full-data/in-sample runs
stage2/generalization/results/LOSO_E4_ab/NEXAR_seed1/metrics.json,2026-09-26T17:04:13.973182+00:00,80,0.5424356516976998,0.2375,0.6875,0.887341574088562,0.5705627705627706,saved per-run metrics; empty fields indicate another schema; may include full-data/in-sample runs
stage2/generalization/results/LOSO_E4_ab/NEXAR_seed2/metrics.json,2026-09-26T17:06:34.041199+00:00,80,0.5419104275796137,0.2875,0.6875,0.7630019749835418,0.5747342088805503,saved per-run metrics; empty fields indicate another schema; may include full-data/in-sample runs
stage2/generalization/results/LOSO_E4_bal/AIHUB_seed0/metrics.json,2026-09-26T17:48:26.864067+00:00,88,0.6346209854896585,0.42045454545454547,0.7159090909090909,0.9431157078215902,0.6361757105943153,saved per-run metrics; empty fields indicate another schema; may include full-data/in-sample runs
stage2/generalization/results/LOSO_E4_bal/AIHUB_seed1/metrics.json,2026-09-26T17:50:52.695331+00:00,88,0.60490554882495,0.2840909090909091,0.7386363636363636,0.9431744801756425,0.7031655422937209,saved per-run metrics; empty fields indicate another schema; may include full-data/in-sample runs
stage2/generalization/results/LOSO_E4_bal/AIHUB_seed2/metrics.json,2026-09-26T17:53:42.818135+00:00,88,0.628566501836519,0.375,0.7272727272727273,0.9089026915113871,0.7095709570957096,saved per-run metrics; empty fields indicate another schema; may include full-data/in-sample runs
stage2/generalization/results/LOSO_E4_bal/CCD_seed0/metrics.json,2026-09-26T17:49:50.263623+00:00,83,0.7286089034330735,0.5783132530120482,0.8674698795180723,0.8694968553459119,0.6144018583042974,saved per-run metrics; empty fields indicate another schema; may include full-data/in-sample runs
stage2/generalization/results/LOSO_E4_bal/CCD_seed1/metrics.json,2026-09-26T17:51:48.694254+00:00,83,0.668034099532935,0.5542168674698795,0.7469879518072289,0.8553777918580707,0.562038293381577,saved per-run metrics; empty fields indicate another schema; may include full-data/in-sample runs
stage2/generalization/results/LOSO_E4_bal/CCD_seed2/metrics.json,2026-09-26T17:54:08.521057+00:00,83,0.6703606634329525,0.4939759036144578,0.7951807228915663,0.8652597402597402,0.5957792207792207,saved per-run metrics; empty fields indicate another schema; may include full-data/in-sample runs
stage2/generalization/results/LOSO_E4_bal/MMAU_seed0/metrics.json,2026-09-26T17:49:49.560818+00:00,97,0.7902101034704125,0.7628865979381443,0.9587628865979382,0.7690476190476191,0.48183760683760685,saved per-run metrics; empty fields indicate another schema; may include full-data/in-sample runs
stage2/generalization/results/LOSO_E4_bal/MMAU_seed1/metrics.json,2026-09-26T17:52:31.548197+00:00,97,0.805305256410251,0.7731958762886598,0.9587628865979382,0.8443017656500802,0.4831628303495311,saved per-run metrics; empty fields indicate another schema; may include full-data/in-sample runs
stage2/generalization/results/LOSO_E4_bal/MMAU_seed2/metrics.json,2026-09-26T17:54:53.032016+00:00,97,0.8636193935821252,0.845360824742268,0.9381443298969072,0.9174468085106383,0.6785037878787878,saved per-run metrics; empty fields indicate another schema; may include full-data/in-sample runs
stage2/generalization/results/LOSO_E4_bal/NEXAR_seed0/metrics.json,2026-09-26T17:50:44.101821+00:00,80,0.5530640432629479,0.3625,0.65,0.7817364788958434,0.5428571428571429,saved per-run metrics; empty fields indicate another schema; may include full-data/in-sample runs
stage2/generalization/results/LOSO_E4_bal/NEXAR_seed1/metrics.json,2026-09-26T17:52:54.118563+00:00,80,0.5551621549182525,0.2875,0.7125,0.8248905565978737,0.5428571428571429,saved per-run metrics; empty fields indicate another schema; may include full-data/in-sample runs
stage2/generalization/results/LOSO_E4_bal/NEXAR_seed2/metrics.json,2026-09-26T17:55:14.154301+00:00,80,0.5146097163205458,0.225,0.7,0.7727272727272727,0.49967083607636603,saved per-run metrics; empty fields indicate another schema; may include full-data/in-sample runs
stage2/generalization/results/LOSO_E4_ce4/AIHUB_seed0/metrics.json,2026-09-26T14:22:31.608758+00:00,88,0.6071458050828195,0.29545454545454547,0.7386363636363636,0.9431157078215902,0.691644204851752,saved per-run metrics; empty fields indicate another schema; may include full-data/in-sample runs
stage2/generalization/results/LOSO_E4_cnm/AIHUB_seed0/metrics.json,2026-09-26T17:32:19.601906+00:00,88,0.58465484673075,0.32954545454545453,0.6704545454545454,0.9203619909502263,0.6440036539214407,saved per-run metrics; empty fields indicate another schema; may include full-data/in-sample runs
stage2/generalization/results/LOSO_E4_cnm/AIHUB_seed1/metrics.json,2026-09-26T17:35:23.134013+00:00,88,0.5871576953862958,0.3409090909090909,0.6704545454545454,0.8742040285899935,0.6803321224701608,saved per-run metrics; empty fields indicate another schema; may include full-data/in-sample runs
stage2/generalization/results/LOSO_E4_cnm/AIHUB_seed2/metrics.json,2026-09-26T17:37:33.622320+00:00,88,0.5763577857785778,0.4431818181818182,0.5795454545454546,0.9090909090909091,0.546930693069307,saved per-run metrics; empty fields indicate another schema; may include full-data/in-sample runs
stage2/generalization/results/LOSO_E4_cnm/CCD_seed0/metrics.json,2026-09-26T17:33:43.383616+00:00,83,0.7028054545971039,0.5542168674698795,0.8192771084337349,0.8674968071519795,0.6130536130536131,saved per-run metrics; empty fields indicate another schema; may include full-data/in-sample runs
stage2/generalization/results/LOSO_E4_cnm/CCD_seed1/metrics.json,2026-09-26T17:36:21.396054+00:00,83,0.7155292264525983,0.5783132530120482,0.7831325301204819,0.9204980842911877,0.6729899314168977,saved per-run metrics; empty fields indicate another schema; may include full-data/in-sample runs
stage2/generalization/results/LOSO_E4_cnm/CCD_seed2/metrics.json,2026-09-26T17:39:04.819451+00:00,83,0.725799057801171,0.5903614457831325,0.8795180722891566,0.8939974457215836,0.5149440641175488,saved per-run metrics; empty fields indicate another schema; may include full-data/in-sample runs
stage2/generalization/results/LOSO_E4_cnm/MMAU_seed0/metrics.json,2026-09-26T17:34:03.140391+00:00,97,0.8496953737451435,0.7731958762886598,0.9690721649484536,0.8761702127659574,0.7231735159817352,saved per-run metrics; empty fields indicate another schema; may include full-data/in-sample runs
stage2/generalization/results/LOSO_E4_cnm/MMAU_seed1/metrics.json,2026-09-26T17:36:42.121231+00:00,97,0.8227150855775756,0.8041237113402062,0.9381443298969072,0.8858212948100589,0.5336538461538461,saved per-run metrics; empty fields indicate another schema; may include full-data/in-sample runs
stage2/generalization/results/LOSO_E4_cnm/MMAU_seed2/metrics.json,2026-09-26T17:39:39.823603+00:00,97,0.8559800122557855,0.8350515463917526,0.9690721649484536,0.9378205128205128,0.5590909090909091,saved per-run metrics; empty fields indicate another schema; may include full-data/in-sample runs
stage2/generalization/results/LOSO_E4_cnm/NEXAR_seed0/metrics.json,2026-09-26T17:34:29.373475+00:00,80,0.4915440464634716,0.275,0.5875,0.7498436522826767,0.5146166574738004,saved per-run metrics; empty fields indicate another schema; may include full-data/in-sample runs
stage2/generalization/results/LOSO_E4_cnm/NEXAR_seed1/metrics.json,2026-09-26T17:37:11.925962+00:00,80,0.5168160786581839,0.2375,0.6625,0.6952380952380952,0.6502024291497976,saved per-run metrics; empty fields indicate another schema; may include full-data/in-sample runs
stage2/generalization/results/LOSO_E4_cnm/NEXAR_seed2/metrics.json,2026-09-26T17:40:11.498530+00:00,80,0.4710027804642166,0.25,0.55,0.7421018697614443,0.53125,saved per-run metrics; empty fields indicate another schema; may include full-data/in-sample runs
stage2/generalization/results/LOSO_E4_cnx/AIHUB_seed0/metrics.json,2026-09-26T13:21:21.468406+00:00,88,0.5583171730774972,0.375,0.6022727272727273,0.8408268733850129,0.6009845834952714,saved per-run metrics; empty fields indicate another schema; may include full-data/in-sample runs
stage2/generalization/results/LOSO_E4_cnx/AIHUB_seed1/metrics.json,2026-09-26T17:26:39.442821+00:00,88,0.563787085460892,0.3068181818181818,0.7159090909090909,0.7953488372093023,0.5768680961663417,saved per-run metrics; empty fields indicate another schema; may include full-data/in-sample runs
stage2/generalization/results/LOSO_E4_cnx/AIHUB_seed2/metrics.json,2026-09-26T17:28:59.436087+00:00,88,0.5372973946343511,0.26136363636363635,0.6363636363636364,0.8633540372670807,0.6239316239316239,saved per-run metrics; empty fields indicate another schema; may include full-data/in-sample runs
stage2/generalization/results/LOSO_E4_cnx/CCD_seed0/metrics.json,2026-09-26T13:22:38.578341+00:00,83,0.6864106195095605,0.5542168674698795,0.7831325301204819,0.8290828449231744,0.6265060240963856,saved per-run metrics; empty fields indicate another schema; may include full-data/in-sample runs
stage2/generalization/results/LOSO_E4_cnx/CCD_seed1/metrics.json,2026-09-26T17:27:04.732136+00:00,83,0.6370074405392596,0.5180722891566265,0.7228915662650602,0.7948446327683616,0.5562893081761007,saved per-run metrics; empty fields indicate another schema; may include full-data/in-sample runs
stage2/generalization/results/LOSO_E4_cnx/CCD_seed2/metrics.json,2026-09-26T17:30:05.477472+00:00,83,0.6424572047994398,0.5180722891566265,0.7469879518072289,0.8070802789200787,0.5241605241605242,saved per-run metrics; empty fields indicate another schema; may include full-data/in-sample runs
stage2/generalization/results/LOSO_E4_cnx/MMAU_seed0/metrics.json,2026-09-26T17:25:28.472499+00:00,97,0.8336636993434756,0.8144329896907216,0.9278350515463918,0.8966325660699062,0.5958333333333333,saved per-run metrics; empty fields indicate another schema; may include full-data/in-sample runs
stage2/generalization/results/LOSO_E4_cnx/MMAU_seed1/metrics.json,2026-09-26T17:27:48.693043+00:00,97,0.7880255293062989,0.7731958762886598,0.9484536082474226,0.6630812324929972,0.57324016563147,saved per-run metrics; empty fields indicate another schema; may include full-data/in-sample runs
stage2/generalization/results/LOSO_E4_cnx/MMAU_seed2/metrics.json,2026-09-26T17:31:12.764766+00:00,97,0.7951312793113228,0.7731958762886598,0.9278350515463918,0.8336192109777016,0.49818381948266377,saved per-run metrics; empty fields indicate another schema; may include full-data/in-sample runs
stage2/generalization/results/LOSO_E4_cnx/NEXAR_seed0/metrics.json,2026-09-26T17:25:44.504481+00:00,80,0.45368560606060604,0.225,0.5625,0.797979797979798,0.3890909090909091,saved per-run metrics; empty fields indicate another schema; may include full-data/in-sample runs
stage2/generalization/results/LOSO_E4_cnx/NEXAR_seed1/metrics.json,2026-09-26T17:28:04.580269+00:00,80,0.4454296080425598,0.2375,0.575,0.6369895165075887,0.43670787044281023,saved per-run metrics; empty fields indicate another schema; may include full-data/in-sample runs
stage2/generalization/results/LOSO_E4_cnx/NEXAR_seed2/metrics.json,2026-09-26T17:31:44.274601+00:00,80,0.4746320850202429,0.225,0.5375,0.7866666666666666,0.5983805668016194,saved per-run metrics; empty fields indicate another schema; may include full-data/in-sample runs
stage2/generalization/results/LOSO_E4_cnxm/AIHUB_seed0/metrics.json,2026-09-26T17:40:44.214690+00:00,88,0.5135614182145705,0.29545454545454547,0.625,0.7792739273927394,0.4967415879771246,saved per-run metrics; empty fields indicate another schema; may include full-data/in-sample runs
stage2/generalization/results/LOSO_E4_cnxm/AIHUB_seed1/metrics.json,2026-09-26T17:43:39.937008+00:00,88,0.49828939714906806,0.26136363636363635,0.6590909090909091,0.6968733439321675,0.4773286976676807,saved per-run metrics; empty fields indicate another schema; may include full-data/in-sample runs
stage2/generalization/results/LOSO_E4_cnxm/AIHUB_seed2/metrics.json,2026-09-26T17:46:33.557688+00:00,88,0.5618660223372319,0.3522727272727273,0.6363636363636364,0.8521008403361344,0.5868544600938967,saved per-run metrics; empty fields indicate another schema; may include full-data/in-sample runs
stage2/generalization/results/LOSO_E4_cnxm/CCD_seed0/metrics.json,2026-09-26T17:42:16.345904+00:00,83,0.623015768055764,0.4578313253012048,0.7349397590361446,0.8056206088992974,0.5646853146853147,saved per-run metrics; empty fields indicate another schema; may include full-data/in-sample runs
stage2/generalization/results/LOSO_E4_cnxm/CCD_seed1/metrics.json,2026-09-26T17:44:39.048316+00:00,83,0.6374386806777081,0.5783132530120482,0.7349397590361446,0.8078703703703703,0.3774638060352346,saved per-run metrics; empty fields indicate another schema; may include full-data/in-sample runs
stage2/generalization/results/LOSO_E4_cnxm/CCD_seed2/metrics.json,2026-09-26T17:47:36.140575+00:00,83,0.661667219726363,0.5421686746987951,0.8554216867469879,0.7655367231638418,0.3845338983050847,saved per-run metrics; empty fields indicate another schema; may include full-data/in-sample runs
stage2/generalization/results/LOSO_E4_cnxm/MMAU_seed0/metrics.json,2026-09-26T17:42:08.714235+00:00,97,0.7860012422623314,0.711340206185567,0.9278350515463918,0.8142553191489361,0.6010106945587026,saved per-run metrics; empty fields indicate another schema; may include full-data/in-sample runs
stage2/generalization/results/LOSO_E4_cnxm/MMAU_seed1/metrics.json,2026-09-26T17:45:05.991755+00:00,97,0.7997298278600621,0.7835051546391752,0.9484536082474226,0.7421584263689527,0.5481366459627329,saved per-run metrics; empty fields indicate another schema; may include full-data/in-sample runs
stage2/generalization/results/LOSO_E4_cnxm/MMAU_seed2/metrics.json,2026-09-26T17:47:48.921259+00:00,97,0.8030101545790977,0.7628865979381443,0.9381443298969072,0.8040404040404041,0.5802884615384616,saved per-run metrics; empty fields indicate another schema; may include full-data/in-sample runs
stage2/generalization/results/LOSO_E4_cnxm/NEXAR_seed0/metrics.json,2026-09-26T17:42:31.620082+00:00,80,0.49732142857142847,0.2875,0.5375,0.8222222222222222,0.5682539682539682,saved per-run metrics; empty fields indicate another schema; may include full-data/in-sample runs
stage2/generalization/results/LOSO_E4_cnxm/NEXAR_seed1/metrics.json,2026-09-26T17:45:30.575474+00:00,80,0.39647848162475824,0.2125,0.45,0.6131528046421664,0.4842037395228885,saved per-run metrics; empty fields indicate another schema; may include full-data/in-sample runs
stage2/generalization/results/LOSO_E4_cnxm/NEXAR_seed2/metrics.json,2026-09-26T17:48:12.343695+00:00,80,0.45409260910943894,0.2375,0.5375,0.6983029541169076,0.5206477732793522,saved per-run metrics; empty fields indicate another schema; may include full-data/in-sample runs
stage2/generalization/results/LOSO_E4_ema/AIHUB_seed0/metrics.json,2026-09-26T18:14:14.706724+00:00,88,0.6033082988440132,0.3409090909090909,0.6931818181818182,0.9545454545454546,0.6546310832025117,saved per-run metrics; empty fields indicate another schema; may include full-data/in-sample runs
stage2/generalization/results/LOSO_E4_ema/AIHUB_seed1/metrics.json,2026-09-26T18:16:19.443973+00:00,88,0.6646772377239129,0.42045454545454547,0.7727272727272727,0.8976082740788623,0.7494824016563147,saved per-run metrics; empty fields indicate another schema; may include full-data/in-sample runs
stage2/generalization/results/LOSO_E4_ema/AIHUB_seed2/metrics.json,2026-09-26T18:18:41.159974+00:00,88,0.5891620162016201,0.375,0.625,0.9545454545454546,0.6398679867986798,saved per-run metrics; empty fields indicate another schema; may include full-data/in-sample runs
stage2/generalization/results/LOSO_E4_ema/CCD_seed0/metrics.json,2026-09-26T18:14:42.571827+00:00,83,0.7051016806205703,0.5783132530120482,0.7831325301204819,0.9332045710606792,0.5907664724338861,saved per-run metrics; empty fields indicate another schema; may include full-data/in-sample runs
stage2/generalization/results/LOSO_E4_ema/CCD_seed1/metrics.json,2026-09-26T18:17:03.008284+00:00,83,0.7244131374276239,0.6144578313253012,0.7951807228915663,0.9216981132075472,0.6185661764705883,saved per-run metrics; empty fields indicate another schema; may include full-data/in-sample runs
stage2/generalization/results/LOSO_E4_ema/CCD_seed2/metrics.json,2026-09-26T18:19:22.287223+00:00,83,0.6786780533838372,0.5301204819277109,0.7831325301204819,0.8694968553459119,0.5907664724338861,saved per-run metrics; empty fields indicate another schema; may include full-data/in-sample runs
stage2/generalization/results/LOSO_E4_ema/MMAU_seed0/metrics.json,2026-09-26T18:15:24.115380+00:00,97,0.8618663638606838,0.8247422680412371,0.9484536082474226,0.906860130161101,0.701458584236585,saved per-run metrics; empty fields indicate another schema; may include full-data/in-sample runs
stage2/generalization/results/LOSO_E4_ema/MMAU_seed1/metrics.json,2026-09-26T18:17:26.314377+00:00,97,0.8403123282656482,0.7938144329896907,0.9484536082474226,0.8865497076023392,0.6502403846153846,saved per-run metrics; empty fields indicate another schema; may include full-data/in-sample runs
stage2/generalization/results/LOSO_E4_ema/MMAU_seed2/metrics.json,2026-09-26T18:19:46.524958+00:00,97,0.8510099854813608,0.8350515463917526,0.9484536082474226,0.8968085106382979,0.6150793650793651,saved per-run metrics; empty fields indicate another schema; may include full-data/in-sample runs
stage2/generalization/results/LOSO_E4_ema/NEXAR_seed0/metrics.json,2026-09-26T18:15:41.908172+00:00,80,0.5678888469695733,0.325,0.7125,0.7998749218261414,0.5652173913043479,saved per-run metrics; empty fields indicate another schema; may include full-data/in-sample runs
stage2/generalization/results/LOSO_E4_ema/NEXAR_seed1/metrics.json,2026-09-26T18:18:03.336342+00:00,80,0.5902435918530192,0.3625,0.6875,0.8122359568142701,0.6727213222058583,saved per-run metrics; empty fields indicate another schema; may include full-data/in-sample runs
stage2/generalization/results/LOSO_E4_ema/NEXAR_seed2/metrics.json,2026-09-26T18:20:26.700143+00:00,80,0.5452000390320062,0.3,0.675,0.7968253968253969,0.5628415300546448,saved per-run metrics; empty fields indicate another schema; may include full-data/in-sample runs
stage2/generalization/results/LOSO_E4_fa/AIHUB_seed0/metrics.json,2026-09-26T18:06:23.843319+00:00,88,0.6158343896185893,0.36363636363636365,0.7386363636363636,0.9317829457364342,0.6018099547511313,saved per-run metrics; empty fields indicate another schema; may include full-data/in-sample runs
stage2/generalization/results/LOSO_E4_fa/AIHUB_seed1/metrics.json,2026-09-26T18:08:56.386667+00:00,88,0.6348799397483609,0.3409090909090909,0.7727272727272727,0.8970760233918129,0.7369720597790773,saved per-run metrics; empty fields indicate another schema; may include full-data/in-sample runs
stage2/generalization/results/LOSO_E4_fa/AIHUB_seed2/metrics.json,2026-09-26T18:11:52.144192+00:00,88,0.6180306674712045,0.42045454545454547,0.6818181818181818,0.9316770186335404,0.616557734204793,saved per-run metrics; empty fields indicate another schema; may include full-data/in-sample runs
stage2/generalization/results/LOSO_E4_fa/CCD_seed0/metrics.json,2026-09-26T18:06:55.149413+00:00,83,0.7087057962672068,0.5903614457831325,0.8433734939759037,0.8833723653395784,0.4959514170040486,saved per-run metrics; empty fields indicate another schema; may include full-data/in-sample runs
stage2/generalization/results/LOSO_E4_fa/CCD_seed1/metrics.json,2026-09-26T18:09:26.595270+00:00,83,0.7227441421817539,0.5662650602409639,0.891566265060241,0.8387867921709249,0.5779010633379565,saved per-run metrics; empty fields indicate another schema; may include full-data/in-sample runs
stage2/generalization/results/LOSO_E4_fa/CCD_seed2/metrics.json,2026-09-26T18:12:09.604201+00:00,83,0.7223397471951688,0.5542168674698795,0.8674698795180723,0.8504504504504504,0.6478787878787879,saved per-run metrics; empty fields indicate another schema; may include full-data/in-sample runs
stage2/generalization/results/LOSO_E4_fa/MMAU_seed0/metrics.json,2026-09-26T18:07:23.347957+00:00,97,0.8208384816513988,0.7938144329896907,0.9381443298969072,0.8329026701119724,0.5981167608286252,saved per-run metrics; empty fields indicate another schema; may include full-data/in-sample runs
stage2/generalization/results/LOSO_E4_fa/MMAU_seed1/metrics.json,2026-09-26T18:10:35.672097+00:00,97,0.7956208637646003,0.7525773195876289,0.9381443298969072,0.8759590792838874,0.4831628303495311,saved per-run metrics; empty fields indicate another schema; may include full-data/in-sample runs
stage2/generalization/results/LOSO_E4_fa/MMAU_seed2/metrics.json,2026-09-26T18:13:48.787936+00:00,97,0.8288269547055981,0.7938144329896907,0.9381443298969072,0.886404769509209,0.5978711484593837,saved per-run metrics; empty fields indicate another schema; may include full-data/in-sample runs
stage2/generalization/results/LOSO_E4_fa/NEXAR_seed0/metrics.json,2026-09-26T18:07:27.305544+00:00,80,0.510116028708134,0.3125,0.5625,0.8245614035087719,0.5345454545454545,saved per-run metrics; empty fields indicate another schema; may include full-data/in-sample runs
stage2/generalization/results/LOSO_E4_fa/NEXAR_seed1/metrics.json,2026-09-26T18:09:49.507954+00:00,80,0.5763426854147715,0.3375,0.725,0.7698209718670077,0.593296930898136,saved per-run metrics; empty fields indicate another schema; may include full-data/in-sample runs
stage2/generalization/results/LOSO_E4_fa/NEXAR_seed2/metrics.json,2026-09-26T18:13:32.493792+00:00,80,0.5166462603661399,0.2625,0.6625,0.7621655452980755,0.5238095238095238,saved per-run metrics; empty fields indicate another schema; may include full-data/in-sample runs
stage2/generalization/results/LOSO_E4_geo/AIHUB_seed0/metrics.json,2026-09-26T16:44:44.113576+00:00,88,0.5823400144165554,0.32954545454545453,0.6818181818181818,0.9201969166990542,0.6022213612294977,saved per-run metrics; empty fields indicate another schema; may include full-data/in-sample runs
stage2/generalization/results/LOSO_E4_geo/AIHUB_seed1/metrics.json,2026-09-26T16:48:08.304999+00:00,88,0.6227532282224972,0.3409090909090909,0.7386363636363636,0.9090439276485788,0.7237048665620094,saved per-run metrics; empty fields indicate another schema; may include full-data/in-sample runs
stage2/generalization/results/LOSO_E4_geo/AIHUB_seed2/metrics.json,2026-09-26T16:51:08.031042+00:00,88,0.5853301435406698,0.3522727272727273,0.6704545454545454,0.8863636363636364,0.6294736842105264,saved per-run metrics; empty fields indicate another schema; may include full-data/in-sample runs
stage2/generalization/results/LOSO_E4_geo/CCD_seed0/metrics.json,2026-09-26T16:45:47.064500+00:00,83,0.6992956037312102,0.5542168674698795,0.8192771084337349,0.9048321048321049,0.552319309600863,saved per-run metrics; empty fields indicate another schema; may include full-data/in-sample runs
stage2/generalization/results/LOSO_E4_geo/CCD_seed1/metrics.json,2026-09-26T16:49:14.037918+00:00,83,0.6974578414052662,0.5662650602409639,0.7951807228915663,0.8970223325062034,0.5759897828863346,saved per-run metrics; empty fields indicate another schema; may include full-data/in-sample runs
stage2/generalization/results/LOSO_E4_geo/CCD_seed2/metrics.json,2026-09-26T16:51:33.867997+00:00,83,0.6815452401816797,0.5301204819277109,0.8072289156626506,0.8712779156327544,0.5518750912009338,saved per-run metrics; empty fields indicate another schema; may include full-data/in-sample runs
stage2/generalization/results/LOSO_E4_geo/MMAU_seed0/metrics.json,2026-09-26T16:46:39.250111+00:00,97,0.8414774909592369,0.8247422680412371,0.9381443298969072,0.8650615302300695,0.6313863476425052,saved per-run metrics; empty fields indicate another schema; may include full-data/in-sample runs
stage2/generalization/results/LOSO_E4_geo/MMAU_seed1/metrics.json,2026-09-26T16:49:57.231281+00:00,97,0.8298182443296797,0.7938144329896907,0.9381443298969072,0.9484316852737905,0.5424528301886793,saved per-run metrics; empty fields indicate another schema; may include full-data/in-sample runs
stage2/generalization/results/LOSO_E4_geo/MMAU_seed2/metrics.json,2026-09-26T16:52:17.445947+00:00,97,0.8373584029170749,0.8144329896907216,0.9690721649484536,0.8963675213675213,0.5245098039215687,saved per-run metrics; empty fields indicate another schema; may include full-data/in-sample runs
stage2/generalization/results/LOSO_E4_geo/NEXAR_seed0/metrics.json,2026-09-26T16:47:14.144408+00:00,80,0.5628625826947334,0.3625,0.6875,0.7994987468671679,0.5029184710977217,saved per-run metrics; empty fields indicate another schema; may include full-data/in-sample runs
stage2/generalization/results/LOSO_E4_geo/NEXAR_seed1/metrics.json,2026-09-26T16:50:13.543167+00:00,80,0.5786041182184968,0.3625,0.675,0.8122359568142701,0.6242914979757086,saved per-run metrics; empty fields indicate another schema; may include full-data/in-sample runs
stage2/generalization/results/LOSO_E4_geo/NEXAR_seed2/metrics.json,2026-09-26T16:52:33.611181+00:00,80,0.5397991105194747,0.35,0.6625,0.7138477261113949,0.5223130106851037,saved per-run metrics; empty fields indicate another schema; may include full-data/in-sample runs
stage2/generalization/results/LOSO_E4_mmauE0/AIHUB_seed0/metrics.json,2026-09-26T13:23:11.161076+00:00,88,0.5722140762463342,0.29545454545454547,0.7045454545454546,0.9545454545454546,0.5268817204301075,saved per-run metrics; empty fields indicate another schema; may include full-data/in-sample runs
stage2/generalization/results/LOSO_E4_mmauE0/AIHUB_seed1/metrics.json,2026-09-26T13:26:33.323584+00:00,88,0.5811268982947162,0.2727272727272727,0.7272727272727273,0.8388278388278387,0.7020181498036029,saved per-run metrics; empty fields indicate another schema; may include full-data/in-sample runs
stage2/generalization/results/LOSO_E4_mmauE0/AIHUB_seed2/metrics.json,2026-09-26T13:28:52.790417+00:00,88,0.573834191019065,0.3181818181818182,0.6363636363636364,0.8976082740788623,0.7006802721088435,saved per-run metrics; empty fields indicate another schema; may include full-data/in-sample runs
stage2/generalization/results/LOSO_E4_mmauE0/CCD_seed0/metrics.json,2026-09-26T13:24:02.120254+00:00,83,0.645918581656732,0.4578313253012048,0.7831325301204819,0.8955974842767296,0.5149440641175488,saved per-run metrics; empty fields indicate another schema; may include full-data/in-sample runs
stage2/generalization/results/LOSO_E4_mmauE0/CCD_seed1/metrics.json,2026-09-26T13:26:39.730037+00:00,83,0.6817361052206573,0.4939759036144578,0.8072289156626506,0.9216981132075472,0.5870646766169154,saved per-run metrics; empty fields indicate another schema; may include full-data/in-sample runs
stage2/generalization/results/LOSO_E4_mmauE0/CCD_seed2/metrics.json,2026-09-26T13:29:56.794957+00:00,83,0.6906068031862861,0.4819277108433735,0.8554216867469879,0.8848821081830791,0.5986813186813187,saved per-run metrics; empty fields indicate another schema; may include full-data/in-sample runs
stage2/generalization/results/LOSO_E4_mmauE0/MMAU_seed0/metrics.json,2026-09-26T13:25:01.321090+00:00,97,0.844254529859371,0.7938144329896907,0.9484536082474226,0.886404769509209,0.6766666666666667,saved per-run metrics; empty fields indicate another schema; may include full-data/in-sample runs
stage2/generalization/results/LOSO_E4_mmauE0/MMAU_seed1/metrics.json,2026-09-26T13:27:09.971251+00:00,97,0.8137178522424142,0.8041237113402062,0.9381443298969072,0.8861623813080124,0.47333120408815077,saved per-run metrics; empty fields indicate another schema; may include full-data/in-sample runs
stage2/generalization/results/LOSO_E4_mmauE0/MMAU_seed2/metrics.json,2026-09-26T13:31:16.505757+00:00,97,0.8444869140702667,0.8247422680412371,0.9484536082474226,0.9277121260513148,0.5647435897435897,saved per-run metrics; empty fields indicate another schema; may include full-data/in-sample runs
stage2/generalization/results/LOSO_E4_mmauE0/NEXAR_seed0/metrics.json,2026-09-26T13:24:46.971219+00:00,80,0.5320091899888482,0.3,0.675,0.756058417589472,0.5156695156695157,saved per-run metrics; empty fields indicate another schema; may include full-data/in-sample runs
stage2/generalization/results/LOSO_E4_mmauE0/NEXAR_seed1/metrics.json,2026-09-26T13:27:35.989882+00:00,80,0.519326335551126,0.25,0.6625,0.8122359568142701,0.5207729468599034,saved per-run metrics; empty fields indicate another schema; may include full-data/in-sample runs
stage2/generalization/results/LOSO_E4_mmauE0/NEXAR_seed2/metrics.json,2026-09-26T13:31:02.198751+00:00,80,0.49237307270589825,0.2375,0.6,0.7714285714285715,0.5568919132774173,saved per-run metrics; empty fields indicate another schema; may include full-data/in-sample runs
stage2/generalization/results/LOSO_E4_obj/AIHUB_seed0/metrics.json,2026-09-26T13:42:48.986886+00:00,88,0.5886860635613448,0.2840909090909091,0.7727272727272727,0.9317829457364342,0.5268817204301075,saved per-run metrics; empty fields indicate another schema; may include full-data/in-sample runs
stage2/generalization/results/LOSO_E4_obj/AIHUB_seed1/metrics.json,2026-09-26T13:45:18.763913+00:00,88,0.6091219305408158,0.3181818181818182,0.7272727272727273,0.8977140643161565,0.7237048665620094,saved per-run metrics; empty fields indicate another schema; may include full-data/in-sample runs
stage2/generalization/results/LOSO_E4_obj/AIHUB_seed2/metrics.json,2026-09-26T13:48:12.667958+00:00,88,0.5680322362899283,0.26136363636363635,0.6818181818181818,0.9317829457364342,0.6543410537721793,saved per-run metrics; empty fields indicate another schema; may include full-data/in-sample runs
stage2/generalization/results/LOSO_E4_obj/CCD_seed0/metrics.json,2026-09-26T13:43:28.584275+00:00,83,0.6887668555502512,0.5301204819277109,0.8313253012048193,0.8816727387929668,0.5333994708994709,saved per-run metrics; empty fields indicate another schema; may include full-data/in-sample runs
stage2/generalization/results/LOSO_E4_obj/CCD_seed1/metrics.json,2026-09-26T13:46:14.905914+00:00,83,0.7089432905198079,0.4939759036144578,0.8674698795180723,0.9115003808073115,0.6380813953488372,saved per-run metrics; empty fields indicate another schema; may include full-data/in-sample runs
stage2/generalization/results/LOSO_E4_obj/CCD_seed2/metrics.json,2026-09-26T13:49:49.884832+00:00,83,0.668288872477275,0.4578313253012048,0.8313253012048193,0.8848821081830791,0.5623449131513648,saved per-run metrics; empty fields indicate another schema; may include full-data/in-sample runs
stage2/generalization/results/LOSO_E4_obj/MMAU_seed0/metrics.json,2026-09-26T13:43:59.439574+00:00,97,0.8349928779831739,0.7731958762886598,0.9484536082474226,0.8220183486238533,0.7274187073464472,saved per-run metrics; empty fields indicate another schema; may include full-data/in-sample runs
stage2/generalization/results/LOSO_E4_obj/MMAU_seed1/metrics.json,2026-09-26T13:46:43.778223+00:00,97,0.7952443282421273,0.7835051546391752,0.8969072164948454,0.8858212948100589,0.4948453608247423,saved per-run metrics; empty fields indicate another schema; may include full-data/in-sample runs
stage2/generalization/results/LOSO_E4_obj/MMAU_seed2/metrics.json,2026-09-26T13:50:12.060939+00:00,97,0.8423491028714332,0.8556701030927835,0.9278350515463918,0.8858212948100589,0.5683273635080863,saved per-run metrics; empty fields indicate another schema; may include full-data/in-sample runs
stage2/generalization/results/LOSO_E4_obj/NEXAR_seed0/metrics.json,2026-09-26T13:43:56.787943+00:00,80,0.5013534917693524,0.25,0.65,0.7678916827852997,0.4744649290103835,saved per-run metrics; empty fields indicate another schema; may include full-data/in-sample runs
stage2/generalization/results/LOSO_E4_obj/NEXAR_seed1/metrics.json,2026-09-26T13:47:16.729663+00:00,80,0.5787159561413395,0.375,0.7125,0.8122359568142701,0.5083704174613266,saved per-run metrics; empty fields indicate another schema; may include full-data/in-sample runs
stage2/generalization/results/LOSO_E4_obj/NEXAR_seed2/metrics.json,2026-09-26T13:50:52.022059+00:00,80,0.5457689648796706,0.2875,0.675,0.7579232361841057,0.634703196347032,saved per-run metrics; empty fields indicate another schema; may include full-data/in-sample runs
stage2/generalization/results/LOSO_E4_sa/AIHUB_seed0/metrics.json,2026-09-26T14:37:07.231917+00:00,88,0.5719229630860643,0.3068181818181818,0.6818181818181818,0.9204442722458995,0.5855572998430141,saved per-run metrics; empty fields indicate another schema; may include full-data/in-sample runs
stage2/generalization/results/LOSO_E4_sa/AIHUB_seed1/metrics.json,2026-09-26T14:40:12.122146+00:00,88,0.5933371086278062,0.26136363636363635,0.7840909090909091,0.9090439276485788,0.6071428571428572,saved per-run metrics; empty fields indicate another schema; may include full-data/in-sample runs
stage2/generalization/results/LOSO_E4_sa/AIHUB_seed2/metrics.json,2026-09-26T14:44:36.026849+00:00,88,0.573491522256066,0.3181818181818182,0.6590909090909091,0.9089026915113871,0.6340710932260228,saved per-run metrics; empty fields indicate another schema; may include full-data/in-sample runs
stage2/generalization/results/LOSO_E4_sa/AIHUB_seed3/metrics.json,2026-09-26T20:33:05.349420+00:00,88,0.5947855681454471,0.3409090909090909,0.6818181818181818,0.8977140643161565,0.681159420289855,saved per-run metrics; empty fields indicate another schema; may include full-data/in-sample runs
stage2/generalization/results/LOSO_E4_sa/AIHUB_seed4/metrics.json,2026-09-26T20:35:20.148172+00:00,88,0.5826868318387053,0.3409090909090909,0.6477272727272727,0.8745951548127996,0.7031655422937209,saved per-run metrics; empty fields indicate another schema; may include full-data/in-sample runs
stage2/generalization/results/LOSO_E4_sa/AIHUB_seed5/metrics.json,2026-09-26T20:37:38.592630+00:00,88,0.5760091187761321,0.2840909090909091,0.7386363636363636,0.8629994810586403,0.5906976744186047,saved per-run metrics; empty fields indicate another schema; may include full-data/in-sample runs
stage2/generalization/results/LOSO_E4_sa/CCD_seed0/metrics.json,2026-09-26T14:37:56.206496+00:00,83,0.7347020264967917,0.6385542168674698,0.8192771084337349,0.8939974457215836,0.6024096385542169,saved per-run metrics; empty fields indicate another schema; may include full-data/in-sample runs
stage2/generalization/results/LOSO_E4_sa/CCD_seed1/metrics.json,2026-09-26T14:41:17.726837+00:00,83,0.7273732449070828,0.5542168674698795,0.8674698795180723,0.9332045710606792,0.5986813186813187,saved per-run metrics; empty fields indicate another schema; may include full-data/in-sample runs
stage2/generalization/results/LOSO_E4_sa/CCD_seed2/metrics.json,2026-09-26T14:45:34.639691+00:00,83,0.6743271280323685,0.5301204819277109,0.7469879518072289,0.9332045710606792,0.5823899371069182,saved per-run metrics; empty fields indicate another schema; may include full-data/in-sample runs
stage2/generalization/results/LOSO_E4_sa/CCD_seed3/metrics.json,2026-09-26T20:33:47.243110+00:00,83,0.7375053393314309,0.6506024096385542,0.8072289156626506,0.860929169840061,0.6541666666666667,saved per-run metrics; empty fields indicate another schema; may include full-data/in-sample runs
stage2/generalization/results/LOSO_E4_sa/CCD_seed4/metrics.json,2026-09-26T20:36:06.656383+00:00,83,0.7123247361741337,0.6024096385542169,0.7951807228915663,0.8902116402116402,0.5975757575757576,saved per-run metrics; empty fields indicate another schema; may include full-data/in-sample runs
stage2/generalization/results/LOSO_E4_sa/CCD_seed5/metrics.json,2026-09-26T20:38:21.571431+00:00,83,0.720562028418663,0.5662650602409639,0.8313253012048193,0.9216981132075472,0.6210045662100456,saved per-run metrics; empty fields indicate another schema; may include full-data/in-sample runs
stage2/generalization/results/LOSO_E4_sa/MMAU_seed0/metrics.json,2026-09-26T14:39:01.147495+00:00,97,0.820513521824273,0.8041237113402062,0.9484536082474226,0.8756410256410256,0.5051020408163265,saved per-run metrics; empty fields indicate another schema; may include full-data/in-sample runs
stage2/generalization/results/LOSO_E4_sa/MMAU_seed1/metrics.json,2026-09-26T14:42:32.481687+00:00,97,0.8120756562812036,0.7938144329896907,0.9484536082474226,0.8752144082332762,0.47333120408815077,saved per-run metrics; empty fields indicate another schema; may include full-data/in-sample runs
stage2/generalization/results/LOSO_E4_sa/MMAU_seed2/metrics.json,2026-09-26T14:46:46.338391+00:00,97,0.7986730175506951,0.7422680412371134,0.9381443298969072,0.8537898363479759,0.5497347480106101,saved per-run metrics; empty fields indicate another schema; may include full-data/in-sample runs
stage2/generalization/results/LOSO_E4_sa/MMAU_seed3/metrics.json,2026-09-26T20:34:06.055189+00:00,97,0.8147503900064369,0.7525773195876289,0.9278350515463918,0.8336192109777016,0.6770878564191634,saved per-run metrics; empty fields indicate another schema; may include full-data/in-sample runs
stage2/generalization/results/LOSO_E4_sa/MMAU_seed4/metrics.json,2026-09-26T20:36:28.980994+00:00,97,0.8224713129598139,0.8041237113402062,0.9278350515463918,0.8128216123499142,0.6290833606467825,saved per-run metrics; empty fields indicate another schema; may include full-data/in-sample runs
stage2/generalization/results/LOSO_E4_sa/MMAU_seed5/metrics.json,2026-09-26T20:38:53.836494+00:00,97,0.8002376196752425,0.7835051546391752,0.9175257731958762,0.8027822364901016,0.5630630630630631,saved per-run metrics; empty fields indicate another schema; may include full-data/in-sample runs
stage2/generalization/results/LOSO_E4_sa/NEXAR_seed0/metrics.json,2026-09-26T14:39:29.734091+00:00,80,0.5492291885780253,0.3625,0.6375,0.7858604944103291,0.5423340961098397,saved per-run metrics; empty fields indicate another schema; may include full-data/in-sample runs
stage2/generalization/results/LOSO_E4_sa/NEXAR_seed1/metrics.json,2026-09-26T14:43:14.580444+00:00,80,0.5592716023792977,0.35,0.7125,0.7594556100648837,0.48985507246376814,saved per-run metrics; empty fields indicate another schema; may include full-data/in-sample runs
stage2/generalization/results/LOSO_E4_sa/NEXAR_seed2/metrics.json,2026-09-26T14:47:30.704255+00:00,80,0.5658144409337205,0.3,0.6875,0.8999374609130707,0.5679921453117329,saved per-run metrics; empty fields indicate another schema; may include full-data/in-sample runs
stage2/generalization/results/LOSO_E4_sa/NEXAR_seed3/metrics.json,2026-09-26T20:34:40.357133+00:00,80,0.5707184946805384,0.2875,0.7375,0.8222222222222222,0.5909010756480338,saved per-run metrics; empty fields indicate another schema; may include full-data/in-sample runs
stage2/generalization/results/LOSO_E4_sa/NEXAR_seed4/metrics.json,2026-09-26T20:37:02.155789+00:00,80,0.5808017861720438,0.3625,0.675,0.8122359568142701,0.638942617666022,saved per-run metrics; empty fields indicate another schema; may include full-data/in-sample runs
stage2/generalization/results/LOSO_E4_sa/NEXAR_seed5/metrics.json,2026-09-26T20:39:40.688889+00:00,80,0.5357118599791013,0.35,0.625,0.797979797979798,0.49843260188087773,saved per-run metrics; empty fields indicate another schema; may include full-data/in-sample runs
stage2/generalization/results/LOSO_E4_sa_ab/AIHUB_seed0/metrics.json,2026-09-26T18:21:02.928064+00:00,88,0.5984647547050685,0.3522727272727273,0.7272727272727273,0.8977140643161565,0.5731115731115731,saved per-run metrics; empty fields indicate another schema; may include full-data/in-sample runs
stage2/generalization/results/LOSO_E4_sa_ab/AIHUB_seed1/metrics.json,2026-09-26T18:23:21.359278+00:00,88,0.5728030683261113,0.29545454545454547,0.6931818181818182,0.8976082740788623,0.614260666277031,saved per-run metrics; empty fields indicate another schema; may include full-data/in-sample runs
stage2/generalization/results/LOSO_E4_sa_ab/AIHUB_seed2/metrics.json,2026-09-26T18:26:00.003572+00:00,88,0.5818915334672671,0.38636363636363635,0.6704545454545454,0.8858329008822003,0.5275348979904894,saved per-run metrics; empty fields indicate another schema; may include full-data/in-sample runs
stage2/generalization/results/LOSO_E4_sa_ab/CCD_seed0/metrics.json,2026-09-26T18:21:48.460260+00:00,83,0.7174808645971558,0.6385542168674698,0.7831325301204819,0.9048321048321049,0.5611045828437133,saved per-run metrics; empty fields indicate another schema; may include full-data/in-sample runs
stage2/generalization/results/LOSO_E4_sa_ab/CCD_seed1/metrics.json,2026-09-26T18:24:06.885709+00:00,83,0.7153213927497596,0.5903614457831325,0.8192771084337349,0.9332045710606792,0.5464480874316939,saved per-run metrics; empty fields indicate another schema; may include full-data/in-sample runs
stage2/generalization/results/LOSO_E4_sa_ab/CCD_seed2/metrics.json,2026-09-26T18:26:48.340838+00:00,83,0.7116773840358874,0.5903614457831325,0.7951807228915663,0.9191558441558442,0.5924283225091082,saved per-run metrics; empty fields indicate another schema; may include full-data/in-sample runs
stage2/generalization/results/LOSO_E4_sa_ab/MMAU_seed0/metrics.json,2026-09-26T18:22:06.461344+00:00,97,0.8052005683320115,0.7525773195876289,0.9484536082474226,0.85491452991453,0.544017094017094,saved per-run metrics; empty fields indicate another schema; may include full-data/in-sample runs
stage2/generalization/results/LOSO_E4_sa_ab/MMAU_seed1/metrics.json,2026-09-26T18:24:56.946262+00:00,97,0.8184875408647457,0.7422680412371134,0.9278350515463918,0.9484316852737905,0.6112447039963358,saved per-run metrics; empty fields indicate another schema; may include full-data/in-sample runs
stage2/generalization/results/LOSO_E4_sa_ab/MMAU_seed2/metrics.json,2026-09-26T18:27:36.145153+00:00,97,0.8270956430715135,0.7628865979381443,0.9381443298969072,0.907177033492823,0.6377217553688141,saved per-run metrics; empty fields indicate another schema; may include full-data/in-sample runs
stage2/generalization/results/LOSO_E4_sa_ab/NEXAR_seed0/metrics.json,2026-09-26T18:22:42.093798+00:00,80,0.5763298681541582,0.3375,0.7,0.8,0.6213657876943881,saved per-run metrics; empty fields indicate another schema; may include full-data/in-sample runs
stage2/generalization/results/LOSO_E4_sa_ab/NEXAR_seed1/metrics.json,2026-09-26T18:25:02.290660+00:00,80,0.5753868286445013,0.35,0.725,0.7442455242966752,0.5833333333333334,saved per-run metrics; empty fields indicate another schema; may include full-data/in-sample runs
stage2/generalization/results/LOSO_E4_sa_ab/NEXAR_seed2/metrics.json,2026-09-26T18:28:02.616777+00:00,80,0.5463950239944324,0.275,0.6875,0.834368530020704,0.5624316299421784,saved per-run metrics; empty fields indicate another schema; may include full-data/in-sample runs
stage2/generalization/results/LOSO_E4_sa_anc/AIHUB_seed0/metrics.json,2026-09-26T21:21:25.616243+00:00,88,0.6310678196657598,0.375,0.7613636363636364,0.9318181818181818,0.6237854644383988,saved per-run metrics; empty fields indicate another schema; may include full-data/in-sample runs
stage2/generalization/results/LOSO_E4_sa_anc/AIHUB_seed1/metrics.json,2026-09-26T21:25:09.795016+00:00,88,0.5923344512630226,0.3181818181818182,0.7045454545454546,0.8388278388278387,0.7237048665620094,saved per-run metrics; empty fields indicate another schema; may include full-data/in-sample runs
stage2/generalization/results/LOSO_E4_sa_anc/AIHUB_seed2/metrics.json,2026-09-26T21:27:32.410024+00:00,88,0.6150973224284764,0.4090909090909091,0.7272727272727273,0.8863049095607235,0.5628287551139685,saved per-run metrics; empty fields indicate another schema; may include full-data/in-sample runs
stage2/generalization/results/LOSO_E4_sa_anc/CCD_seed0/metrics.json,2026-09-26T21:21:58.732744+00:00,83,0.7210369633875308,0.6144578313253012,0.8072289156626506,0.8848821081830791,0.6047619047619047,saved per-run metrics; empty fields indicate another schema; may include full-data/in-sample runs
stage2/generalization/results/LOSO_E4_sa_anc/CCD_seed1/metrics.json,2026-09-26T21:25:37.410192+00:00,83,0.728239874812986,0.6265060240963856,0.8072289156626506,0.8955974842767296,0.613953488372093,saved per-run metrics; empty fields indicate another schema; may include full-data/in-sample runs
stage2/generalization/results/LOSO_E4_sa_anc/CCD_seed2/metrics.json,2026-09-26T21:28:16.619174+00:00,83,0.6935417252061218,0.5662650602409639,0.7710843373493976,0.8599865047233468,0.6431430689399555,saved per-run metrics; empty fields indicate another schema; may include full-data/in-sample runs
stage2/generalization/results/LOSO_E4_sa_anc/MMAU_seed0/metrics.json,2026-09-26T21:23:25.505846+00:00,97,0.7738851308044261,0.7525773195876289,0.9278350515463918,0.8350340136054422,0.4032379924446843,saved per-run metrics; empty fields indicate another schema; may include full-data/in-sample runs
stage2/generalization/results/LOSO_E4_sa_anc/MMAU_seed1/metrics.json,2026-09-26T21:26:27.821629+00:00,97,0.8005465871957975,0.7835051546391752,0.9484536082474226,0.8968085106382979,0.39893162393162396,saved per-run metrics; empty fields indicate another schema; may include full-data/in-sample runs
stage2/generalization/results/LOSO_E4_sa_anc/MMAU_seed2/metrics.json,2026-09-26T21:29:02.419233+00:00,97,0.8225125881559908,0.7628865979381443,0.9587628865979382,0.8341880341880341,0.6320470896010464,saved per-run metrics; empty fields indicate another schema; may include full-data/in-sample runs
stage2/generalization/results/LOSO_E4_sa_anc/NEXAR_seed0/metrics.json,2026-09-26T21:24:12.637660+00:00,80,0.5118442788753714,0.275,0.625,0.7872007510561727,0.5250944414463034,saved per-run metrics; empty fields indicate another schema; may include full-data/in-sample runs
stage2/generalization/results/LOSO_E4_sa_anc/NEXAR_seed1/metrics.json,2026-09-26T21:26:51.163484+00:00,80,0.5925040741615494,0.3625,0.725,0.7858604944103291,0.6266666666666667,saved per-run metrics; empty fields indicate another schema; may include full-data/in-sample runs
stage2/generalization/results/LOSO_E4_sa_anc/NEXAR_seed2/metrics.json,2026-09-26T21:29:31.368267+00:00,80,0.5370741758241757,0.3375,0.6375,0.8,0.5054945054945055,saved per-run metrics; empty fields indicate another schema; may include full-data/in-sample runs
stage2/generalization/results/LOSO_E4_sa_c03/AIHUB_seed0/metrics.json,2026-09-26T16:01:04.884554+00:00,88,0.6043838156946738,0.3181818181818182,0.7272727272727273,0.9204442722458995,0.6693872263246534,saved per-run metrics; empty fields indicate another schema; may include full-data/in-sample runs
stage2/generalization/results/LOSO_E4_sa_c03/AIHUB_seed1/metrics.json,2026-09-26T17:09:00.513405+00:00,88,0.5881791177116187,0.2727272727272727,0.7613636363636364,0.9090439276485788,0.599271402550091,saved per-run metrics; empty fields indicate another schema; may include full-data/in-sample runs
stage2/generalization/results/LOSO_E4_sa_c03/AIHUB_seed2/metrics.json,2026-09-26T17:21:37.877409+00:00,88,0.5579457398471346,0.2727272727272727,0.6590909090909091,0.9431744801756425,0.6022213612294977,saved per-run metrics; empty fields indicate another schema; may include full-data/in-sample runs
stage2/generalization/results/LOSO_E4_sa_c03/CCD_seed0/metrics.json,2026-09-26T16:01:54.642030+00:00,83,0.747143203452871,0.5903614457831325,0.891566265060241,0.9092896174863387,0.6138337468982631,saved per-run metrics; empty fields indicate another schema; may include full-data/in-sample runs
stage2/generalization/results/LOSO_E4_sa_c03/CCD_seed1/metrics.json,2026-09-26T17:18:53.928678+00:00,83,0.6989268387165388,0.5421686746987951,0.7951807228915663,0.9204980842911877,0.6185322461082283,saved per-run metrics; empty fields indicate another schema; may include full-data/in-sample runs
stage2/generalization/results/LOSO_E4_sa_c03/CCD_seed2/metrics.json,2026-09-26T17:23:11.855534+00:00,83,0.7038790463277906,0.5783132530120482,0.7710843373493976,0.9079676857278631,0.6359649122807017,saved per-run metrics; empty fields indicate another schema; may include full-data/in-sample runs
stage2/generalization/results/LOSO_E4_sa_c03/MMAU_seed0/metrics.json,2026-09-26T16:03:56.407157+00:00,97,0.8346687308724379,0.8556701030927835,0.9278350515463918,0.822859598238264,0.5800865800865801,saved per-run metrics; empty fields indicate another schema; may include full-data/in-sample runs
stage2/generalization/results/LOSO_E4_sa_c03/MMAU_seed1/metrics.json,2026-09-26T17:19:46.153333+00:00,97,0.8310344615068245,0.7938144329896907,0.9381443298969072,0.8865497076023392,0.6124429223744292,saved per-run metrics; empty fields indicate another schema; may include full-data/in-sample runs
stage2/generalization/results/LOSO_E4_sa_c03/MMAU_seed2/metrics.json,2026-09-26T17:24:13.267587+00:00,97,0.836568024459393,0.8041237113402062,0.9587628865979382,0.8963675213675213,0.567350579839429,saved per-run metrics; empty fields indicate another schema; may include full-data/in-sample runs
stage2/generalization/results/LOSO_E4_sa_c03/NEXAR_seed0/metrics.json,2026-09-26T16:02:39.578795+00:00,80,0.5336332086836685,0.325,0.65,0.6865951285981945,0.595959595959596,saved per-run metrics; empty fields indicate another schema; may include full-data/in-sample runs
stage2/generalization/results/LOSO_E4_sa_c03/NEXAR_seed1/metrics.json,2026-09-26T17:20:10.266372+00:00,80,0.5507803112467661,0.3,0.675,0.7621655452980755,0.634703196347032,saved per-run metrics; empty fields indicate another schema; may include full-data/in-sample runs
stage2/generalization/results/LOSO_E4_sa_c03/NEXAR_seed2/metrics.json,2026-09-26T17:24:44.976457+00:00,80,0.5542590584507163,0.3,0.6875,0.8623063683304647,0.5285873546743112,saved per-run metrics; empty fields indicate another schema; may include full-data/in-sample runs
stage2/generalization/results/LOSO_E4_sa_ema/AIHUB_seed0/metrics.json,2026-09-26T18:30:51.739102+00:00,88,0.6245204383453646,0.375,0.7386363636363636,0.9545219638242894,0.6104627766599597,saved per-run metrics; empty fields indicate another schema; may include full-data/in-sample runs
stage2/generalization/results/LOSO_E4_sa_ema/AIHUB_seed1/metrics.json,2026-09-26T18:34:09.896973+00:00,88,0.6590258446765235,0.3409090909090909,0.8068181818181818,0.9204442722458995,0.7950310559006211,saved per-run metrics; empty fields indicate another schema; may include full-data/in-sample runs
stage2/generalization/results/LOSO_E4_sa_ema/AIHUB_seed2/metrics.json,2026-09-26T18:36:30.719425+00:00,88,0.6009090909090908,0.36363636363636365,0.6818181818181818,0.9545454545454546,0.6121212121212121,saved per-run metrics; empty fields indicate another schema; may include full-data/in-sample runs
stage2/generalization/results/LOSO_E4_sa_ema/AIHUB_seed3/metrics.json,2026-09-26T20:40:18.050724+00:00,88,0.5997625297413463,0.32954545454545453,0.6704545454545454,0.9090439276485788,0.756039603960396,saved per-run metrics; empty fields indicate another schema; may include full-data/in-sample runs
stage2/generalization/results/LOSO_E4_sa_ema/AIHUB_seed4/metrics.json,2026-09-26T20:43:13.677509+00:00,88,0.5989066586621967,0.32954545454545453,0.6818181818181818,0.9204442722458995,0.7124183006535948,saved per-run metrics; empty fields indicate another schema; may include full-data/in-sample runs
stage2/generalization/results/LOSO_E4_sa_ema/AIHUB_seed5/metrics.json,2026-09-26T20:45:34.346178+00:00,88,0.6135344708703595,0.3181818181818182,0.75,0.9431744801756425,0.6546310832025117,saved per-run metrics; empty fields indicate another schema; may include full-data/in-sample runs
stage2/generalization/results/LOSO_E4_sa_ema/CCD_seed0/metrics.json,2026-09-26T18:31:55.501149+00:00,83,0.7357153382699808,0.6626506024096386,0.7951807228915663,0.8955974842767296,0.607565011820331,saved per-run metrics; empty fields indicate another schema; may include full-data/in-sample runs
stage2/generalization/results/LOSO_E4_sa_ema/CCD_seed1/metrics.json,2026-09-26T18:34:54.889976+00:00,83,0.7253345530619932,0.6024096385542169,0.8072289156626506,0.9092896174863387,0.6371174430875923,saved per-run metrics; empty fields indicate another schema; may include full-data/in-sample runs
stage2/generalization/results/LOSO_E4_sa_ema/CCD_seed2/metrics.json,2026-09-26T18:37:16.269697+00:00,83,0.7042926429969663,0.5542168674698795,0.8072289156626506,0.9064863994849509,0.6120910598522539,saved per-run metrics; empty fields indicate another schema; may include full-data/in-sample runs
stage2/generalization/results/LOSO_E4_sa_ema/CCD_seed3/metrics.json,2026-09-26T20:41:00.418844+00:00,83,0.7481823475365852,0.6746987951807228,0.8192771084337349,0.8833723653395784,0.6185661764705883,saved per-run metrics; empty fields indicate another schema; may include full-data/in-sample runs
stage2/generalization/results/LOSO_E4_sa_ema/CCD_seed4/metrics.json,2026-09-26T20:43:58.812421+00:00,83,0.7517323491246161,0.6506024096385542,0.8072289156626506,0.9477987421383648,0.6621438263229308,saved per-run metrics; empty fields indicate another schema; may include full-data/in-sample runs
stage2/generalization/results/LOSO_E4_sa_ema/CCD_seed5/metrics.json,2026-09-26T20:46:19.891631+00:00,83,0.7427660669091823,0.6746987951807228,0.7951807228915663,0.9064863994849509,0.61556850440759,saved per-run metrics; empty fields indicate another schema; may include full-data/in-sample runs
stage2/generalization/results/LOSO_E4_sa_ema/MMAU_seed0/metrics.json,2026-09-26T18:32:59.098986+00:00,97,0.8293669823020429,0.7835051546391752,0.9484536082474226,0.8544168096054889,0.6334592923394022,saved per-run metrics; empty fields indicate another schema; may include full-data/in-sample runs
stage2/generalization/results/LOSO_E4_sa_ema/MMAU_seed1/metrics.json,2026-09-26T18:35:25.440588+00:00,97,0.846010252915978,0.8144329896907216,0.9484536082474226,0.9070584477802619,0.6196078431372549,saved per-run metrics; empty fields indicate another schema; may include full-data/in-sample runs
stage2/generalization/results/LOSO_E4_sa_ema/MMAU_seed2/metrics.json,2026-09-26T18:37:42.472859+00:00,97,0.8356836017189062,0.8247422680412371,0.9484536082474226,0.8752144082332762,0.5585525585525586,saved per-run metrics; empty fields indicate another schema; may include full-data/in-sample runs
stage2/generalization/results/LOSO_E4_sa_ema/MMAU_seed3/metrics.json,2026-09-26T20:41:44.661352+00:00,97,0.8310379063625656,0.8144329896907216,0.9278350515463918,0.85491452991453,0.6200460829493087,saved per-run metrics; empty fields indicate another schema; may include full-data/in-sample runs
stage2/generalization/results/LOSO_E4_sa_ema/MMAU_seed4/metrics.json,2026-09-26T20:44:23.831782+00:00,97,0.859227103571146,0.865979381443299,0.9484536082474226,0.8966325660699062,0.5978711484593837,saved per-run metrics; empty fields indicate another schema; may include full-data/in-sample runs
stage2/generalization/results/LOSO_E4_sa_ema/MMAU_seed5/metrics.json,2026-09-26T20:46:43.826650+00:00,97,0.8369248436215386,0.8144329896907216,0.9381443298969072,0.83461210571185,0.6555397727272727,saved per-run metrics; empty fields indicate another schema; may include full-data/in-sample runs
stage2/generalization/results/LOSO_E4_sa_ema/NEXAR_seed0/metrics.json,2026-09-26T18:33:35.872822+00:00,80,0.5773028090834996,0.3625,0.7125,0.8117647058823529,0.5285873546743112,saved per-run metrics; empty fields indicate another schema; may include full-data/in-sample runs
stage2/generalization/results/LOSO_E4_sa_ema/NEXAR_seed1/metrics.json,2026-09-26T18:35:55.989111+00:00,80,0.5990280138009991,0.3625,0.725,0.7872007510561727,0.6688193409504886,saved per-run metrics; empty fields indicate another schema; may include full-data/in-sample runs
stage2/generalization/results/LOSO_E4_sa_ema/NEXAR_seed2/metrics.json,2026-09-26T18:38:16.145322+00:00,80,0.5897659997356195,0.3625,0.7,0.9123767798466593,0.5402298850574713,saved per-run metrics; empty fields indicate another schema; may include full-data/in-sample runs
stage2/generalization/results/LOSO_E4_sa_ema/NEXAR_seed3/metrics.json,2026-09-26T20:42:40.113421+00:00,80,0.5764423117611341,0.2875,0.7625,0.8122359568142701,0.5807127882599581,saved per-run metrics; empty fields indicate another schema; may include full-data/in-sample runs
stage2/generalization/results/LOSO_E4_sa_ema/NEXAR_seed4/metrics.json,2026-09-26T20:45:00.388780+00:00,80,0.5664477667504635,0.3125,0.6875,0.8124706985466479,0.6305144131231089,saved per-run metrics; empty fields indicate another schema; may include full-data/in-sample runs
stage2/generalization/results/LOSO_E4_sa_ema/NEXAR_seed5/metrics.json,2026-09-26T20:47:20.467246+00:00,80,0.5713107634566302,0.3375,0.7,0.8372711625723674,0.550633927138501,saved per-run metrics; empty fields indicate another schema; may include full-data/in-sample runs
stage2/generalization/results/LOSO_E4_sa_se2/AIHUB_seed0/metrics.json,2026-09-26T21:31:39.345564+00:00,88,0.5828455035530506,0.2840909090909091,0.7159090909090909,0.9318181818181818,0.6204851752021563,saved per-run metrics; empty fields indicate another schema; may include full-data/in-sample runs
stage2/generalization/results/LOSO_E4_sa_se2/AIHUB_seed1/metrics.json,2026-09-26T21:33:58.779826+00:00,88,0.590469268419733,0.29545454545454547,0.7159090909090909,0.8745951548127996,0.7020181498036029,saved per-run metrics; empty fields indicate another schema; may include full-data/in-sample runs
stage2/generalization/results/LOSO_E4_sa_se2/AIHUB_seed2/metrics.json,2026-09-26T21:36:22.132325+00:00,88,0.5714017847516062,0.36363636363636365,0.6477272727272727,0.8977140643161565,0.5517826825127334,saved per-run metrics; empty fields indicate another schema; may include full-data/in-sample runs
stage2/generalization/results/LOSO_E4_sa_se2/AIHUB_seed3/metrics.json,2026-09-26T21:46:40.412656+00:00,88,0.6010787741670094,0.3977272727272727,0.6477272727272727,0.9203619909502263,0.6474358974358975,saved per-run metrics; empty fields indicate another schema; may include full-data/in-sample runs
stage2/generalization/results/LOSO_E4_sa_se2/AIHUB_seed4/metrics.json,2026-09-26T21:49:06.652493+00:00,88,0.5803531644940314,0.2840909090909091,0.6931818181818182,0.9203619909502263,0.6683560753736193,saved per-run metrics; empty fields indicate another schema; may include full-data/in-sample runs
stage2/generalization/results/LOSO_E4_sa_se2/AIHUB_seed5/metrics.json,2026-09-26T23:18:52.574296+00:00,88,0.6113956237351746,0.2840909090909091,0.7840909090909091,0.9204442722458995,0.6631023102310231,saved per-run metrics; empty fields indicate another schema; may include full-data/in-sample runs
stage2/generalization/results/LOSO_E4_sa_se2/CCD_seed0/metrics.json,2026-09-26T21:32:06.827977+00:00,83,0.7242308102033654,0.6265060240963856,0.7831325301204819,0.8848821081830791,0.6541666666666667,saved per-run metrics; empty fields indicate another schema; may include full-data/in-sample runs
stage2/generalization/results/LOSO_E4_sa_se2/CCD_seed1/metrics.json,2026-09-26T21:34:27.043222+00:00,83,0.7293081436635653,0.6024096385542169,0.8192771084337349,0.9461038961038961,0.5986813186813187,saved per-run metrics; empty fields indicate another schema; may include full-data/in-sample runs
stage2/generalization/results/LOSO_E4_sa_se2/CCD_seed2/metrics.json,2026-09-26T21:37:05.652190+00:00,83,0.7038359287286147,0.5301204819277109,0.8313253012048193,0.9079676857278631,0.607565011820331,saved per-run metrics; empty fields indicate another schema; may include full-data/in-sample runs
stage2/generalization/results/LOSO_E4_sa_se2/CCD_seed3/metrics.json,2026-09-26T21:47:05.772139+00:00,83,0.7186464661041685,0.6024096385542169,0.8313253012048193,0.8694968553459119,0.5760980592441267,saved per-run metrics; empty fields indicate another schema; may include full-data/in-sample runs
stage2/generalization/results/LOSO_E4_sa_se2/CCD_seed4/metrics.json,2026-09-26T23:18:38.998602+00:00,83,0.7371159507487373,0.6024096385542169,0.8674698795180723,0.9064863994849509,0.5779010633379565,saved per-run metrics; empty fields indicate another schema; may include full-data/in-sample runs
stage2/generalization/results/LOSO_E4_sa_se2/CCD_seed5/metrics.json,2026-09-26T23:19:11.981101+00:00,83,0.7397677924762404,0.5783132530120482,0.8674698795180723,0.8752713307730839,0.6830199764982374,saved per-run metrics; empty fields indicate another schema; may include full-data/in-sample runs
stage2/generalization/results/LOSO_E4_sa_se2/MMAU_seed0/metrics.json,2026-09-26T21:32:50.069026+00:00,97,0.8315106029904581,0.8144329896907216,0.9587628865979382,0.8654646324549237,0.5404823428079242,saved per-run metrics; empty fields indicate another schema; may include full-data/in-sample runs
stage2/generalization/results/LOSO_E4_sa_se2/MMAU_seed1/metrics.json,2026-09-26T21:35:14.006497+00:00,97,0.8226184104351687,0.8144329896907216,0.9484536082474226,0.906860130161101,0.4638605442176871,saved per-run metrics; empty fields indicate another schema; may include full-data/in-sample runs
stage2/generalization/results/LOSO_E4_sa_se2/MMAU_seed2/metrics.json,2026-09-26T21:37:30.314415+00:00,97,0.8353664318083842,0.8144329896907216,0.9381443298969072,0.9175170068027211,0.5622454595487066,saved per-run metrics; empty fields indicate another schema; may include full-data/in-sample runs
stage2/generalization/results/LOSO_E4_sa_se2/MMAU_seed3/metrics.json,2026-09-26T21:47:50.860054+00:00,97,0.8129059659813389,0.7835051546391752,0.9381443298969072,0.7578421795289265,0.6443487964291408,saved per-run metrics; empty fields indicate another schema; may include full-data/in-sample runs
stage2/generalization/results/LOSO_E4_sa_se2/MMAU_seed4/metrics.json,2026-09-26T23:18:44.269850+00:00,97,0.8202497973536095,0.8041237113402062,0.9278350515463918,0.812015503875969,0.6150793650793651,saved per-run metrics; empty fields indicate another schema; may include full-data/in-sample runs
stage2/generalization/results/LOSO_E4_sa_se2/MMAU_seed5/metrics.json,2026-09-26T23:19:39.367923+00:00,97,0.8215944598331757,0.7731958762886598,0.9381443298969072,0.8659223817118554,0.6182468694096601,saved per-run metrics; empty fields indicate another schema; may include full-data/in-sample runs
stage2/generalization/results/LOSO_E4_sa_se2/NEXAR_seed0/metrics.json,2026-09-26T21:33:03.553010+00:00,80,0.5898004201680672,0.4125,0.6875,0.8117647058823529,0.5535714285714286,saved per-run metrics; empty fields indicate another schema; may include full-data/in-sample runs
stage2/generalization/results/LOSO_E4_sa_se2/NEXAR_seed1/metrics.json,2026-09-26T21:35:41.467857+00:00,80,0.5724480225076085,0.35,0.7,0.803632793323515,0.5626873567272086,saved per-run metrics; empty fields indicate another schema; may include full-data/in-sample runs
stage2/generalization/results/LOSO_E4_sa_se2/NEXAR_seed2/metrics.json,2026-09-26T21:38:01.802635+00:00,80,0.5800450449824818,0.3,0.7125,0.8994343180389692,0.6050326485109094,saved per-run metrics; empty fields indicate another schema; may include full-data/in-sample runs
stage2/generalization/results/LOSO_E4_sa_se2/NEXAR_seed3/metrics.json,2026-09-26T21:48:06.468714+00:00,80,0.5445340909090909,0.275,0.7125,0.7333333333333334,0.5927272727272728,saved per-run metrics; empty fields indicate another schema; may include full-data/in-sample runs
stage2/generalization/results/LOSO_E4_sa_se2/NEXAR_seed4/metrics.json,2026-09-26T23:18:39.790953+00:00,80,0.5554920364986947,0.275,0.675,0.849624060150376,0.6369895165075887,saved per-run metrics; empty fields indicate another schema; may include full-data/in-sample runs
stage2/generalization/results/LOSO_E4_sa_se2/NEXAR_seed5/metrics.json,2026-09-26T23:19:36.000665+00:00,80,0.5562606390438075,0.4,0.65,0.7994987468671679,0.45890551342488217,saved per-run metrics; empty fields indicate another schema; may include full-data/in-sample runs
stage2/generalization/results/LOSO_E4_sa_se3/AIHUB_seed0/metrics.json,2026-09-26T21:38:41.752667+00:00,88,0.5648224271977084,0.3068181818181818,0.6818181818181818,0.9317829457364342,0.5268817204301075,saved per-run metrics; empty fields indicate another schema; may include full-data/in-sample runs
stage2/generalization/results/LOSO_E4_sa_se3/AIHUB_seed1/metrics.json,2026-09-26T21:41:18.449761+00:00,88,0.604716283993476,0.3181818181818182,0.7386363636363636,0.8976082740788623,0.6679245283018868,saved per-run metrics; empty fields indicate another schema; may include full-data/in-sample runs
stage2/generalization/results/LOSO_E4_sa_se3/AIHUB_seed2/metrics.json,2026-09-26T21:44:12.043659+00:00,88,0.5748941556838416,0.3181818181818182,0.6704545454545454,0.8858329008822003,0.6399766218585623,saved per-run metrics; empty fields indicate another schema; may include full-data/in-sample runs
stage2/generalization/results/LOSO_E4_sa_se3/CCD_seed0/metrics.json,2026-09-26T21:39:27.691458+00:00,83,0.6841504050310773,0.5060240963855421,0.7951807228915663,0.9092896174863387,0.61556850440759,saved per-run metrics; empty fields indicate another schema; may include full-data/in-sample runs
stage2/generalization/results/LOSO_E4_sa_se3/CCD_seed1/metrics.json,2026-09-26T21:41:46.785447+00:00,83,0.7174523057690835,0.5421686746987951,0.8313253012048193,0.9461038961038961,0.6320921985815603,saved per-run metrics; empty fields indicate another schema; may include full-data/in-sample runs
stage2/generalization/results/LOSO_E4_sa_se3/CCD_seed2/metrics.json,2026-09-26T21:44:14.199190+00:00,83,0.7000888152222146,0.5301204819277109,0.8313253012048193,0.9342626326627594,0.5562893081761007,saved per-run metrics; empty fields indicate another schema; may include full-data/in-sample runs
stage2/generalization/results/LOSO_E4_sa_se3/MMAU_seed0/metrics.json,2026-09-26T21:40:13.449082+00:00,97,0.834908462323359,0.8144329896907216,0.9381443298969072,0.8654646324549237,0.6112447039963358,saved per-run metrics; empty fields indicate another schema; may include full-data/in-sample runs
stage2/generalization/results/LOSO_E4_sa_se3/MMAU_seed1/metrics.json,2026-09-26T21:42:27.471227+00:00,97,0.809884438206567,0.7835051546391752,0.9587628865979382,0.798645252922539,0.5352922389013095,saved per-run metrics; empty fields indicate another schema; may include full-data/in-sample runs
stage2/generalization/results/LOSO_E4_sa_se3/MMAU_seed2/metrics.json,2026-09-26T21:45:06.570015+00:00,97,0.8279194934014948,0.7938144329896907,0.9381443298969072,0.844766883601835,0.6334592923394022,saved per-run metrics; empty fields indicate another schema; may include full-data/in-sample runs
stage2/generalization/results/LOSO_E4_sa_se3/NEXAR_seed0/metrics.json,2026-09-26T21:40:22.732177+00:00,80,0.5826544789478658,0.4375,0.6625,0.7442455242966752,0.5734510020224306,saved per-run metrics; empty fields indicate another schema; may include full-data/in-sample runs
stage2/generalization/results/LOSO_E4_sa_se3/NEXAR_seed1/metrics.json,2026-09-26T21:42:41.491770+00:00,80,0.6165410750507099,0.4,0.725,0.8368627450980393,0.6484110885733604,saved per-run metrics; empty fields indicate another schema; may include full-data/in-sample runs
stage2/generalization/results/LOSO_E4_sa_se3/NEXAR_seed2/metrics.json,2026-09-26T21:45:03.362270+00:00,80,0.5933776516710436,0.3625,0.7125,0.8749218261413383,0.5725958516656191,saved per-run metrics; empty fields indicate another schema; may include full-data/in-sample runs
stage2/generalization/results/LOSO_E4_sa_unl03/AIHUB_seed0/metrics.json,2026-09-26T15:47:35.288359+00:00,88,0.6010435068654203,0.32954545454545453,0.6818181818181818,0.9431744801756425,0.7039337474120082,saved per-run metrics; empty fields indicate another schema; may include full-data/in-sample runs
stage2/generalization/results/LOSO_E4_sa_unl03/AIHUB_seed1/metrics.json,2026-09-26T15:50:15.593664+00:00,88,0.6168157454588139,0.3409090909090909,0.7159090909090909,0.9201969166990542,0.7259989621172807,saved per-run metrics; empty fields indicate another schema; may include full-data/in-sample runs
stage2/generalization/results/LOSO_E4_sa_unl03/AIHUB_seed2/metrics.json,2026-09-26T15:53:15.244860+00:00,88,0.5818125319244245,0.375,0.6590909090909091,0.9089026915113871,0.5569687334393216,saved per-run metrics; empty fields indicate another schema; may include full-data/in-sample runs
stage2/generalization/results/LOSO_E4_sa_unl03/CCD_seed0/metrics.json,2026-09-26T15:48:27.742585+00:00,83,0.743848985948895,0.6144578313253012,0.8795180722891566,0.9216981132075472,0.5513513513513514,saved per-run metrics; empty fields indicate another schema; may include full-data/in-sample runs
stage2/generalization/results/LOSO_E4_sa_unl03/CCD_seed1/metrics.json,2026-09-26T15:51:07.995524+00:00,83,0.7008778395585938,0.5180722891566265,0.8554216867469879,0.8752713307730839,0.5924283225091082,saved per-run metrics; empty fields indicate another schema; may include full-data/in-sample runs
stage2/generalization/results/LOSO_E4_sa_unl03/CCD_seed2/metrics.json,2026-09-26T15:54:16.337783+00:00,83,0.7375051691916179,0.6506024096385542,0.8674698795180723,0.8356435643564357,0.5388888888888889,saved per-run metrics; empty fields indicate another schema; may include full-data/in-sample runs
stage2/generalization/results/LOSO_E4_sa_unl03/MMAU_seed0/metrics.json,2026-09-26T15:49:05.871453+00:00,97,0.764520867856462,0.711340206185567,0.9381443298969072,0.715990990990991,0.5320175438596492,saved per-run metrics; empty fields indicate another schema; may include full-data/in-sample runs
stage2/generalization/results/LOSO_E4_sa_unl03/MMAU_seed1/metrics.json,2026-09-26T15:51:42.552623+00:00,97,0.7864347898305114,0.7628865979381443,0.9484536082474226,0.83461210571185,0.4151593453919035,saved per-run metrics; empty fields indicate another schema; may include full-data/in-sample runs
stage2/generalization/results/LOSO_E4_sa_unl03/MMAU_seed2/metrics.json,2026-09-26T15:55:05.149775+00:00,97,0.8245621391842463,0.7835051546391752,0.9278350515463918,0.9173060528559249,0.5866477272727273,saved per-run metrics; empty fields indicate another schema; may include full-data/in-sample runs
stage2/generalization/results/LOSO_E4_sa_unl03/NEXAR_seed0/metrics.json,2026-09-26T15:49:27.551437+00:00,80,0.5468306412729026,0.3625,0.6,0.8368627450980393,0.5628415300546448,saved per-run metrics; empty fields indicate another schema; may include full-data/in-sample runs
stage2/generalization/results/LOSO_E4_sa_unl03/NEXAR_seed1/metrics.json,2026-09-26T15:52:22.130317+00:00,80,0.5472555506845258,0.2875,0.7,0.7678916827852997,0.5763119884448724,saved per-run metrics; empty fields indicate another schema; may include full-data/in-sample runs
stage2/generalization/results/LOSO_E4_sa_unl03/NEXAR_seed2/metrics.json,2026-09-26T15:55:43.537225+00:00,80,0.5108192752396674,0.3,0.6125,0.7606676113997796,0.5156275568646702,saved per-run metrics; empty fields indicate another schema; may include full-data/in-sample runs
stage2/generalization/results/LOSO_E4_tr03/AIHUB_seed0/metrics.json,2026-09-26T14:05:33.270302+00:00,88,0.5754568782221265,0.29545454545454547,0.7386363636363636,0.9314997405293202,0.4920006597394029,saved per-run metrics; empty fields indicate another schema; may include full-data/in-sample runs
stage2/generalization/results/LOSO_E4_tr03/AIHUB_seed1/metrics.json,2026-09-26T14:07:56.398779+00:00,88,0.6140856236786469,0.3409090909090909,0.7727272727272727,0.9317829457364342,0.5636363636363637,saved per-run metrics; empty fields indicate another schema; may include full-data/in-sample runs
stage2/generalization/results/LOSO_E4_tr03/AIHUB_seed2/metrics.json,2026-09-26T14:24:31.826042+00:00,88,0.5931187686668526,0.32954545454545453,0.7272727272727273,0.9089026915113871,0.5793133420252065,saved per-run metrics; empty fields indicate another schema; may include full-data/in-sample runs
stage2/generalization/results/LOSO_E4_tr03/CCD_seed0/metrics.json,2026-09-26T14:06:23.547750+00:00,83,0.7232053207933374,0.6024096385542169,0.8433734939759037,0.8816727387929668,0.5662020905923345,saved per-run metrics; empty fields indicate another schema; may include full-data/in-sample runs
stage2/generalization/results/LOSO_E4_tr03/CCD_seed1/metrics.json,2026-09-26T14:23:26.514777+00:00,83,0.7128774296340832,0.5180722891566265,0.8795180722891566,0.8879892037786774,0.6034828170750501,saved per-run metrics; empty fields indicate another schema; may include full-data/in-sample runs
stage2/generalization/results/LOSO_E4_tr03/CCD_seed2/metrics.json,2026-09-26T14:25:50.744252+00:00,83,0.6794929953921017,0.5060240963855421,0.7831325301204819,0.9079676857278631,0.613953488372093,saved per-run metrics; empty fields indicate another schema; may include full-data/in-sample runs
stage2/generalization/results/LOSO_E4_tr03/MMAU_seed0/metrics.json,2026-09-26T14:06:54.352413+00:00,97,0.8200372210633677,0.7628865979381443,0.9381443298969072,0.8865979381443299,0.6112447039963358,saved per-run metrics; empty fields indicate another schema; may include full-data/in-sample runs
stage2/generalization/results/LOSO_E4_tr03/MMAU_seed1/metrics.json,2026-09-26T14:23:27.107224+00:00,97,0.8431751421933187,0.8041237113402062,0.9484536082474226,0.9381377551020409,0.5936827804822824,saved per-run metrics; empty fields indicate another schema; may include full-data/in-sample runs
stage2/generalization/results/LOSO_E4_tr03/MMAU_seed2/metrics.json,2026-09-26T14:25:46.175750+00:00,97,0.84719447669936,0.8247422680412371,0.9381443298969072,0.9278043593833067,0.6067567567567567,saved per-run metrics; empty fields indicate another schema; may include full-data/in-sample runs
stage2/generalization/results/LOSO_E4_tr03/NEXAR_seed0/metrics.json,2026-09-26T14:07:08.908444+00:00,80,0.5128626658117537,0.3625,0.525,0.7874667916862009,0.5607843137254902,saved per-run metrics; empty fields indicate another schema; may include full-data/in-sample runs
stage2/generalization/results/LOSO_E4_tr03/NEXAR_seed1/metrics.json,2026-09-26T14:24:10.251922+00:00,80,0.5756795724351433,0.3,0.725,0.7988686360779385,0.6473285134896843,saved per-run metrics; empty fields indicate another schema; may include full-data/in-sample runs
stage2/generalization/results/LOSO_E4_tr03/NEXAR_seed2/metrics.json,2026-09-26T14:26:30.337592+00:00,80,0.5682575757575756,0.3875,0.6625,0.8232323232323233,0.5151515151515151,saved per-run metrics; empty fields indicate another schema; may include full-data/in-sample runs
stage2/generalization/results/LOSO_E4_xnc/AIHUB_seed0/metrics.json,2026-09-26T20:23:17.987006+00:00,88,0.6481295932749421,0.38636363636363635,0.7613636363636364,0.9545219638242894,0.6883116883116883,saved per-run metrics; empty fields indicate another schema; may include full-data/in-sample runs
stage2/generalization/results/LOSO_E4_xnc/AIHUB_seed1/metrics.json,2026-09-26T20:25:54.383353+00:00,88,0.5902632693393562,0.2840909090909091,0.6818181818181818,0.9318181818181818,0.7494824016563147,saved per-run metrics; empty fields indicate another schema; may include full-data/in-sample runs
stage2/generalization/results/LOSO_E4_xnc/AIHUB_seed2/metrics.json,2026-09-26T21:05:34.492952+00:00,88,0.5920294761838458,0.3181818181818182,0.6931818181818182,0.8970760233918129,0.6899386663186742,saved per-run metrics; empty fields indicate another schema; may include full-data/in-sample runs
stage2/generalization/results/LOSO_E4_xnc/CCD_seed0/metrics.json,2026-09-26T20:24:13.214362+00:00,83,0.703061713232157,0.5542168674698795,0.8433734939759037,0.8833723653395784,0.5426615461679747,saved per-run metrics; empty fields indicate another schema; may include full-data/in-sample runs
stage2/generalization/results/LOSO_E4_xnc/CCD_seed1/metrics.json,2026-09-26T21:04:08.058710+00:00,83,0.7530264357678854,0.5903614457831325,0.891566265060241,0.9227667493796525,0.6395781637717122,saved per-run metrics; empty fields indicate another schema; may include full-data/in-sample runs
stage2/generalization/results/LOSO_E4_xnc/CCD_seed2/metrics.json,2026-09-26T21:06:53.276145+00:00,83,0.6536952421335829,0.43373493975903615,0.7710843373493976,0.9176587301587301,0.6290645708121436,saved per-run metrics; empty fields indicate another schema; may include full-data/in-sample runs
stage2/generalization/results/LOSO_E4_xnc/MMAU_seed0/metrics.json,2026-09-26T20:25:04.206342+00:00,97,0.8223528460188636,0.7628865979381443,0.9381443298969072,0.9174468085106383,0.5958333333333333,saved per-run metrics; empty fields indicate another schema; may include full-data/in-sample runs
stage2/generalization/results/LOSO_E4_xnc/MMAU_seed1/metrics.json,2026-09-26T21:04:33.562979+00:00,97,0.8299863114933512,0.8041237113402062,0.9278350515463918,0.9376072041166381,0.5543977591036414,saved per-run metrics; empty fields indicate another schema; may include full-data/in-sample runs
stage2/generalization/results/LOSO_E4_xnc/MMAU_seed2/metrics.json,2026-09-26T21:08:06.923648+00:00,97,0.8328839752303128,0.8041237113402062,0.9587628865979382,0.8861623813080124,0.5529953917050691,saved per-run metrics; empty fields indicate another schema; may include full-data/in-sample runs
stage2/generalization/results/LOSO_OT_sa/AIHUB_seed0/metrics.json,2026-09-27T07:50:20.439289+00:00,88,0.6196475326697174,0.3409090909090909,0.7386363636363636,0.9545454545454546,0.6574987026466009,saved per-run metrics; empty fields indicate another schema; may include full-data/in-sample runs
stage2/generalization/results/LOSO_OT_sa/AIHUB_seed1/metrics.json,2026-09-27T07:52:41.975625+00:00,88,0.571941301401685,0.2840909090909091,0.75,0.8749838563864136,0.525079365079365,saved per-run metrics; empty fields indicate another schema; may include full-data/in-sample runs
stage2/generalization/results/LOSO_OT_sa/AIHUB_seed2/metrics.json,2026-09-27T07:54:45.843050+00:00,88,0.6213583509513741,0.4090909090909091,0.7045454545454546,0.9317829457364342,0.6121212121212121,saved per-run metrics; empty fields indicate another schema; may include full-data/in-sample runs
stage2/generalization/results/LOSO_OT_sa/CCD_seed0/metrics.json,2026-09-27T07:50:46.358531+00:00,83,0.7498327041145514,0.6506024096385542,0.8313253012048193,0.8955974842767296,0.645455884519075,saved per-run metrics; empty fields indicate another schema; may include full-data/in-sample runs
stage2/generalization/results/LOSO_OT_sa/CCD_seed1/metrics.json,2026-09-27T07:53:08.943628+00:00,83,0.7423187680708347,0.6265060240963856,0.8433734939759037,0.9064863994849509,0.6125865121519395,saved per-run metrics; empty fields indicate another schema; may include full-data/in-sample runs
stage2/generalization/results/LOSO_OT_sa/CCD_seed2/metrics.json,2026-09-27T07:55:33.557687+00:00,83,0.7144922638006872,0.6626506024096386,0.7951807228915663,0.8282758620689655,0.5333994708994709,saved per-run metrics; empty fields indicate another schema; may include full-data/in-sample runs
stage2/generalization/results/LOSO_OT_sa/MMAU_seed0/metrics.json,2026-09-27T07:51:31.753984+00:00,97,0.8208785957233633,0.8144329896907216,0.9484536082474226,0.8966325660699062,0.46248934356351235,saved per-run metrics; empty fields indicate another schema; may include full-data/in-sample runs
stage2/generalization/results/LOSO_OT_sa/MMAU_seed1/metrics.json,2026-09-27T07:53:44.843908+00:00,97,0.8585630572239294,0.845360824742268,0.9690721649484536,0.9381377551020409,0.5519389837791384,saved per-run metrics; empty fields indicate another schema; may include full-data/in-sample runs
stage2/generalization/results/LOSO_OT_sa/MMAU_seed2/metrics.json,2026-09-27T07:56:15.523059+00:00,97,0.8357988032199124,0.7731958762886598,0.9587628865979382,0.9381377551020409,0.5926171529619806,saved per-run metrics; empty fields indicate another schema; may include full-data/in-sample runs
stage2/generalization/results/LOSO_OT_sa/NEXAR_seed0/metrics.json,2026-09-27T07:51:46.593114+00:00,80,0.5949437148217636,0.375,0.725,0.7748592870544091,0.6247654784240151,saved per-run metrics; empty fields indicate another schema; may include full-data/in-sample runs
stage2/generalization/results/LOSO_OT_sa/NEXAR_seed1/metrics.json,2026-09-27T07:54:07.033244+00:00,80,0.5709866698324344,0.3375,0.6875,0.8240100565681961,0.5909010756480338,saved per-run metrics; empty fields indicate another schema; may include full-data/in-sample runs
stage2/generalization/results/LOSO_OT_sa/NEXAR_seed2/metrics.json,2026-09-27T07:56:28.346016+00:00,80,0.5713309587651783,0.3125,0.7,0.8368627450980393,0.6095103133364824,saved per-run metrics; empty fields indicate another schema; may include full-data/in-sample runs
stage2/generalization/results/OT_sa/cv/fold0_seed0/metrics.json,2026-09-27T07:40:43.349862+00:00,70,0.7766754416754417,0.6142857142857143,0.9142857142857143,0.8853398853398853,0.7258297258297258,saved per-run metrics; empty fields indicate another schema; may include full-data/in-sample runs
stage2/generalization/results/OT_sa/cv/fold0_seed1/metrics.json,2026-09-27T07:43:21.395492+00:00,70,0.7373095528230125,0.5857142857142857,0.8571428571428571,0.8856209150326797,0.6631094371207366,saved per-run metrics; empty fields indicate another schema; may include full-data/in-sample runs
stage2/generalization/results/OT_sa/cv/fold0_seed2/metrics.json,2026-09-27T07:46:45.792619+00:00,70,0.762767857142857,0.6714285714285714,0.8,0.9142857142857143,0.7375,saved per-run metrics; empty fields indicate another schema; may include full-data/in-sample runs
stage2/generalization/results/OT_sa/cv/fold1_seed0/metrics.json,2026-09-27T07:40:36.260944+00:00,70,0.7416003979705256,0.5857142857142857,0.8,0.9285568483363952,0.7821124714671093,saved per-run metrics; empty fields indicate another schema; may include full-data/in-sample runs
stage2/generalization/results/OT_sa/cv/fold1_seed1/metrics.json,2026-09-27T07:43:54.449676+00:00,70,0.7461047699146942,0.5714285714285714,0.8285714285714286,0.9428571428571428,0.7645079899074854,saved per-run metrics; empty fields indicate another schema; may include full-data/in-sample runs
stage2/generalization/results/OT_sa/cv/fold1_seed2/metrics.json,2026-09-27T07:47:56.056469+00:00,70,0.7328453135496684,0.5714285714285714,0.7857142857142857,0.957063995093028,0.7619047619047619,saved per-run metrics; empty fields indicate another schema; may include full-data/in-sample runs
stage2/generalization/results/OT_sa/cv/fold2_seed0/metrics.json,2026-09-27T07:41:06.172711+00:00,70,0.6963066924357246,0.5428571428571428,0.8,0.914004914004914,0.5947063688999172,saved per-run metrics; empty fields indicate another schema; may include full-data/in-sample runs
stage2/generalization/results/OT_sa/cv/fold2_seed1/metrics.json,2026-09-27T07:45:02.208648+00:00,70,0.7483919188588508,0.5714285714285714,0.8714285714285714,0.9285568483363952,0.6940559440559441,saved per-run metrics; empty fields indicate another schema; may include full-data/in-sample runs
stage2/generalization/results/OT_sa/cv/fold2_seed2/metrics.json,2026-09-27T07:48:34.007727+00:00,70,0.6998154493227075,0.5428571428571428,0.7714285714285715,0.9284399918217133,0.6703296703296704,saved per-run metrics; empty fields indicate another schema; may include full-data/in-sample runs
stage2/generalization/results/OT_sa/cv/fold3_seed0/metrics.json,2026-09-27T07:41:51.333109+00:00,70,0.7459210526315788,0.5857142857142857,0.8857142857142857,0.8833333333333333,0.656140350877193,saved per-run metrics; empty fields indicate another schema; may include full-data/in-sample runs
stage2/generalization/results/OT_sa/cv/fold3_seed1/metrics.json,2026-09-27T07:45:43.209026+00:00,70,0.7447186635190932,0.5857142857142857,0.8571428571428571,0.9267629211132036,0.6713615023474178,saved per-run metrics; empty fields indicate another schema; may include full-data/in-sample runs
stage2/generalization/results/OT_sa/cv/fold3_seed2/metrics.json,2026-09-27T07:49:29.505428+00:00,70,0.7637217720768298,0.5571428571428572,0.9285714285714286,0.9564224942934219,0.6683893195521102,saved per-run metrics; empty fields indicate another schema; may include full-data/in-sample runs
stage2/generalization/results/OT_sa/cv/fold4_seed0/metrics.json,2026-09-27T07:42:36.554345+00:00,69,0.699887987305741,0.5942028985507246,0.7536231884057971,0.8384074941451991,0.6825848849945235,saved per-run metrics; empty fields indicate another schema; may include full-data/in-sample runs
stage2/generalization/results/OT_sa/cv/fold4_seed1/metrics.json,2026-09-27T07:45:46.291696+00:00,69,0.7203792575274331,0.6231884057971014,0.7681159420289855,0.8535653650254669,0.7025862068965517,saved per-run metrics; empty fields indicate another schema; may include full-data/in-sample runs
stage2/generalization/results/OT_sa/cv/fold4_seed2/metrics.json,2026-09-27T07:49:47.903319+00:00,69,0.6946047082793081,0.6086956521739131,0.7391304347826086,0.8371594078523923,0.648611111111111,saved per-run metrics; empty fields indicate another schema; may include full-data/in-sample runs
stage2/generalization/results/XN4_sa/cv/fold0_seed0/metrics.json,2026-09-26T16:19:47.563983+00:00,70,0.7812942558094562,0.6285714285714286,0.9,0.8848684210526316,0.7570932843437437,saved per-run metrics; empty fields indicate another schema; may include full-data/in-sample runs
stage2/generalization/results/XN4_sa/cv/fold0_seed1/metrics.json,2026-09-26T16:28:16.692305+00:00,70,0.7533391841399477,0.5857142857142857,0.9,0.8999795876709533,0.655614973262032,saved per-run metrics; empty fields indicate another schema; may include full-data/in-sample runs
stage2/generalization/results/XN4_sa/cv/fold0_seed2/metrics.json,2026-09-26T16:41:02.292352+00:00,70,0.7692528939286558,0.6142857142857143,0.8714285714285714,0.9428104575163399,0.7188755020080322,saved per-run metrics; empty fields indicate another schema; may include full-data/in-sample runs
stage2/generalization/results/XN4_sa/cv/fold1_seed0/metrics.json,2026-09-26T16:18:21.285875+00:00,70,0.7698723276524868,0.6571428571428571,0.8142857142857143,0.957134109001837,0.742014742014742,saved per-run metrics; empty fields indicate another schema; may include full-data/in-sample runs
stage2/generalization/results/XN4_sa/cv/fold1_seed1/metrics.json,2026-09-26T16:31:29.892267+00:00,70,0.7241348099436334,0.5428571428571428,0.8285714285714286,0.9142156862745098,0.7133497133497133,saved per-run metrics; empty fields indicate another schema; may include full-data/in-sample runs
stage2/generalization/results/XN4_sa/cv/fold1_seed2/metrics.json,2026-09-26T16:41:01.482912+00:00,70,0.7639974976004387,0.6142857142857143,0.8285714285714286,0.9714052287581699,0.7552447552447552,saved per-run metrics; empty fields indicate another schema; may include full-data/in-sample runs
stage2/generalization/results/XN4_sa/cv/fold2_seed0/metrics.json,2026-09-26T16:20:06.043433+00:00,70,0.7414021712009786,0.6,0.8428571428571429,0.8998159885503987,0.6761984861227923,saved per-run metrics; empty fields indicate another schema; may include full-data/in-sample runs
stage2/generalization/results/XN4_sa/cv/fold2_seed1/metrics.json,2026-09-26T16:31:44.742152+00:00,70,0.7278495892739119,0.5571428571428572,0.8285714285714286,0.9428571428571428,0.6761401189689359,saved per-run metrics; empty fields indicate another schema; may include full-data/in-sample runs
stage2/generalization/results/XN4_sa/cv/fold2_seed2/metrics.json,2026-09-26T16:42:48.686270+00:00,70,0.7157531715596231,0.4857142857142857,0.8571428571428571,0.9278499278499278,0.7105045492142266,saved per-run metrics; empty fields indicate another schema; may include full-data/in-sample runs
stage2/generalization/results/XN4_sa/cv/fold3_seed0/metrics.json,2026-09-26T16:26:36.599100+00:00,70,0.7393463679177965,0.5714285714285714,0.8571428571428571,0.9567099567099566,0.6389324960753533,saved per-run metrics; empty fields indicate another schema; may include full-data/in-sample runs
stage2/generalization/results/XN4_sa/cv/fold3_seed1/metrics.json,2026-09-26T16:35:08.432886+00:00,70,0.7581907894736842,0.5857142857142857,0.8714285714285714,0.971217105263158,0.6833881578947368,saved per-run metrics; empty fields indicate another schema; may include full-data/in-sample runs
stage2/generalization/results/XN4_sa/cv/fold3_seed2/metrics.json,2026-09-26T16:43:52.981070+00:00,70,0.7504630152456239,0.5571428571428572,0.8571428571428571,0.9567099567099566,0.7463768115942029,saved per-run metrics; empty fields indicate another schema; may include full-data/in-sample runs
stage2/generalization/results/XN4_sa/cv/fold4_seed0/metrics.json,2026-09-26T16:26:46.212599+00:00,69,0.7589329710144928,0.7391304347826086,0.7391304347826086,0.8977777777777778,0.7125,saved per-run metrics; empty fields indicate another schema; may include full-data/in-sample runs
stage2/generalization/results/XN4_sa/cv/fold4_seed1/metrics.json,2026-09-26T16:35:02.122571+00:00,69,0.7172358783822576,0.6666666666666666,0.7101449275362319,0.8828522920203735,0.6861598440545809,saved per-run metrics; empty fields indicate another schema; may include full-data/in-sample runs
stage2/generalization/results/XN4_sa/cv/fold4_seed2/metrics.json,2026-09-26T16:45:56.948394+00:00,69,0.7512852792254073,0.6956521739130435,0.782608695652174,0.8677879497551628,0.6915052160953801,saved per-run metrics; empty fields indicate another schema; may include full-data/in-sample runs
stage2/generalization/results/XN4_sa_ema/cv/fold0_seed0/metrics.json,2026-09-26T19:16:50.047671+00:00,70,0.7933576724486143,0.6285714285714286,0.9,0.9284399918217133,0.7939444911690496,saved per-run metrics; empty fields indicate another schema; may include full-data/in-sample runs
stage2/generalization/results/XN4_sa_ema/cv/fold0_seed1/metrics.json,2026-09-26T19:30:47.248250+00:00,70,0.7857238942088461,0.6428571428571429,0.8857142857142857,0.9428104575163399,0.7286821705426356,saved per-run metrics; empty fields indicate another schema; may include full-data/in-sample runs
stage2/generalization/results/XN4_sa_ema/cv/fold0_seed2/metrics.json,2026-09-26T19:40:12.107830+00:00,70,0.7844914925276574,0.6571428571428571,0.8714285714285714,0.9282051282051282,0.735071488645921,saved per-run metrics; empty fields indicate another schema; may include full-data/in-sample runs
stage2/generalization/results/XN4_sa_ema/cv/fold1_seed0/metrics.json,2026-09-26T19:21:13.464767+00:00,70,0.7763357843137255,0.6428571428571429,0.8428571428571429,0.9714052287581699,0.7375,saved per-run metrics; empty fields indicate another schema; may include full-data/in-sample runs
stage2/generalization/results/XN4_sa_ema/cv/fold1_seed1/metrics.json,2026-09-26T19:29:21.683417+00:00,70,0.7645350737194102,0.6571428571428571,0.7857142857142857,0.9714052287581699,0.7588285960378984,saved per-run metrics; empty fields indicate another schema; may include full-data/in-sample runs
stage2/generalization/results/XN4_sa_ema/cv/fold1_seed2/metrics.json,2026-09-26T19:44:27.631464+00:00,70,0.7681139230515396,0.6285714285714286,0.8285714285714286,0.9856879983643426,0.735071488645921,saved per-run metrics; empty fields indicate another schema; may include full-data/in-sample runs
stage2/generalization/results/XN4_sa_ema/cv/fold2_seed0/metrics.json,2026-09-26T19:22:01.633130+00:00,70,0.7560679271708682,0.6,0.8428571428571429,0.9714052287581699,0.7023809523809523,saved per-run metrics; empty fields indicate another schema; may include full-data/in-sample runs
stage2/generalization/results/XN4_sa_ema/cv/fold2_seed1/metrics.json,2026-09-26T19:32:35.312845+00:00,70,0.7263516385575208,0.5428571428571428,0.8571428571428571,0.9428104575163399,0.6328671328671329,saved per-run metrics; empty fields indicate another schema; may include full-data/in-sample runs
stage2/generalization/results/XN4_sa_ema/cv/fold2_seed2/metrics.json,2026-09-26T19:45:04.885035+00:00,70,0.7376679908723458,0.5571428571428572,0.8428571428571429,0.957063995093028,0.6940559440559441,saved per-run metrics; empty fields indicate another schema; may include full-data/in-sample runs
stage2/generalization/results/XN4_sa_ema/cv/fold3_seed0/metrics.json,2026-09-26T19:22:31.964051+00:00,70,0.7552583979328166,0.6142857142857143,0.8285714285714286,1.0,0.6683893195521102,saved per-run metrics; empty fields indicate another schema; may include full-data/in-sample runs
stage2/generalization/results/XN4_sa_ema/cv/fold3_seed1/metrics.json,2026-09-26T19:35:42.244887+00:00,70,0.7581926406926406,0.5714285714285714,0.8714285714285714,0.9855699855699855,0.7023809523809523,saved per-run metrics; empty fields indicate another schema; may include full-data/in-sample runs
stage2/generalization/results/XN4_sa_ema/cv/fold3_seed2/metrics.json,2026-09-26T19:45:04.374692+00:00,70,0.7652154345337604,0.5857142857142857,0.8571428571428571,0.9567099567099566,0.7780596068484464,saved per-run metrics; empty fields indicate another schema; may include full-data/in-sample runs
stage2/generalization/results/XN4_sa_ema/cv/fold4_seed0/metrics.json,2026-09-26T19:26:38.146542+00:00,69,0.7468346462657174,0.6956521739130435,0.7536231884057971,0.8977777777777778,0.6994773519163764,saved per-run metrics; empty fields indicate another schema; may include full-data/in-sample runs
stage2/generalization/results/XN4_sa_ema/cv/fold4_seed1/metrics.json,2026-09-26T19:37:16.818511+00:00,69,0.7049865049486737,0.6376811594202898,0.7391304347826086,0.8828522920203735,0.6044973544973544,saved per-run metrics; empty fields indicate another schema; may include full-data/in-sample runs
stage2/generalization/results/XN4_sa_ema/cv/fold4_seed2/metrics.json,2026-09-26T19:47:55.035574+00:00,69,0.7465002914859848,0.6666666666666666,0.7971014492753623,0.8828522920203735,0.6783573806881242,saved per-run metrics; empty fields indicate another schema; may include full-data/in-sample runs
stage2/generalization/results/XN4_sa_ema_full/seed0/metrics.json,2026-09-26T20:11:36.370230+00:00,70,0.9828354978354978,1.0,0.9571428571428572,1.0,0.9855699855699855,saved per-run metrics; empty fields indicate another schema; may include full-data/in-sample runs
stage2/generalization/results/XN4_sa_ema_full/seed1/metrics.json,2026-09-26T20:14:00.308770+00:00,70,0.9606575682382135,0.9714285714285714,0.9285714285714286,1.0,0.9710504549214227,saved per-run metrics; empty fields indicate another schema; may include full-data/in-sample runs
stage2/generalization/results/XN4_sa_ema_full/seed2/metrics.json,2026-09-26T20:16:20.162401+00:00,70,0.9700000000000001,0.9571428571428572,0.9571428571428572,1.0,1.0,saved per-run metrics; empty fields indicate another schema; may include full-data/in-sample runs
stage2/generalization/results/XN4_sa_ema_full/seed3/metrics.json,2026-09-26T20:19:35.493094+00:00,70,0.980625,0.9714285714285714,0.9857142857142858,1.0,0.9708333333333333,saved per-run metrics; empty fields indicate another schema; may include full-data/in-sample runs
stage2/generalization/results/XN4_sa_full/seed0/metrics.json,2026-09-26T17:12:23.001797+00:00,70,0.9578354978354979,0.9571428571428572,0.9285714285714286,1.0,0.9855699855699855,saved per-run metrics; empty fields indicate another schema; may include full-data/in-sample runs
stage2/generalization/results/XN4_sa_full/seed1/metrics.json,2026-09-26T17:14:40.536926+00:00,70,0.9728211247146712,0.9714285714285714,0.9571428571428572,1.0,0.985474164764474,saved per-run metrics; empty fields indicate another schema; may include full-data/in-sample runs
stage2/generalization/results/XN4_sa_full/seed2/metrics.json,2026-09-26T17:17:14.425654+00:00,70,0.9556825657894736,0.9428571428571428,0.9428571428571428,1.0,0.971217105263158,saved per-run metrics; empty fields indicate another schema; may include full-data/in-sample runs
stage2/generalization/results/XN4_sa_full/seed3/metrics.json,2026-09-26T17:19:59.313638+00:00,70,0.9456816516816515,0.9142857142857143,0.9428571428571428,0.9856410256410257,0.9855699855699855,saved per-run metrics; empty fields indicate another schema; may include full-data/in-sample runs
stage2/generalization/results/XN4_sa_xu/cv/fold0_seed0/metrics.json,2026-09-27T10:20:05.449603+00:00,70,0.7598414003759397,0.6571428571428571,0.8714285714285714,0.8560855263157895,0.6428571428571428,saved per-run metrics; empty fields indicate another schema; may include full-data/in-sample runs
stage2/generalization/results/XN4_sa_xu/cv/fold0_seed1/metrics.json,2026-09-27T10:26:39.661078+00:00,70,0.7885533707865168,0.6571428571428571,0.9142857142857143,0.9142156862745098,0.6761401189689359,saved per-run metrics; empty fields indicate another schema; may include full-data/in-sample runs
stage2/generalization/results/XN4_sa_xu/cv/fold1_seed0/metrics.json,2026-09-27T10:21:15.742942+00:00,70,0.7909566423468612,0.6428571428571429,0.9,0.9142156862745098,0.7588285960378984,saved per-run metrics; empty fields indicate another schema; may include full-data/in-sample runs
stage2/generalization/results/XN4_sa_xu/cv/fold1_seed1/metrics.json,2026-09-27T10:26:51.067649+00:00,70,0.7791436715400353,0.6428571428571429,0.8571428571428571,0.9856879983643426,0.7086031452358927,saved per-run metrics; empty fields indicate another schema; may include full-data/in-sample runs
stage2/generalization/results/XN4_sa_xu/cv/fold2_seed0/metrics.json,2026-09-27T10:21:14.465870+00:00,70,0.7019502457002456,0.4857142857142857,0.8,0.9713349713349714,0.7083333333333333,saved per-run metrics; empty fields indicate another schema; may include full-data/in-sample runs
stage2/generalization/results/XN4_sa_xu/cv/fold3_seed0/metrics.json,2026-09-27T10:22:41.060651+00:00,70,0.7337607886503399,0.5285714285714286,0.8714285714285714,0.9421009098428452,0.6829710144927537,saved per-run metrics; empty fields indicate another schema; may include full-data/in-sample runs
stage2/generalization/results/XN4_sa_xu/cv/fold4_seed0/metrics.json,2026-09-27T10:23:58.271071+00:00,69,0.7588030538302277,0.7101449275362319,0.782608695652174,0.926984126984127,0.648611111111111,saved per-run metrics; empty fields indicate another schema; may include full-data/in-sample runs
stage2/generalization/results/XU_mc/cv/fold0_seed0/metrics.json,2026-09-27T08:00:49.822422+00:00,70,0.7724230769230769,0.6285714285714286,0.9142857142857143,0.8994871794871795,0.6499999999999999,saved per-run metrics; empty fields indicate another schema; may include full-data/in-sample runs
stage2/generalization/results/XU_mc/cv/fold0_seed1/metrics.json,2026-09-27T08:03:54.024076+00:00,70,0.7852016413943799,0.7,0.8285714285714286,0.9285568483363952,0.7394540942928041,saved per-run metrics; empty fields indicate another schema; may include full-data/in-sample runs
stage2/generalization/results/XU_mc/cv/fold0_seed2/metrics.json,2026-09-27T08:06:43.385808+00:00,70,0.7728295411397026,0.6285714285714286,0.9,0.8998159885503987,0.6857142857142857,saved per-run metrics; empty fields indicate another schema; may include full-data/in-sample runs
stage2/generalization/results/XU_mc/cv/fold1_seed0/metrics.json,2026-09-27T08:00:27.373366+00:00,70,0.771572620532777,0.6428571428571429,0.8714285714285714,0.8999795876709533,0.7105045492142266,saved per-run metrics; empty fields indicate another schema; may include full-data/in-sample runs
stage2/generalization/results/XU_mc/cv/fold1_seed1/metrics.json,2026-09-27T08:04:19.379191+00:00,70,0.7358761079122728,0.6,0.8142857142857143,0.8707692307692307,0.735071488645921,saved per-run metrics; empty fields indicate another schema; may include full-data/in-sample runs
stage2/generalization/results/XU_mc/cv/fold1_seed2/metrics.json,2026-09-27T08:08:14.558558+00:00,70,0.7775383922849854,0.6428571428571429,0.8714285714285714,0.9285568483363952,0.7216991002301736,saved per-run metrics; empty fields indicate another schema; may include full-data/in-sample runs
stage2/generalization/results/XU_mc/cv/fold2_seed0/metrics.json,2026-09-27T08:01:29.984281+00:00,70,0.730595992639542,0.5428571428571428,0.8714285714285714,0.8998159885503987,0.6708239623798814,saved per-run metrics; empty fields indicate another schema; may include full-data/in-sample runs
stage2/generalization/results/XU_mc/cv/fold2_seed1/metrics.json,2026-09-27T08:05:35.134703+00:00,70,0.7644048473716076,0.6285714285714286,0.8428571428571429,0.957063995093028,0.7056349873843566,saved per-run metrics; empty fields indicate another schema; may include full-data/in-sample runs
stage2/generalization/results/XU_mc/cv/fold2_seed2/metrics.json,2026-09-27T08:08:21.469285+00:00,70,0.725713300168878,0.5428571428571428,0.8428571428571429,0.9285568483363952,0.6761984861227923,saved per-run metrics; empty fields indicate another schema; may include full-data/in-sample runs
stage2/generalization/results/XU_mc/cv/fold3_seed0/metrics.json,2026-09-27T08:01:59.357785+00:00,70,0.752982604913244,0.5428571428571428,0.9142857142857143,0.9564224942934219,0.6634615384615384,saved per-run metrics; empty fields indicate another schema; may include full-data/in-sample runs
stage2/generalization/results/XU_mc/cv/fold3_seed1/metrics.json,2026-09-27T08:05:33.076329+00:00,70,0.7529013233225941,0.5428571428571428,0.8714285714285714,0.911690496215307,0.8076516592686536,saved per-run metrics; empty fields indicate another schema; may include full-data/in-sample runs
stage2/generalization/results/XU_mc/cv/fold3_seed2/metrics.json,2026-09-27T08:09:47.671082+00:00,70,0.7489680319680319,0.5571428571428572,0.8857142857142857,0.9567099567099566,0.6697435897435897,saved per-run metrics; empty fields indicate another schema; may include full-data/in-sample runs
stage2/generalization/results/XU_mc/cv/fold4_seed0/metrics.json,2026-09-27T08:03:06.804387+00:00,69,0.7122529928217709,0.6521739130434783,0.7536231884057971,0.8547979797979799,0.6133620689655173,saved per-run metrics; empty fields indicate another schema; may include full-data/in-sample runs
stage2/generalization/results/XU_mc/cv/fold4_seed1/metrics.json,2026-09-27T08:06:49.963778+00:00,69,0.7532958620629514,0.6811594202898551,0.8115942028985508,0.8694555392053815,0.6694250871080138,saved per-run metrics; empty fields indicate another schema; may include full-data/in-sample runs
stage2/generalization/results/XU_mc/cv/fold4_seed2/metrics.json,2026-09-27T08:09:37.238826+00:00,69,0.7031300613544994,0.6086956521739131,0.7681159420289855,0.8984654193819634,0.5765079365079364,saved per-run metrics; empty fields indicate another schema; may include full-data/in-sample runs
stage2/generalization/results/XU_mca/cv/fold0_seed0/metrics.json,2026-09-27T08:11:10.233595+00:00,70,0.7565082417582416,0.6285714285714286,0.8714285714285714,0.8707692307692307,0.6726190476190477,saved per-run metrics; empty fields indicate another schema; may include full-data/in-sample runs
stage2/generalization/results/XU_mca/cv/fold0_seed1/metrics.json,2026-09-27T08:14:44.024968+00:00,70,0.7706323081021875,0.6285714285714286,0.8857142857142857,0.8853398853398853,0.7188755020080322,saved per-run metrics; empty fields indicate another schema; may include full-data/in-sample runs
stage2/generalization/results/XU_mca/cv/fold0_seed2/metrics.json,2026-09-27T08:17:47.911561+00:00,70,0.7846231416303998,0.6142857142857143,0.9285714285714286,0.9284399918217133,0.7023809523809523,saved per-run metrics; empty fields indicate another schema; may include full-data/in-sample runs
stage2/generalization/results/XU_mca/cv/fold1_seed0/metrics.json,2026-09-27T08:11:51.632836+00:00,70,0.7722426473998679,0.6285714285714286,0.8571428571428571,0.9285568483363952,0.7530608009960573,saved per-run metrics; empty fields indicate another schema; may include full-data/in-sample runs
stage2/generalization/results/XU_mca/cv/fold1_seed1/metrics.json,2026-09-27T08:14:24.004697+00:00,70,0.7428583443469903,0.6142857142857143,0.8142857142857143,0.9428571428571428,0.6761984861227923,saved per-run metrics; empty fields indicate another schema; may include full-data/in-sample runs
stage2/generalization/results/XU_mca/cv/fold1_seed2/metrics.json,2026-09-27T08:18:51.367643+00:00,70,0.748494322588836,0.5857142857142857,0.8428571428571429,0.9285568483363952,0.7280719689225107,saved per-run metrics; empty fields indicate another schema; may include full-data/in-sample runs
stage2/generalization/results/XU_mca/cv/fold2_seed0/metrics.json,2026-09-27T08:12:29.275665+00:00,70,0.7286938399438398,0.5571428571428572,0.8571428571428571,0.8853398853398853,0.6726190476190477,saved per-run metrics; empty fields indicate another schema; may include full-data/in-sample runs
stage2/generalization/results/XU_mca/cv/fold2_seed1/metrics.json,2026-09-27T08:16:14.852527+00:00,70,0.7436618220489188,0.6142857142857143,0.8142857142857143,0.9428571428571428,0.6815550041356493,saved per-run metrics; empty fields indicate another schema; may include full-data/in-sample runs
stage2/generalization/results/XU_mca/cv/fold2_seed2/metrics.json,2026-09-27T08:19:04.298372+00:00,70,0.754543206090792,0.6,0.8428571428571429,0.971217105263158,0.692404268675455,saved per-run metrics; empty fields indicate another schema; may include full-data/in-sample runs
stage2/generalization/results/XU_mca/cv/fold3_seed0/metrics.json,2026-09-27T08:13:13.144238+00:00,70,0.7515278138971271,0.5428571428571428,0.8857142857142857,0.971217105263158,0.7056349873843566,saved per-run metrics; empty fields indicate another schema; may include full-data/in-sample runs
stage2/generalization/results/XU_mca/cv/fold3_seed1/metrics.json,2026-09-27T08:16:02.777908+00:00,70,0.7615028163458669,0.6,0.8571428571428571,0.9710504549214227,0.7056349873843566,saved per-run metrics; empty fields indicate another schema; may include full-data/in-sample runs
stage2/generalization/results/XU_mca/cv/fold3_seed2/metrics.json,2026-09-27T08:20:10.722996+00:00,70,0.765142857142857,0.6142857142857143,0.8857142857142857,0.8809523809523809,0.72,saved per-run metrics; empty fields indicate another schema; may include full-data/in-sample runs
stage2/generalization/results/XU_mca/cv/fold4_seed0/metrics.json,2026-09-27T08:13:27.768296+00:00,69,0.7301953663763179,0.6666666666666666,0.7971014492753623,0.8677879497551628,0.5847222222222223,saved per-run metrics; empty fields indicate another schema; may include full-data/in-sample runs
stage2/generalization/results/XU_mca/cv/fold4_seed1/metrics.json,2026-09-27T08:17:30.190444+00:00,69,0.7247838051114956,0.6521739130434783,0.7391304347826086,0.8677879497551628,0.7177272727272728,saved per-run metrics; empty fields indicate another schema; may include full-data/in-sample runs
stage2/generalization/results/XU_mca/cv/fold4_seed2/metrics.json,2026-09-27T08:20:06.961082+00:00,69,0.6961507467828055,0.6376811594202898,0.7246376811594203,0.8535653650254669,0.6086956521739131,saved per-run metrics; empty fields indicate another schema; may include full-data/in-sample runs
stage2/long_context_v2_experiments/results/C0_avg/cv/fold0_seed0/metrics.json,2026-09-25T05:06:29.008313+00:00,70,0.6877128060532837,0.5285714285714286,0.7571428571428571,0.8714023270055113,0.7133497133497133,saved per-run metrics; empty fields indicate another schema; may include full-data/in-sample runs
stage2/long_context_v2_experiments/results/C0_avg/cv/fold0_seed1/metrics.json,2026-09-25T05:59:29.129380+00:00,70,0.7144769547542368,0.6142857142857143,0.7571428571428571,0.8994871794871795,0.6636925188743994,saved per-run metrics; empty fields indicate another schema; may include full-data/in-sample runs
stage2/long_context_v2_experiments/results/C0_avg/cv/fold1_seed0/metrics.json,2026-09-25T05:06:19.351412+00:00,70,0.6855931211103511,0.5714285714285714,0.7,0.8983191533513177,0.7056349873843566,saved per-run metrics; empty fields indicate another schema; may include full-data/in-sample runs
stage2/long_context_v2_experiments/results/C0_avg/cv/fold1_seed1/metrics.json,2026-09-25T05:38:53.906569+00:00,70,0.659247770559078,0.5857142857142857,0.7,0.8999795876709533,0.4950055493895672,saved per-run metrics; empty fields indicate another schema; may include full-data/in-sample runs
stage2/long_context_v2_experiments/results/C0_avg/cv/fold2_seed0/metrics.json,2026-09-25T05:06:23.225023+00:00,70,0.6648201163502755,0.5285714285714286,0.6571428571428571,0.957134109001837,0.7083333333333333,saved per-run metrics; empty fields indicate another schema; may include full-data/in-sample runs
stage2/long_context_v2_experiments/results/C0_avg/cv/fold2_seed1/metrics.json,2026-09-25T05:39:11.644790+00:00,70,0.6549509803921568,0.4714285714285714,0.7142857142857143,0.9142156862745098,0.6854575163398693,saved per-run metrics; empty fields indicate another schema; may include full-data/in-sample runs
stage2/long_context_v2_experiments/results/C0_avg/cv/fold3_seed0/metrics.json,2026-09-25T05:06:17.808306+00:00,70,0.7061524035517452,0.5142857142857142,0.8,0.9125000000000001,0.7285160236783017,saved per-run metrics; empty fields indicate another schema; may include full-data/in-sample runs
stage2/long_context_v2_experiments/results/C0_avg/cv/fold3_seed1/metrics.json,2026-09-25T05:39:05.082208+00:00,70,0.6976798101496897,0.5,0.8,0.898989898989899,0.7188755020080322,saved per-run metrics; empty fields indicate another schema; may include full-data/in-sample runs
stage2/long_context_v2_experiments/results/C0_avg/cv/fold4_seed0/metrics.json,2026-09-25T05:07:24.832736+00:00,69,0.6773342492950616,0.6231884057971014,0.6521739130434783,0.8834459459459459,0.6562703053931124,saved per-run metrics; empty fields indicate another schema; may include full-data/in-sample runs
stage2/long_context_v2_experiments/results/C0_avg/cv/fold4_seed1/metrics.json,2026-09-25T05:39:01.470000+00:00,69,0.6976018858784362,0.6666666666666666,0.6956521739130435,0.8685714285714285,0.6033638492654886,saved per-run metrics; empty fields indicate another schema; may include full-data/in-sample runs
stage2/long_context_v2_experiments/results/C0_avg/inner/seed0/inner0/metrics.json,2026-09-25T05:15:35.035492+00:00,56,0.6579067256273138,0.44642857142857145,0.75,0.8564102564102565,0.7379679144385026,saved per-run metrics; empty fields indicate another schema; may include full-data/in-sample runs
stage2/long_context_v2_experiments/results/C0_avg/inner/seed0/inner1/metrics.json,2026-09-25T05:15:01.601726+00:00,56,0.6854395604395603,0.5535714285714286,0.7321428571428571,0.9285714285714286,0.641025641025641,saved per-run metrics; empty fields indicate another schema; may include full-data/in-sample runs
stage2/long_context_v2_experiments/results/C0_avg/inner/seed0/inner2/metrics.json,2026-09-25T05:15:28.375885+00:00,56,0.6643082801997725,0.6071428571428571,0.6071428571428571,0.87399549983928,0.7213930348258706,saved per-run metrics; empty fields indicate another schema; may include full-data/in-sample runs
stage2/long_context_v2_experiments/results/C0_avg/inner/seed0/inner3/metrics.json,2026-09-25T05:16:30.677862+00:00,56,0.6955115577022598,0.6071428571428571,0.7142857142857143,0.927741935483871,0.625668449197861,saved per-run metrics; empty fields indicate another schema; may include full-data/in-sample runs
stage2/long_context_v2_experiments/results/C0_avg/inner/seed0/inner4/metrics.json,2026-09-25T05:16:24.021049+00:00,55,0.6582837137631081,0.5272727272727272,0.7818181818181819,0.7811671087533156,0.5528455284552846,saved per-run metrics; empty fields indicate another schema; may include full-data/in-sample runs
stage2/long_context_v2_experiments/results/C0_avg/seed0/metrics.json,2026-09-25T05:04:01.350808+00:00,70,0.6963881461675578,0.5428571428571428,0.7857142857142857,0.8570261437908497,0.6855614973262032,saved per-run metrics; empty fields indicate another schema; may include full-data/in-sample runs
stage2/long_context_v2_experiments/results/C0_avg/seed1/metrics.json,2026-09-25T05:06:41.326750+00:00,70,0.7299723982825598,0.6142857142857143,0.7571428571428571,0.8998159885503987,0.7666666666666666,saved per-run metrics; empty fields indicate another schema; may include full-data/in-sample runs
stage2/long_context_v2_experiments/results/C0_avg/seed2/metrics.json,2026-09-25T05:06:15.157318+00:00,70,0.6659429907202411,0.5428571428571428,0.7142857142857143,0.8428250663400694,0.6634615384615384,saved per-run metrics; empty fields indicate another schema; may include full-data/in-sample runs
stage2/long_context_v2_experiments/results/C0_avg/seed3/metrics.json,2026-09-25T05:59:23.810529+00:00,70,0.6888421375921375,0.6142857142857143,0.7285714285714285,0.8566748566748568,0.6022727272727273,saved per-run metrics; empty fields indicate another schema; may include full-data/in-sample runs
stage2/long_context_v2_experiments/results/C1_max/cv/fold0_seed0/metrics.json,2026-09-25T05:09:09.174544+00:00,70,0.7171205408066472,0.5857142857142857,0.7714285714285715,0.8856209150326797,0.7285160236783017,saved per-run metrics; empty fields indicate another schema; may include full-data/in-sample runs
stage2/long_context_v2_experiments/results/C1_max/cv/fold1_seed0/metrics.json,2026-09-25T05:09:12.846588+00:00,70,0.6810041562976379,0.5857142857142857,0.7,0.9285568483363952,0.6114708603145236,saved per-run metrics; empty fields indicate another schema; may include full-data/in-sample runs
stage2/long_context_v2_experiments/results/C1_max/cv/fold2_seed0/metrics.json,2026-09-25T05:08:50.531184+00:00,70,0.6587984289625709,0.5285714285714286,0.6857142857142857,0.9285568483363952,0.6300993447474107,saved per-run metrics; empty fields indicate another schema; may include full-data/in-sample runs
stage2/long_context_v2_experiments/results/C1_max/cv/fold3_seed0/metrics.json,2026-09-25T05:09:50.790388+00:00,70,0.699249801834305,0.5285714285714286,0.7714285714285715,0.8998159885503987,0.7285160236783017,saved per-run metrics; empty fields indicate another schema; may include full-data/in-sample runs
stage2/long_context_v2_experiments/results/C1_max/cv/fold4_seed0/metrics.json,2026-09-25T05:10:05.363369+00:00,69,0.6815974967061924,0.6521739130434783,0.6521739130434783,0.8838383838383839,0.6166666666666667,saved per-run metrics; empty fields indicate another schema; may include full-data/in-sample runs
stage2/long_context_v2_experiments/results/C1_max/seed0/metrics.json,2026-09-25T05:09:35.677830+00:00,70,0.7085935769656699,0.5714285714285714,0.8,0.8857142857142857,0.6382428940568475,saved per-run metrics; empty fields indicate another schema; may include full-data/in-sample runs
stage2/long_context_v2_experiments/results/C1_max/seed1/metrics.json,2026-09-25T05:09:31.098849+00:00,70,0.7324410425101214,0.6285714285714286,0.7857142857142857,0.8707692307692307,0.712171052631579,saved per-run metrics; empty fields indicate another schema; may include full-data/in-sample runs
stage2/long_context_v2_experiments/results/C1_max/seed2/metrics.json,2026-09-25T05:09:00.678724+00:00,70,0.6881077993997873,0.5428571428571428,0.7714285714285715,0.8570261437908497,0.6636925188743994,saved per-run metrics; empty fields indicate another schema; may include full-data/in-sample runs
stage2/long_context_v2_experiments/results/C2_sgp/cv/fold0_seed0/metrics.json,2026-09-25T05:11:58.035704+00:00,70,0.7013303945656887,0.6,0.7428571428571429,0.8853398853398853,0.6568627450980392,saved per-run metrics; empty fields indicate another schema; may include full-data/in-sample runs
stage2/long_context_v2_experiments/results/C2_sgp/cv/fold1_seed0/metrics.json,2026-09-25T05:12:07.089301+00:00,70,0.6950763878752493,0.6,0.7142857142857143,0.8856209150326797,0.6815550041356493,saved per-run metrics; empty fields indicate another schema; may include full-data/in-sample runs
stage2/long_context_v2_experiments/results/C2_sgp/cv/fold2_seed0/metrics.json,2026-09-25T05:11:55.729260+00:00,70,0.6937477718360071,0.5714285714285714,0.7,0.9428104575163399,0.7155080213903744,saved per-run metrics; empty fields indicate another schema; may include full-data/in-sample runs
stage2/long_context_v2_experiments/results/C2_sgp/cv/fold3_seed0/metrics.json,2026-09-25T05:13:20.435758+00:00,70,0.7044627664304982,0.5571428571428572,0.7571428571428571,0.9273708238223698,0.7023809523809523,saved per-run metrics; empty fields indicate another schema; may include full-data/in-sample runs
stage2/long_context_v2_experiments/results/C2_sgp/cv/fold4_seed0/metrics.json,2026-09-25T05:12:48.048407+00:00,69,0.6959222745544793,0.6231884057971014,0.7391304347826086,0.8242784380305602,0.6364594309799789,saved per-run metrics; empty fields indicate another schema; may include full-data/in-sample runs
stage2/long_context_v2_experiments/results/C2_sgp/seed0/metrics.json,2026-09-25T05:12:06.204708+00:00,70,0.6867857142857143,0.5428571428571428,0.7857142857142857,0.8285714285714286,0.6499999999999999,saved per-run metrics; empty fields indicate another schema; may include full-data/in-sample runs
stage2/long_context_v2_experiments/results/C2_sgp/seed1/metrics.json,2026-09-25T05:12:37.123638+00:00,70,0.7297321428571429,0.6,0.8142857142857143,0.8857142857142857,0.6791666666666667,saved per-run metrics; empty fields indicate another schema; may include full-data/in-sample runs
stage2/long_context_v2_experiments/results/C2_sgp/seed2/metrics.json,2026-09-25T05:12:05.625762+00:00,70,0.6823166170938675,0.5571428571428572,0.7428571428571429,0.8428250663400694,0.6726190476190477,saved per-run metrics; empty fields indicate another schema; may include full-data/in-sample runs
stage2/long_context_v2_experiments/results/D_phase0.1/cv/fold0_seed0/metrics.json,2026-09-25T05:24:42.748516+00:00,70,0.7333894555888167,0.6142857142857143,0.8,0.8999795876709533,0.689283449587825,saved per-run metrics; empty fields indicate another schema; may include full-data/in-sample runs
stage2/long_context_v2_experiments/results/D_phase0.1/cv/fold1_seed0/metrics.json,2026-09-25T05:15:48.953534+00:00,70,0.6849433530304952,0.5857142857142857,0.7285714285714285,0.8856209150326797,0.6140014385039558,saved per-run metrics; empty fields indicate another schema; may include full-data/in-sample runs
stage2/long_context_v2_experiments/results/D_phase0.1/cv/fold2_seed0/metrics.json,2026-09-25T05:24:48.268250+00:00,70,0.6778731736358855,0.6,0.6857142857142857,0.8853398853398853,0.633814605566018,saved per-run metrics; empty fields indicate another schema; may include full-data/in-sample runs
stage2/long_context_v2_experiments/results/D_phase0.1/cv/fold3_seed0/metrics.json,2026-09-25T05:16:25.442021+00:00,70,0.7088551088170068,0.5285714285714286,0.8285714285714286,0.9273708238223698,0.6316632349576756,saved per-run metrics; empty fields indicate another schema; may include full-data/in-sample runs
stage2/long_context_v2_experiments/results/D_phase0.1/cv/fold4_seed0/metrics.json,2026-09-25T05:16:14.035888+00:00,69,0.6896950432346852,0.6666666666666666,0.6521739130434783,0.8685714285714285,0.6521008403361345,saved per-run metrics; empty fields indicate another schema; may include full-data/in-sample runs
stage2/long_context_v2_experiments/results/D_phase0.1/seed0/metrics.json,2026-09-25T05:23:27.899027+00:00,70,0.7249836944870462,0.6571428571428571,0.7571428571428571,0.8570261437908497,0.6761984861227923,saved per-run metrics; empty fields indicate another schema; may include full-data/in-sample runs
stage2/long_context_v2_experiments/results/D_phase0.1/seed1/metrics.json,2026-09-25T05:24:41.124827+00:00,70,0.7052642268819865,0.6428571428571429,0.7142857142857143,0.8714023270055113,0.6636925188743994,saved per-run metrics; empty fields indicate another schema; may include full-data/in-sample runs
stage2/long_context_v2_experiments/results/D_phase0.1/seed2/metrics.json,2026-09-25T05:24:35.644583+00:00,70,0.7272670713148788,0.6285714285714286,0.7428571428571429,0.8999795876709533,0.7484675544282393,saved per-run metrics; empty fields indicate another schema; may include full-data/in-sample runs
stage2/long_context_v2_experiments/results/D_phase0.25/cv/fold0_seed0/metrics.json,2026-09-25T05:17:38.364275+00:00,70,0.709740483646395,0.5857142857142857,0.7714285714285715,0.957134109001837,0.6078024486407968,saved per-run metrics; empty fields indicate another schema; may include full-data/in-sample runs
stage2/long_context_v2_experiments/results/D_phase0.25/cv/fold1_seed0/metrics.json,2026-09-25T05:18:32.914460+00:00,70,0.6550903934774903,0.5571428571428572,0.6428571428571429,0.8857142857142857,0.6815550041356493,saved per-run metrics; empty fields indicate another schema; may include full-data/in-sample runs
stage2/long_context_v2_experiments/results/D_phase0.25/cv/fold2_seed0/metrics.json,2026-09-25T05:18:52.023143+00:00,70,0.6937185395249911,0.5857142857142857,0.7,0.9142857142857143,0.7105045492142266,saved per-run metrics; empty fields indicate another schema; may include full-data/in-sample runs
stage2/long_context_v2_experiments/results/D_phase0.25/cv/fold3_seed0/metrics.json,2026-09-25T05:19:32.614396+00:00,70,0.7072525774663933,0.5285714285714286,0.8142857142857143,0.9424342105263157,0.6392496392496392,saved per-run metrics; empty fields indicate another schema; may include full-data/in-sample runs
stage2/long_context_v2_experiments/results/D_phase0.25/cv/fold4_seed0/metrics.json,2026-09-25T05:19:30.200878+00:00,69,0.6789974695192086,0.6231884057971014,0.6376811594202898,0.8685714285714285,0.7160493827160493,saved per-run metrics; empty fields indicate another schema; may include full-data/in-sample runs
stage2/long_context_v2_experiments/results/D_phase0.25/seed0/metrics.json,2026-09-25T05:18:15.605878+00:00,70,0.7465406897024542,0.6571428571428571,0.7857142857142857,0.8856209150326797,0.7246503496503496,saved per-run metrics; empty fields indicate another schema; may include full-data/in-sample runs
stage2/long_context_v2_experiments/results/D_phase0.25/seed1/metrics.json,2026-09-25T05:18:25.888212+00:00,70,0.7075483209048596,0.6,0.7571428571428571,0.8994871794871795,0.6508349598785512,saved per-run metrics; empty fields indicate another schema; may include full-data/in-sample runs
stage2/long_context_v2_experiments/results/D_phase0.25/seed2/metrics.json,2026-09-25T05:17:45.355057+00:00,70,0.6817809028081532,0.5428571428571428,0.7428571428571429,0.8428250663400694,0.7023809523809523,saved per-run metrics; empty fields indicate another schema; may include full-data/in-sample runs
stage2/long_context_v2_experiments/results/D_phase0.5/cv/fold0_seed0/metrics.json,2026-09-25T05:21:10.165313+00:00,70,0.7322301887709903,0.6,0.8142857142857143,0.8999795876709533,0.6815550041356493,saved per-run metrics; empty fields indicate another schema; may include full-data/in-sample runs
stage2/long_context_v2_experiments/results/D_phase0.5/cv/fold1_seed0/metrics.json,2026-09-25T05:21:36.311607+00:00,70,0.6881021639425,0.5857142857142857,0.7,0.8856209150326797,0.7017268445839875,saved per-run metrics; empty fields indicate another schema; may include full-data/in-sample runs
stage2/long_context_v2_experiments/results/D_phase0.5/cv/fold2_seed0/metrics.json,2026-09-25T05:22:15.434850+00:00,70,0.6732835272504593,0.6,0.6571428571428571,0.9285568483363952,0.6266666666666667,saved per-run metrics; empty fields indicate another schema; may include full-data/in-sample runs
stage2/long_context_v2_experiments/results/D_phase0.5/cv/fold3_seed0/metrics.json,2026-09-25T05:21:50.774906+00:00,70,0.6763274080844769,0.5285714285714286,0.7857142857142857,0.7853199754651401,0.6568627450980392,saved per-run metrics; empty fields indicate another schema; may include full-data/in-sample runs
stage2/long_context_v2_experiments/results/D_phase0.5/cv/fold4_seed0/metrics.json,2026-09-25T05:21:57.964391+00:00,69,0.6955708783848883,0.6376811594202898,0.7391304347826086,0.8242784380305602,0.6003003647285989,saved per-run metrics; empty fields indicate another schema; may include full-data/in-sample runs
stage2/long_context_v2_experiments/results/D_phase0.5/seed0/metrics.json,2026-09-25T05:20:24.711875+00:00,70,0.7042682180036742,0.6142857142857143,0.7857142857142857,0.8428250663400694,0.5856297203510921,saved per-run metrics; empty fields indicate another schema; may include full-data/in-sample runs
stage2/long_context_v2_experiments/results/D_phase0.5/seed1/metrics.json,2026-09-25T05:21:01.617353+00:00,70,0.681661623102301,0.5571428571428572,0.7142857142857143,0.8853398853398853,0.692404268675455,saved per-run metrics; empty fields indicate another schema; may include full-data/in-sample runs
stage2/long_context_v2_experiments/results/D_phase0.5/seed2/metrics.json,2026-09-25T05:20:46.734993+00:00,70,0.7006913674560733,0.5571428571428572,0.7714285714285715,0.8857142857142857,0.6855614973262032,saved per-run metrics; empty fields indicate another schema; may include full-data/in-sample runs
stage2/long_context_v2_experiments/results/E_pair5_C0_avg/seed0/metrics.json,2026-09-25T05:19:19.284218+00:00,70,0.6913881461675578,0.5428571428571428,0.7714285714285715,0.8570261437908497,0.6855614973262032,saved per-run metrics; empty fields indicate another schema; may include full-data/in-sample runs
stage2/long_context_v2_experiments/results/E_pairS_C0_avg/seed0/metrics.json,2026-09-25T05:18:55.321453+00:00,70,0.6963881461675578,0.5428571428571428,0.7857142857142857,0.8570261437908497,0.6855614973262032,saved per-run metrics; empty fields indicate another schema; may include full-data/in-sample runs
stage2/long_context_v2_experiments/results/E_pair_C0_avg/seed0/metrics.json,2026-09-25T05:18:20.079991+00:00,70,0.6763881461675579,0.5285714285714286,0.7428571428571429,0.8570261437908497,0.6855614973262032,saved per-run metrics; empty fields indicate another schema; may include full-data/in-sample runs
stage2/long_context_v2_experiments/results/F1_ssm/cv/fold0_seed0/metrics.json,2026-09-25T06:08:34.843087+00:00,70,0.6946089607849476,0.5571428571428572,0.7428571428571429,0.914004914004914,0.6833881578947368,saved per-run metrics; empty fields indicate another schema; may include full-data/in-sample runs
stage2/long_context_v2_experiments/results/F1_ssm/cv/fold1_seed0/metrics.json,2026-09-25T06:10:15.431244+00:00,70,0.6882197083483996,0.5714285714285714,0.7142857142857143,0.9284399918217133,0.6596913971676178,saved per-run metrics; empty fields indicate another schema; may include full-data/in-sample runs
stage2/long_context_v2_experiments/results/F1_ssm/cv/fold2_seed0/metrics.json,2026-09-25T06:09:58.596747+00:00,70,0.6599479185427998,0.5142857142857142,0.7285714285714285,0.8999795876709533,0.5996732026143792,saved per-run metrics; empty fields indicate another schema; may include full-data/in-sample runs
stage2/long_context_v2_experiments/results/F1_ssm/cv/fold3_seed0/metrics.json,2026-09-25T06:10:57.372305+00:00,70,0.6902115510034684,0.5571428571428572,0.7285714285714285,0.8692674828802656,0.7321428571428572,saved per-run metrics; empty fields indicate another schema; may include full-data/in-sample runs
stage2/long_context_v2_experiments/results/F1_ssm/cv/fold4_seed0/metrics.json,2026-09-25T06:10:51.741074+00:00,69,0.6885830568102241,0.6376811594202898,0.7101449275362319,0.8535653650254669,0.5920608108108107,saved per-run metrics; empty fields indicate another schema; may include full-data/in-sample runs
stage2/long_context_v2_experiments/results/F1_ssm/seed0/metrics.json,2026-09-25T06:09:59.798664+00:00,70,0.7403053257737706,0.6571428571428571,0.7857142857142857,0.8571428571428571,0.7115593146822815,saved per-run metrics; empty fields indicate another schema; may include full-data/in-sample runs
stage2/long_context_v2_experiments/results/F1_ssm/seed1/metrics.json,2026-09-25T06:09:43.827210+00:00,70,0.6945709893521449,0.5714285714285714,0.7428571428571429,0.8714023270055113,0.692404268675455,saved per-run metrics; empty fields indicate another schema; may include full-data/in-sample runs
stage2/long_context_v2_experiments/results/F1_ssm/seed2/metrics.json,2026-09-25T06:08:43.022800+00:00,70,0.695491200192287,0.6,0.7285714285714285,0.8853398853398853,0.651268115942029,saved per-run metrics; empty fields indicate another schema; may include full-data/in-sample runs
stage2/long_context_v2_experiments/results/F2_local_attn/cv/fold0_seed0/metrics.json,2026-09-25T06:12:47.849468+00:00,70,0.7090807898909514,0.6142857142857143,0.7285714285714285,0.8998159885503987,0.6940559440559441,saved per-run metrics; empty fields indicate another schema; may include full-data/in-sample runs
stage2/long_context_v2_experiments/results/F2_local_attn/cv/fold1_seed0/metrics.json,2026-09-25T06:13:07.021733+00:00,70,0.7070973240744618,0.6142857142857143,0.7,0.9284399918217133,0.7188755020080322,saved per-run metrics; empty fields indicate another schema; may include full-data/in-sample runs
stage2/long_context_v2_experiments/results/F2_local_attn/cv/fold2_seed0/metrics.json,2026-09-25T06:13:04.627807+00:00,70,0.7012039312039312,0.6428571428571429,0.7,0.914004914004914,0.6273546273546273,saved per-run metrics; empty fields indicate another schema; may include full-data/in-sample runs
stage2/long_context_v2_experiments/results/F2_local_attn/cv/fold3_seed0/metrics.json,2026-09-25T06:14:21.550862+00:00,70,0.7321366093268977,0.6142857142857143,0.7571428571428571,0.9278499278499278,0.7530608009960573,saved per-run metrics; empty fields indicate another schema; may include full-data/in-sample runs
stage2/long_context_v2_experiments/results/F2_local_attn/cv/fold4_seed0/metrics.json,2026-09-25T06:14:01.975405+00:00,69,0.6891103271151895,0.6811594202898551,0.6666666666666666,0.8404456590287996,0.6086956521739131,saved per-run metrics; empty fields indicate another schema; may include full-data/in-sample runs
stage2/long_context_v2_experiments/results/F2_local_attn/seed0/metrics.json,2026-09-25T06:12:48.964912+00:00,70,0.7124897520242914,0.6142857142857143,0.7428571428571429,0.8560855263157895,0.7271794871794872,saved per-run metrics; empty fields indicate another schema; may include full-data/in-sample runs
stage2/long_context_v2_experiments/results/F2_local_attn/seed1/metrics.json,2026-09-25T06:12:52.537492+00:00,70,0.7264906417112299,0.6285714285714286,0.8,0.9142156862745098,0.5957219251336898,saved per-run metrics; empty fields indicate another schema; may include full-data/in-sample runs
stage2/long_context_v2_experiments/results/F2_local_attn/seed2/metrics.json,2026-09-25T06:13:25.276248+00:00,70,0.6926161315953299,0.5714285714285714,0.7428571428571429,0.8848684210526316,0.665905789582901,saved per-run metrics; empty fields indicate another schema; may include full-data/in-sample runs
stage2/long_context_v2_experiments/results/G_refine_C0_avg_W32/seed0/metrics.json,2026-09-25T05:25:00.790184+00:00,70,0.6513881461675578,0.5,0.7,0.8570261437908497,0.6855614973262032,saved per-run metrics; empty fields indicate another schema; may include full-data/in-sample runs
stage2/long_context_v2_experiments/results/M_motion/cv/fold0_seed0/metrics.json,2026-09-25T06:29:19.629751+00:00,70,0.7467787114845937,0.6142857142857143,0.8142857142857143,0.9428104575163399,0.7023809523809523,saved per-run metrics; empty fields indicate another schema; may include full-data/in-sample runs
stage2/long_context_v2_experiments/results/M_motion/cv/fold0_seed1/metrics.json,2026-09-25T06:31:03.776185+00:00,70,0.7405644877568252,0.6428571428571429,0.8,0.8848684210526316,0.6855614973262032,saved per-run metrics; empty fields indicate another schema; may include full-data/in-sample runs
stage2/long_context_v2_experiments/results/M_motion/cv/fold1_seed0/metrics.json,2026-09-25T06:30:03.695696+00:00,70,0.6781337946301383,0.5428571428571428,0.7285714285714285,0.9285568483363952,0.625668449197861,saved per-run metrics; empty fields indicate another schema; may include full-data/in-sample runs
stage2/long_context_v2_experiments/results/M_motion/cv/fold1_seed1/metrics.json,2026-09-25T06:32:24.869037+00:00,70,0.7394690603514132,0.6285714285714286,0.7857142857142857,0.9142857142857143,0.7155080213903744,saved per-run metrics; empty fields indicate another schema; may include full-data/in-sample runs
stage2/long_context_v2_experiments/results/M_motion/cv/fold2_seed0/metrics.json,2026-09-25T06:30:09.024988+00:00,70,0.7098315198315198,0.5571428571428572,0.7857142857142857,0.9428571428571428,0.6560196560196561,saved per-run metrics; empty fields indicate another schema; may include full-data/in-sample runs
stage2/long_context_v2_experiments/results/M_motion/cv/fold2_seed1/metrics.json,2026-09-25T06:32:22.768905+00:00,70,0.6848329777999097,0.6,0.6714285714285714,0.9285568483363952,0.6703296703296704,saved per-run metrics; empty fields indicate another schema; may include full-data/in-sample runs
stage2/long_context_v2_experiments/results/M_motion/cv/fold3_seed0/metrics.json,2026-09-25T06:30:42.465817+00:00,70,0.7344685314685315,0.6,0.8142857142857143,0.8994871794871795,0.696969696969697,saved per-run metrics; empty fields indicate another schema; may include full-data/in-sample runs
stage2/long_context_v2_experiments/results/M_motion/cv/fold3_seed1/metrics.json,2026-09-25T06:32:23.582703+00:00,70,0.7395185996798899,0.6285714285714286,0.7571428571428571,0.9421009098428452,0.7546897546897546,saved per-run metrics; empty fields indicate another schema; may include full-data/in-sample runs
stage2/long_context_v2_experiments/results/M_motion/cv/fold4_seed0/metrics.json,2026-09-25T06:31:16.708074+00:00,69,0.7032077090677633,0.6086956521739131,0.7536231884057971,0.8543074324324325,0.655,saved per-run metrics; empty fields indicate another schema; may include full-data/in-sample runs
stage2/long_context_v2_experiments/results/M_motion/cv/fold4_seed1/metrics.json,2026-09-25T06:32:53.423988+00:00,69,0.695565057861532,0.6231884057971014,0.7246376811594203,0.8828522920203735,0.6093205574912892,saved per-run metrics; empty fields indicate another schema; may include full-data/in-sample runs
stage2/long_context_v2_experiments/results/M_motion/seed0/metrics.json,2026-09-25T06:28:22.667840+00:00,70,0.7249056995535869,0.6428571428571429,0.7857142857142857,0.828009828009828,0.6713615023474178,saved per-run metrics; empty fields indicate another schema; may include full-data/in-sample runs
stage2/long_context_v2_experiments/results/M_motion/seed1/metrics.json,2026-09-25T06:29:44.272184+00:00,70,0.7262978249796435,0.6285714285714286,0.7714285714285715,0.9285568483363952,0.6467619848612278,saved per-run metrics; empty fields indicate another schema; may include full-data/in-sample runs
stage2/long_context_v2_experiments/results/M_motion/seed2/metrics.json,2026-09-25T06:29:19.571639+00:00,70,0.7029073718613821,0.5857142857142857,0.7714285714285715,0.8402158124092136,0.6791666666666667,saved per-run metrics; empty fields indicate another schema; may include full-data/in-sample runs
stage2/long_context_v2_experiments/results/NT_newtargets/cv/fold0_seed0/metrics.json,2026-09-25T06:54:58.484679+00:00,70,0.7339506477257857,0.6142857142857143,0.8142857142857143,0.8999795876709533,0.6596913971676178,saved per-run metrics; empty fields indicate another schema; may include full-data/in-sample runs
stage2/long_context_v2_experiments/results/NT_newtargets/cv/fold0_seed1/metrics.json,2026-09-25T06:56:14.995786+00:00,70,0.6902384868421052,0.5,0.8,0.8848684210526316,0.6833881578947368,saved per-run metrics; empty fields indicate another schema; may include full-data/in-sample runs
stage2/long_context_v2_experiments/results/NT_newtargets/cv/fold1_seed0/metrics.json,2026-09-25T06:54:59.425122+00:00,70,0.6924476673706838,0.5571428571428572,0.7428571428571429,0.957134109001837,0.6258503401360545,saved per-run metrics; empty fields indicate another schema; may include full-data/in-sample runs
stage2/long_context_v2_experiments/results/NT_newtargets/cv/fold1_seed1/metrics.json,2026-09-25T06:56:57.877085+00:00,70,0.6463934161279001,0.5,0.6714285714285714,0.8998159885503987,0.6761401189689359,saved per-run metrics; empty fields indicate another schema; may include full-data/in-sample runs
stage2/long_context_v2_experiments/results/NT_newtargets/cv/fold2_seed0/metrics.json,2026-09-25T06:55:31.558752+00:00,70,0.6452878289473684,0.5142857142857142,0.6714285714285714,0.8560855263157895,0.6791666666666667,saved per-run metrics; empty fields indicate another schema; may include full-data/in-sample runs
stage2/long_context_v2_experiments/results/NT_newtargets/cv/fold2_seed1/metrics.json,2026-09-25T06:57:29.218085+00:00,70,0.650621938150643,0.5,0.6571428571428571,0.8999795876709533,0.7375,saved per-run metrics; empty fields indicate another schema; may include full-data/in-sample runs
stage2/long_context_v2_experiments/results/NT_newtargets/cv/fold3_seed0/metrics.json,2026-09-25T06:56:03.819274+00:00,70,0.7555587554845198,0.6571428571428571,0.8,0.9421009098428452,0.6949574600539531,saved per-run metrics; empty fields indicate another schema; may include full-data/in-sample runs
stage2/long_context_v2_experiments/results/NT_newtargets/cv/fold3_seed1/metrics.json,2026-09-25T06:57:29.463235+00:00,70,0.7351894209846321,0.5857142857142857,0.7857142857142857,0.9424342105263157,0.7588285960378984,saved per-run metrics; empty fields indicate another schema; may include full-data/in-sample runs
stage2/long_context_v2_experiments/results/NT_newtargets/cv/fold4_seed0/metrics.json,2026-09-25T06:56:06.023964+00:00,69,0.7138463427151328,0.6811594202898551,0.6956521739130435,0.8685714285714285,0.6778438030560272,saved per-run metrics; empty fields indicate another schema; may include full-data/in-sample runs
stage2/long_context_v2_experiments/results/NT_newtargets/cv/fold4_seed1/metrics.json,2026-09-25T06:57:35.867188+00:00,69,0.6828402641013986,0.5652173913043478,0.7391304347826086,0.8393650793650793,0.6694250871080138,saved per-run metrics; empty fields indicate another schema; may include full-data/in-sample runs
stage2/long_context_v2_experiments/results/NT_newtargets/seed0/metrics.json,2026-09-25T06:53:52.440807+00:00,70,0.7018961675579323,0.6,0.7571428571428571,0.8570261437908497,0.655614973262032,saved per-run metrics; empty fields indicate another schema; may include full-data/in-sample runs
stage2/long_context_v2_experiments/results/NT_newtargets/seed1/metrics.json,2026-09-25T06:53:57.794569+00:00,70,0.715255964838241,0.5571428571428572,0.8,0.8999795876709533,0.7017268445839875,saved per-run metrics; empty fields indicate another schema; may include full-data/in-sample runs
stage2/long_context_v2_experiments/results/NT_newtargets/seed2/metrics.json,2026-09-25T06:54:18.657394+00:00,70,0.7033155943612506,0.5714285714285714,0.7571428571428571,0.8994871794871795,0.689283449587825,saved per-run metrics; empty fields indicate another schema; may include full-data/in-sample runs
stage2/long_context_v2_experiments/results/NT_newtargets/seed3/metrics.json,2026-09-25T06:54:48.505847+00:00,70,0.7060674919079695,0.5857142857142857,0.7571428571428571,0.8714023270055113,0.7023809523809523,saved per-run metrics; empty fields indicate another schema; may include full-data/in-sample runs
stage2/long_context_v2_experiments/results/PH_phase/cv/fold0_seed0/metrics.json,2026-09-25T07:00:25.317303+00:00,70,0.7149141329983223,0.5857142857142857,0.7714285714285715,0.8999795876709533,0.699447965651196,saved per-run metrics; empty fields indicate another schema; may include full-data/in-sample runs
stage2/long_context_v2_experiments/results/PH_phase/cv/fold0_seed1/metrics.json,2026-09-25T07:02:53.465192+00:00,70,0.7038575784519612,0.5857142857142857,0.7428571428571429,0.8999795876709533,0.692404268675455,saved per-run metrics; empty fields indicate another schema; may include full-data/in-sample runs
stage2/long_context_v2_experiments/results/PH_phase/cv/fold1_seed0/metrics.json,2026-09-25T07:00:30.949582+00:00,70,0.7060174244528015,0.6285714285714286,0.6857142857142857,0.9285568483363952,0.7115593146822815,saved per-run metrics; empty fields indicate another schema; may include full-data/in-sample runs
stage2/long_context_v2_experiments/results/PH_phase/cv/fold1_seed1/metrics.json,2026-09-25T07:02:51.211676+00:00,70,0.710091473090585,0.6142857142857143,0.7,0.9142156862745098,0.7530608009960573,saved per-run metrics; empty fields indicate another schema; may include full-data/in-sample runs
stage2/long_context_v2_experiments/results/PH_phase/cv/fold2_seed0/metrics.json,2026-09-25T07:01:32.117558+00:00,70,0.6762089331856773,0.5857142857142857,0.6428571428571429,0.9428571428571428,0.698535745047373,saved per-run metrics; empty fields indicate another schema; may include full-data/in-sample runs
stage2/long_context_v2_experiments/results/PH_phase/cv/fold2_seed1/metrics.json,2026-09-25T07:02:47.899725+00:00,70,0.6407928498843015,0.5,0.6285714285714286,0.957063995093028,0.6815550041356493,saved per-run metrics; empty fields indicate another schema; may include full-data/in-sample runs
stage2/long_context_v2_experiments/results/PH_phase/cv/fold3_seed0/metrics.json,2026-09-25T07:01:38.388565+00:00,70,0.6609727047146401,0.5142857142857142,0.7142857142857143,0.913151364764268,0.6266666666666667,saved per-run metrics; empty fields indicate another schema; may include full-data/in-sample runs
stage2/long_context_v2_experiments/results/PH_phase/cv/fold3_seed1/metrics.json,2026-09-25T07:03:43.421617+00:00,70,0.6700062709355141,0.5142857142857142,0.7285714285714285,0.8983191533513177,0.6683893195521102,saved per-run metrics; empty fields indicate another schema; may include full-data/in-sample runs
stage2/long_context_v2_experiments/results/PH_phase/cv/fold4_seed0/metrics.json,2026-09-25T07:01:42.856299+00:00,69,0.6846547923517231,0.6666666666666666,0.6376811594202898,0.8977777777777778,0.623109243697479,saved per-run metrics; empty fields indicate another schema; may include full-data/in-sample runs
stage2/long_context_v2_experiments/results/PH_phase/cv/fold4_seed1/metrics.json,2026-09-25T07:03:36.519269+00:00,69,0.6868746579027873,0.6376811594202898,0.6811594202898551,0.8691253951527924,0.6327443048754524,saved per-run metrics; empty fields indicate another schema; may include full-data/in-sample runs
stage2/long_context_v2_experiments/results/PH_phase/seed0/metrics.json,2026-09-25T06:59:24.057180+00:00,70,0.7365238095238094,0.6571428571428571,0.7857142857142857,0.8857142857142857,0.6577777777777778,saved per-run metrics; empty fields indicate another schema; may include full-data/in-sample runs
stage2/long_context_v2_experiments/results/PH_phase/seed1/metrics.json,2026-09-25T06:58:52.579399+00:00,70,0.7490738612275659,0.6285714285714286,0.8142857142857143,0.8999795876709533,0.7271794871794872,saved per-run metrics; empty fields indicate another schema; may include full-data/in-sample runs
stage2/long_context_v2_experiments/results/PH_phase/seed2/metrics.json,2026-09-25T06:59:23.954775+00:00,70,0.7437499428185697,0.6571428571428571,0.7857142857142857,0.9285568483363952,0.6631094371207366,saved per-run metrics; empty fields indicate another schema; may include full-data/in-sample runs
stage2/long_context_v2_experiments/results/PH_phase/seed3/metrics.json,2026-09-25T07:00:04.480144+00:00,70,0.7326871555419473,0.6571428571428571,0.7714285714285715,0.8999795876709533,0.651268115942029,saved per-run metrics; empty fields indicate another schema; may include full-data/in-sample runs
stage2/long_context_v2_experiments/results/PH_phase_msrefine/cv/fold0_seed0/metrics.json,2026-09-25T07:06:13.292773+00:00,70,0.6476123680241327,0.4857142857142857,0.6857142857142857,0.8856209150326797,0.6984615384615385,saved per-run metrics; empty fields indicate another schema; may include full-data/in-sample runs
stage2/long_context_v2_experiments/results/PH_phase_msrefine/cv/fold0_seed1/metrics.json,2026-09-25T07:09:16.594546+00:00,70,0.6358095238095238,0.5285714285714286,0.6142857142857143,0.9142857142857143,0.6577777777777778,saved per-run metrics; empty fields indicate another schema; may include full-data/in-sample runs
stage2/long_context_v2_experiments/results/PH_phase_msrefine/cv/fold1_seed0/metrics.json,2026-09-25T07:07:00.161549+00:00,70,0.6861047699146942,0.5714285714285714,0.6571428571428571,0.9428571428571428,0.7645079899074854,saved per-run metrics; empty fields indicate another schema; may include full-data/in-sample runs
stage2/long_context_v2_experiments/results/PH_phase_msrefine/cv/fold1_seed1/metrics.json,2026-09-25T07:09:48.086640+00:00,70,0.65811768876285,0.5857142857142857,0.5857142857142857,0.8857142857142857,0.7684036393713813,saved per-run metrics; empty fields indicate another schema; may include full-data/in-sample runs
stage2/long_context_v2_experiments/results/PH_phase_msrefine/cv/fold2_seed0/metrics.json,2026-09-25T07:08:06.592393+00:00,70,0.6890530303030302,0.6571428571428571,0.6142857142857143,0.9714052287581699,0.655614973262032,saved per-run metrics; empty fields indicate another schema; may include full-data/in-sample runs
stage2/long_context_v2_experiments/results/PH_phase_msrefine/cv/fold2_seed1/metrics.json,2026-09-25T07:10:22.865538+00:00,70,0.6616620879120878,0.5142857142857142,0.7,0.9142857142857143,0.6634615384615384,saved per-run metrics; empty fields indicate another schema; may include full-data/in-sample runs
stage2/long_context_v2_experiments/results/PH_phase_msrefine/cv/fold3_seed0/metrics.json,2026-09-25T07:08:10.146669+00:00,70,0.7026114341085271,0.6142857142857143,0.7285714285714285,0.9125000000000001,0.6382428940568475,saved per-run metrics; empty fields indicate another schema; may include full-data/in-sample runs
stage2/long_context_v2_experiments/results/PH_phase_msrefine/cv/fold3_seed1/metrics.json,2026-09-25T07:11:01.068947+00:00,70,0.7299665011576981,0.6,0.7714285714285715,0.9424342105263157,0.7240091305250052,saved per-run metrics; empty fields indicate another schema; may include full-data/in-sample runs
stage2/long_context_v2_experiments/results/PH_phase_msrefine/cv/fold4_seed0/metrics.json,2026-09-25T07:08:45.997119+00:00,69,0.6980138630526491,0.6376811594202898,0.7101449275362319,0.8691253951527924,0.6393728222996515,saved per-run metrics; empty fields indicate another schema; may include full-data/in-sample runs
stage2/long_context_v2_experiments/results/PH_phase_msrefine/cv/fold4_seed1/metrics.json,2026-09-25T07:11:06.042616+00:00,69,0.6389029298976525,0.5217391304347826,0.6231884057971014,0.8691253951527924,0.7187298862904956,saved per-run metrics; empty fields indicate another schema; may include full-data/in-sample runs
stage2/long_context_v2_experiments/results/PH_phase_msrefine/seed0/metrics.json,2026-09-25T07:05:40.041566+00:00,70,0.6954979975346969,0.6142857142857143,0.7142857142857143,0.9285568483363952,0.6080964685615848,saved per-run metrics; empty fields indicate another schema; may include full-data/in-sample runs
stage2/long_context_v2_experiments/results/PH_phase_msrefine/seed1/metrics.json,2026-09-25T07:04:37.920175+00:00,70,0.6725337782486646,0.5857142857142857,0.6857142857142857,0.8701298701298701,0.6467619848612278,saved per-run metrics; empty fields indicate another schema; may include full-data/in-sample runs
stage2/long_context_v2_experiments/results/PH_phase_msrefine/seed2/metrics.json,2026-09-25T07:04:43.829582+00:00,70,0.7036636048173096,0.6571428571428571,0.6857142857142857,0.8999795876709533,0.6577777777777778,saved per-run metrics; empty fields indicate another schema; may include full-data/in-sample runs
stage2/long_context_v2_experiments/results/PH_phase_msrefine/seed3/metrics.json,2026-09-25T07:06:15.502252+00:00,70,0.709651590973468,0.6,0.7714285714285715,0.8857142857142857,0.6452963207755013,saved per-run metrics; empty fields indicate another schema; may include full-data/in-sample runs
stage2/long_context_v2_experiments/results/X_crop0.5/cv/fold0_seed0/metrics.json,2026-09-25T05:28:34.718838+00:00,70,0.7042167541941353,0.6,0.7285714285714285,0.8707692307692307,0.7240091305250052,saved per-run metrics; empty fields indicate another schema; may include full-data/in-sample runs
stage2/long_context_v2_experiments/results/X_crop0.5/cv/fold0_seed1/metrics.json,2026-09-25T06:00:26.544548+00:00,70,0.7239580108359133,0.5571428571428572,0.8142857142857143,0.9142156862745098,0.712171052631579,saved per-run metrics; empty fields indicate another schema; may include full-data/in-sample runs
stage2/long_context_v2_experiments/results/X_crop0.5/cv/fold1_seed0/metrics.json,2026-09-25T05:28:54.040329+00:00,70,0.7226760446886331,0.6285714285714286,0.7428571428571429,0.9285568483363952,0.689283449587825,saved per-run metrics; empty fields indicate another schema; may include full-data/in-sample runs
stage2/long_context_v2_experiments/results/X_crop0.5/cv/fold1_seed1/metrics.json,2026-09-25T06:00:33.038237+00:00,70,0.6678117400806477,0.5285714285714286,0.6857142857142857,0.8856209150326797,0.7331240188383046,saved per-run metrics; empty fields indicate another schema; may include full-data/in-sample runs
stage2/long_context_v2_experiments/results/X_crop0.5/cv/fold2_seed0/metrics.json,2026-09-25T05:29:05.078010+00:00,70,0.7110252173470945,0.6571428571428571,0.7,0.9282051282051282,0.6452963207755013,saved per-run metrics; empty fields indicate another schema; may include full-data/in-sample runs
stage2/long_context_v2_experiments/results/X_crop0.5/cv/fold2_seed1/metrics.json,2026-09-25T05:39:34.409449+00:00,70,0.6571648165379529,0.5571428571428572,0.6714285714285714,0.8999795876709533,0.6144525225820665,saved per-run metrics; empty fields indicate another schema; may include full-data/in-sample runs
stage2/long_context_v2_experiments/results/X_crop0.5/cv/fold3_seed0/metrics.json,2026-09-25T05:29:25.123467+00:00,70,0.6994865235942005,0.6,0.7714285714285715,0.897468089558485,0.5657754010695187,saved per-run metrics; empty fields indicate another schema; may include full-data/in-sample runs
stage2/long_context_v2_experiments/results/X_crop0.5/cv/fold3_seed1/metrics.json,2026-09-25T06:00:14.790242+00:00,70,0.6924737288302676,0.5285714285714286,0.7857142857142857,0.898989898989899,0.6508349598785512,saved per-run metrics; empty fields indicate another schema; may include full-data/in-sample runs
stage2/long_context_v2_experiments/results/X_crop0.5/cv/fold4_seed0/metrics.json,2026-09-25T05:29:38.174754+00:00,69,0.6388549613473657,0.5072463768115942,0.6666666666666666,0.8977777777777778,0.6221248630887185,saved per-run metrics; empty fields indicate another schema; may include full-data/in-sample runs
stage2/long_context_v2_experiments/results/X_crop0.5/cv/fold4_seed1/metrics.json,2026-09-25T05:39:33.118165+00:00,69,0.7057245111742616,0.6666666666666666,0.6811594202898551,0.8977777777777778,0.6621247604854162,saved per-run metrics; empty fields indicate another schema; may include full-data/in-sample runs
stage2/long_context_v2_experiments/results/X_crop0.5/seed0/metrics.json,2026-09-25T05:28:45.790931+00:00,70,0.7397928237491302,0.6571428571428571,0.8285714285714286,0.8284313725490196,0.6368541191118489,saved per-run metrics; empty fields indicate another schema; may include full-data/in-sample runs
stage2/long_context_v2_experiments/results/X_crop0.5/seed1/metrics.json,2026-09-25T05:28:41.333591+00:00,70,0.7579810796980118,0.6571428571428571,0.8,0.9285568483363952,0.7246503496503496,saved per-run metrics; empty fields indicate another schema; may include full-data/in-sample runs
stage2/long_context_v2_experiments/results/X_crop0.5/seed2/metrics.json,2026-09-25T05:27:52.898422+00:00,70,0.7072931950587982,0.6,0.8,0.7973531844499586,0.651268115942029,saved per-run metrics; empty fields indicate another schema; may include full-data/in-sample runs
stage2/long_context_v2_experiments/results/X_crop0.5/seed3/metrics.json,2026-09-25T06:00:36.506444+00:00,70,0.7364211355087044,0.6571428571428571,0.7428571428571429,0.8857142857142857,0.7570932843437437,saved per-run metrics; empty fields indicate another schema; may include full-data/in-sample runs
stage2/long_context_v2_experiments/results/X_crop0.5_ema/cv/fold0_seed0/metrics.json,2026-09-25T05:35:12.246265+00:00,70,0.7162469381506429,0.5714285714285714,0.7857142857142857,0.8999795876709533,0.7083333333333333,saved per-run metrics; empty fields indicate another schema; may include full-data/in-sample runs
stage2/long_context_v2_experiments/results/X_crop0.5_ema/cv/fold0_seed1/metrics.json,2026-09-25T06:05:04.261563+00:00,70,0.7312113007356988,0.5857142857142857,0.8,0.8994871794871795,0.7419214920841466,saved per-run metrics; empty fields indicate another schema; may include full-data/in-sample runs
stage2/long_context_v2_experiments/results/X_crop0.5_ema/cv/fold1_seed0/metrics.json,2026-09-25T05:34:50.906835+00:00,70,0.6717308353529852,0.5714285714285714,0.6571428571428571,0.8999795876709533,0.7115593146822815,saved per-run metrics; empty fields indicate another schema; may include full-data/in-sample runs
stage2/long_context_v2_experiments/results/X_crop0.5_ema/cv/fold1_seed1/metrics.json,2026-09-25T06:05:07.878372+00:00,70,0.6991861716437987,0.6,0.6714285714285714,0.9142857142857143,0.7802887633396107,saved per-run metrics; empty fields indicate another schema; may include full-data/in-sample runs
stage2/long_context_v2_experiments/results/X_crop0.5_ema/cv/fold2_seed0/metrics.json,2026-09-25T05:35:39.822823+00:00,70,0.694587912087912,0.5857142857142857,0.7,0.9282051282051282,0.7023809523809523,saved per-run metrics; empty fields indicate another schema; may include full-data/in-sample runs
stage2/long_context_v2_experiments/results/X_crop0.5_ema/cv/fold2_seed1/metrics.json,2026-09-25T06:04:58.336129+00:00,70,0.7014451827242524,0.5428571428571428,0.7571428571428571,0.9142857142857143,0.7286821705426356,saved per-run metrics; empty fields indicate another schema; may include full-data/in-sample runs
stage2/long_context_v2_experiments/results/X_crop0.5_ema/cv/fold3_seed0/metrics.json,2026-09-25T05:36:15.453340+00:00,70,0.7062586205957164,0.5571428571428572,0.8,0.896427816529275,0.6452963207755013,saved per-run metrics; empty fields indicate another schema; may include full-data/in-sample runs
stage2/long_context_v2_experiments/results/X_crop0.5_ema/cv/fold3_seed1/metrics.json,2026-09-25T06:04:52.380815+00:00,70,0.6868338815789473,0.5714285714285714,0.7428571428571429,0.8560855263157895,0.656140350877193,saved per-run metrics; empty fields indicate another schema; may include full-data/in-sample runs
stage2/long_context_v2_experiments/results/X_crop0.5_ema/cv/fold4_seed0/metrics.json,2026-09-25T05:35:55.186235+00:00,69,0.6743819026152599,0.6086956521739131,0.6811594202898551,0.8691253951527924,0.6170921198668147,saved per-run metrics; empty fields indicate another schema; may include full-data/in-sample runs
stage2/long_context_v2_experiments/results/X_crop0.5_ema/cv/fold4_seed1/metrics.json,2026-09-25T06:04:45.075158+00:00,69,0.6621556555380854,0.5217391304347826,0.7246376811594203,0.8840336134453781,0.6221248630887185,saved per-run metrics; empty fields indicate another schema; may include full-data/in-sample runs
stage2/long_context_v2_experiments/results/X_crop0.5_ema/seed0/metrics.json,2026-09-25T05:34:46.374013+00:00,70,0.7188298265042451,0.6571428571428571,0.7428571428571429,0.8571428571428571,0.6683893195521102,saved per-run metrics; empty fields indicate another schema; may include full-data/in-sample runs
stage2/long_context_v2_experiments/results/X_crop0.5_ema/seed1/metrics.json,2026-09-25T05:35:52.138796+00:00,70,0.7740638890075651,0.6714285714285714,0.8428571428571429,0.9285568483363952,0.698535745047373,saved per-run metrics; empty fields indicate another schema; may include full-data/in-sample runs
stage2/long_context_v2_experiments/results/X_crop0.5_ema/seed2/metrics.json,2026-09-25T05:34:42.299556+00:00,70,0.7173548606321426,0.6285714285714286,0.7571428571428571,0.8853398853398853,0.6636925188743994,saved per-run metrics; empty fields indicate another schema; may include full-data/in-sample runs
stage2/long_context_v2_experiments/results/X_crop0.5_ema/seed3/metrics.json,2026-09-25T06:05:04.694230+00:00,70,0.7492813473417453,0.7,0.7571428571428571,0.8994871794871795,0.6957218027911233,saved per-run metrics; empty fields indicate another schema; may include full-data/in-sample runs
stage2/long_context_v2_experiments/results/X_ema/cv/fold0_seed0/metrics.json,2026-09-25T05:31:50.994950+00:00,70,0.7279315184319683,0.5714285714285714,0.8,0.8998159885503987,0.7530608009960573,saved per-run metrics; empty fields indicate another schema; may include full-data/in-sample runs
stage2/long_context_v2_experiments/results/X_ema/cv/fold0_seed1/metrics.json,2026-09-25T06:02:22.361501+00:00,70,0.7206773618538324,0.5857142857142857,0.8,0.8856209150326797,0.6855614973262032,saved per-run metrics; empty fields indicate another schema; may include full-data/in-sample runs
stage2/long_context_v2_experiments/results/X_ema/cv/fold1_seed0/metrics.json,2026-09-25T05:32:14.023741+00:00,70,0.6896828007518796,0.5857142857142857,0.7,0.8857142857142857,0.712171052631579,saved per-run metrics; empty fields indicate another schema; may include full-data/in-sample runs
stage2/long_context_v2_experiments/results/X_ema/cv/fold1_seed1/metrics.json,2026-09-25T06:02:48.822183+00:00,70,0.6901287753581127,0.5857142857142857,0.6857142857142857,0.9285568483363952,0.7056349873843566,saved per-run metrics; empty fields indicate another schema; may include full-data/in-sample runs
stage2/long_context_v2_experiments/results/X_ema/cv/fold2_seed0/metrics.json,2026-09-25T05:31:28.132058+00:00,70,0.6938285142830921,0.5857142857142857,0.7,0.957134109001837,0.6683893195521102,saved per-run metrics; empty fields indicate another schema; may include full-data/in-sample runs
stage2/long_context_v2_experiments/results/X_ema/cv/fold2_seed1/metrics.json,2026-09-25T06:02:23.131843+00:00,70,0.6878724419316709,0.5571428571428572,0.6857142857142857,0.957134109001837,0.7286821705426356,saved per-run metrics; empty fields indicate another schema; may include full-data/in-sample runs
stage2/long_context_v2_experiments/results/X_ema/cv/fold3_seed0/metrics.json,2026-09-25T05:32:26.899770+00:00,70,0.7244358871103057,0.6,0.7857142857142857,0.9278499278499278,0.6683893195521102,saved per-run metrics; empty fields indicate another schema; may include full-data/in-sample runs
stage2/long_context_v2_experiments/results/X_ema/cv/fold3_seed1/metrics.json,2026-09-25T06:02:25.745756+00:00,70,0.7039270521447841,0.5285714285714286,0.7714285714285715,0.9273708238223698,0.7321428571428572,saved per-run metrics; empty fields indicate another schema; may include full-data/in-sample runs
stage2/long_context_v2_experiments/results/X_ema/cv/fold4_seed0/metrics.json,2026-09-25T05:32:34.276814+00:00,69,0.7126968619797936,0.6956521739130435,0.6666666666666666,0.8834459459459459,0.6891225059000214,saved per-run metrics; empty fields indicate another schema; may include full-data/in-sample runs
stage2/long_context_v2_experiments/results/X_ema/cv/fold4_seed1/metrics.json,2026-09-25T06:02:01.156090+00:00,69,0.6720038251780033,0.5652173913043478,0.6956521739130435,0.8685714285714285,0.6694250871080138,saved per-run metrics; empty fields indicate another schema; may include full-data/in-sample runs
stage2/long_context_v2_experiments/results/X_ema/seed0/metrics.json,2026-09-25T05:31:03.725004+00:00,70,0.7191139773423147,0.6285714285714286,0.7857142857142857,0.8428250663400694,0.651268115942029,saved per-run metrics; empty fields indicate another schema; may include full-data/in-sample runs
stage2/long_context_v2_experiments/results/X_ema/seed1/metrics.json,2026-09-25T05:31:50.274902+00:00,70,0.6964021712009786,0.5857142857142857,0.7285714285714285,0.8998159885503987,0.6761984861227923,saved per-run metrics; empty fields indicate another schema; may include full-data/in-sample runs
stage2/long_context_v2_experiments/results/X_ema/seed2/metrics.json,2026-09-25T05:31:13.770287+00:00,70,0.7115238095238094,0.6,0.7714285714285715,0.8857142857142857,0.6577777777777778,saved per-run metrics; empty fields indicate another schema; may include full-data/in-sample runs
stage2/long_context_v2_experiments/results/X_ema/seed3/metrics.json,2026-09-25T06:02:28.963527+00:00,70,0.6961272364237984,0.6,0.7428571428571429,0.8999795876709533,0.6075353218210361,saved per-run metrics; empty fields indicate another schema; may include full-data/in-sample runs
stage2/long_video_experiments/results/exact_s0/metrics.json,2026-09-23T14:17:47.642409+00:00,,,,,,,saved per-run metrics; empty fields indicate another schema; may include full-data/in-sample runs
stage2/long_video_experiments/results/mixed_s0/metrics.json,2026-09-23T14:25:12.240696+00:00,,,,,,,saved per-run metrics; empty fields indicate another schema; may include full-data/in-sample runs
stage2/nexar65_experiments/results/LN_exact/seed0/metrics.json,2026-09-25T06:17:18.584612+00:00,70,0.6796218487394957,0.5571428571428572,0.7285714285714285,0.8284313725490196,0.7023809523809523,saved per-run metrics; empty fields indicate another schema; may include full-data/in-sample runs
stage2/nexar65_experiments/results/LN_exact/seed1/metrics.json,2026-09-25T06:21:24.909618+00:00,70,0.6556070142461559,0.5142857142857142,0.7571428571428571,0.8999795876709533,0.5040671739700866,saved per-run metrics; empty fields indicate another schema; may include full-data/in-sample runs
stage2/nexar65_experiments/results/LN_exact/seed2/metrics.json,2026-09-25T06:23:06.546814+00:00,70,0.6505438760998484,0.4714285714285714,0.7571428571428571,0.8560855263157895,0.614206981016534,saved per-run metrics; empty fields indicate another schema; may include full-data/in-sample runs
stage2/nexar65_experiments/results/LN_frame6/seed0/metrics.json,2026-09-25T06:16:55.109079+00:00,70,0.7216032061936837,0.6714285714285714,0.7285714285714285,0.8714023270055113,0.6726190476190477,saved per-run metrics; empty fields indicate another schema; may include full-data/in-sample runs
stage2/nexar65_experiments/results/LN_nexar_ft/seed0/metrics.json,2026-09-25T06:19:19.232948+00:00,70,0.6966564016204249,0.6,0.7571428571428571,0.8142478056746275,0.6634615384615384,saved per-run metrics; empty fields indicate another schema; may include full-data/in-sample runs
stage2/nexar65_experiments/results/LN_nexar_prior_ft/seed0/metrics.json,2026-09-25T06:19:25.204041+00:00,70,0.6921292975242761,0.6285714285714286,0.7428571428571429,0.8571428571428571,0.5570524596856501,saved per-run metrics; empty fields indicate another schema; may include full-data/in-sample runs
stage2/nexar65_experiments/results/LN_prior_repeat2/seed0/metrics.json,2026-09-25T06:20:10.492613+00:00,70,0.6581058263483439,0.5428571428571428,0.7142857142857143,0.8425679820077694,0.6114708603145236,saved per-run metrics; empty fields indicate another schema; may include full-data/in-sample runs
stage2/nexar65_experiments/results/LN_repeat2/seed0/metrics.json,2026-09-25T06:20:49.339568+00:00,70,0.7091315441315441,0.5714285714285714,0.8285714285714286,0.828009828009828,0.6328671328671329,saved per-run metrics; empty fields indicate another schema; may include full-data/in-sample runs
stage2/nexar65_experiments/results/LN_soft/seed0/metrics.json,2026-09-25T06:16:30.783649+00:00,70,0.687861197110423,0.6,0.7571428571428571,0.8284313725490196,0.5906432748538011,saved per-run metrics; empty fields indicate another schema; may include full-data/in-sample runs
stage2/nexar65_experiments/results/LN_soft/seed1/metrics.json,2026-09-25T06:21:31.356506+00:00,70,0.695459834294478,0.6,0.7428571428571429,0.8714023270055113,0.6316632349576756,saved per-run metrics; empty fields indicate another schema; may include full-data/in-sample runs
stage2/nexar65_experiments/results/LN_soft/seed2/metrics.json,2026-09-25T06:22:25.497081+00:00,70,0.6683034068122787,0.5142857142857142,0.7571428571428571,0.8570261437908497,0.6316632349576756,saved per-run metrics; empty fields indicate another schema; may include full-data/in-sample runs
stage2/nexar65_experiments/results/TCN_frame6/seed0/metrics.json,2026-09-25T06:18:13.317277+00:00,70,0.7342992637320382,0.6428571428571429,0.7571428571428571,0.8999795876709533,0.7286821705426356,saved per-run metrics; empty fields indicate another schema; may include full-data/in-sample runs
stage2/nexar65_experiments/results/TCN_frame6/seed1/metrics.json,2026-09-25T06:22:06.238288+00:00,70,0.6161030463386727,0.5,0.6142857142857143,0.8560855263157895,0.651268115942029,saved per-run metrics; empty fields indicate another schema; may include full-data/in-sample runs
stage2/nexar65_experiments/results/TCN_frame6/seed2/metrics.json,2026-09-25T06:23:28.869790+00:00,70,0.708822665662239,0.6,0.7714285714285715,0.8998159885503987,0.625668449197861,saved per-run metrics; empty fields indicate another schema; may include full-data/in-sample runs
stage2/nexar65_experiments/results/train_prior/E3_fixed128/metrics.json,2026-09-25T06:17:48.783001+00:00,,,,,,,saved per-run metrics; empty fields indicate another schema; may include full-data/in-sample runs
stage2/nexar65_experiments/results/train_prior/P10_ema_seed0/metrics.json,2026-09-25T06:17:49.569563+00:00,,,,,,,saved per-run metrics; empty fields indicate another schema; may include full-data/in-sample runs
stage2/nexar65_experiments/results/train_prior/P2_ens4/metrics.json,2026-09-25T06:17:50.189491+00:00,,,,,,,saved per-run metrics; empty fields indicate another schema; may include full-data/in-sample runs
stage2/nexar65_experiments/results/train_prior/P2_seed0/metrics.json,2026-09-25T06:17:49.255330+00:00,,,,,,,saved per-run metrics; empty fields indicate another schema; may include full-data/in-sample runs
stage2/nexar65_experiments/results/verified/first_three_no_prior/metrics.json,2026-09-25T06:21:10.977854+00:00,,,,,,,saved per-run metrics; empty fields indicate another schema; may include full-data/in-sample runs
stage2/nexar65_experiments/results/verified/first_three_prior/metrics.json,2026-09-25T06:20:17.994397+00:00,,,,,,,saved per-run metrics; empty fields indicate another schema; may include full-data/in-sample runs
stage2/nexar65_experiments/results/verified/first_three_prior_seed1/metrics.json,2026-09-25T06:24:11.799683+00:00,,,,,,,saved per-run metrics; empty fields indicate another schema; may include full-data/in-sample runs
stage2/nexar65_experiments/results/verified/first_three_prior_seed2/metrics.json,2026-09-25T06:24:12.730488+00:00,,,,,,,saved per-run metrics; empty fields indicate another schema; may include full-data/in-sample runs
stage2/nexar65_experiments/results/verified/nine_heads_prior/metrics.json,2026-09-25T06:24:53.669037+00:00,,,,,,,saved per-run metrics; empty fields indicate another schema; may include full-data/in-sample runs
stage2/phase_study/results/A0_d1/cv/fold0_seed0/metrics.json,2026-09-26T02:48:16.630129+00:00,70,0.7404932545389109,0.6142857142857143,0.8142857142857143,0.914004914004914,0.689283449587825,saved per-run metrics; empty fields indicate another schema; may include full-data/in-sample runs
stage2/phase_study/results/A0_d1/cv/fold0_seed1/metrics.json,2026-09-26T02:49:00.028757+00:00,70,0.6902384868421052,0.5,0.8,0.8848684210526316,0.6833881578947368,saved per-run metrics; empty fields indicate another schema; may include full-data/in-sample runs
stage2/phase_study/results/A0_d1/cv/fold0_seed2/metrics.json,2026-09-26T02:50:54.468478+00:00,70,0.7066741427432217,0.5571428571428572,0.7714285714285715,0.898989898989899,0.712171052631579,saved per-run metrics; empty fields indicate another schema; may include full-data/in-sample runs
stage2/phase_study/results/A0_d1/cv/fold0_seed3/metrics.json,2026-09-26T03:28:44.588843+00:00,70,0.750841681155391,0.6,0.8428571428571429,0.9284399918217133,0.7105045492142266,saved per-run metrics; empty fields indicate another schema; may include full-data/in-sample runs
stage2/phase_study/results/A0_d1/cv/fold0_seed4/metrics.json,2026-09-26T03:30:17.526079+00:00,70,0.7229405545112781,0.6,0.7857142857142857,0.9136513157894737,0.6726190476190477,saved per-run metrics; empty fields indicate another schema; may include full-data/in-sample runs
stage2/phase_study/results/A0_d1/cv/fold0_seed5/metrics.json,2026-09-26T03:31:57.639338+00:00,70,0.7366515837104072,0.6142857142857143,0.8142857142857143,0.9142156862745098,0.6634615384615384,saved per-run metrics; empty fields indicate another schema; may include full-data/in-sample runs
stage2/phase_study/results/A0_d1/cv/fold0_seed6/metrics.json,2026-09-26T03:33:33.437694+00:00,70,0.703593585635503,0.5428571428571428,0.7714285714285715,0.8692674828802656,0.7546897546897546,saved per-run metrics; empty fields indicate another schema; may include full-data/in-sample runs
stage2/phase_study/results/A0_d1/cv/fold0_seed7/metrics.json,2026-09-26T03:37:19.822149+00:00,70,0.7212223982825597,0.5714285714285714,0.8,0.8998159885503987,0.7083333333333333,saved per-run metrics; empty fields indicate another schema; may include full-data/in-sample runs
stage2/phase_study/results/A0_d1/cv/fold1_seed0/metrics.json,2026-09-26T02:47:39.217293+00:00,70,0.6924476673706838,0.5571428571428572,0.7428571428571429,0.957134109001837,0.6258503401360545,saved per-run metrics; empty fields indicate another schema; may include full-data/in-sample runs
stage2/phase_study/results/A0_d1/cv/fold1_seed1/metrics.json,2026-09-26T02:50:30.495023+00:00,70,0.7048909987732569,0.6,0.7,0.9284399918217133,0.7375,saved per-run metrics; empty fields indicate another schema; may include full-data/in-sample runs
stage2/phase_study/results/A0_d1/cv/fold1_seed2/metrics.json,2026-09-26T02:51:16.399326+00:00,70,0.6856813186813185,0.5714285714285714,0.6714285714285714,0.956923076923077,0.7142857142857143,saved per-run metrics; empty fields indicate another schema; may include full-data/in-sample runs
stage2/phase_study/results/A0_d1/cv/fold1_seed3/metrics.json,2026-09-26T03:28:10.565732+00:00,70,0.6905966527511607,0.5285714285714286,0.7428571428571429,0.9714052287581699,0.665905789582901,saved per-run metrics; empty fields indicate another schema; may include full-data/in-sample runs
stage2/phase_study/results/A0_d1/cv/fold1_seed4/metrics.json,2026-09-26T03:30:22.701809+00:00,70,0.679031654811814,0.5285714285714286,0.7142857142857143,0.957134109001837,0.6697435897435897,saved per-run metrics; empty fields indicate another schema; may include full-data/in-sample runs
stage2/phase_study/results/A0_d1/cv/fold1_seed5/metrics.json,2026-09-26T03:31:45.291042+00:00,70,0.661908771232242,0.5571428571428572,0.6571428571428571,0.9285568483363952,0.6508349598785512,saved per-run metrics; empty fields indicate another schema; may include full-data/in-sample runs
stage2/phase_study/results/A0_d1/cv/fold1_seed6/metrics.json,2026-09-26T03:34:31.133677+00:00,70,0.6711865601503759,0.5142857142857142,0.6857142857142857,0.9424342105263157,0.7321428571428572,saved per-run metrics; empty fields indicate another schema; may include full-data/in-sample runs
stage2/phase_study/results/A0_d1/cv/fold1_seed7/metrics.json,2026-09-26T03:37:20.508937+00:00,70,0.6918699678699678,0.5571428571428572,0.7285714285714285,0.914004914004914,0.6984615384615385,saved per-run metrics; empty fields indicate another schema; may include full-data/in-sample runs
stage2/phase_study/results/A0_d1/cv/fold2_seed0/metrics.json,2026-09-26T02:48:11.503390+00:00,70,0.6921257939795635,0.5714285714285714,0.7142857142857143,0.9428104575163399,0.6713615023474178,saved per-run metrics; empty fields indicate another schema; may include full-data/in-sample runs
stage2/phase_study/results/A0_d1/cv/fold2_seed1/metrics.json,2026-09-26T02:50:08.022792+00:00,70,0.6714943598975555,0.5142857142857142,0.6714285714285714,0.9278499278499278,0.7821124714671093,saved per-run metrics; empty fields indicate another schema; may include full-data/in-sample runs
stage2/phase_study/results/A0_d1/cv/fold2_seed2/metrics.json,2026-09-26T02:51:15.550481+00:00,70,0.7206721904366644,0.5857142857142857,0.7714285714285715,0.9428571428571428,0.6949574600539531,saved per-run metrics; empty fields indicate another schema; may include full-data/in-sample runs
stage2/phase_study/results/A0_d1/cv/fold2_seed3/metrics.json,2026-09-26T03:28:20.946102+00:00,70,0.6846834364630975,0.5714285714285714,0.6714285714285714,0.9428571428571428,0.7216991002301736,saved per-run metrics; empty fields indicate another schema; may include full-data/in-sample runs
stage2/phase_study/results/A0_d1/cv/fold2_seed4/metrics.json,2026-09-26T03:30:30.410191+00:00,70,0.6826501876501876,0.5,0.7714285714285715,0.914004914004914,0.6703296703296704,saved per-run metrics; empty fields indicate another schema; may include full-data/in-sample runs
stage2/phase_study/results/A0_d1/cv/fold2_seed5/metrics.json,2026-09-26T03:33:12.897515+00:00,70,0.6865167778708066,0.6,0.6714285714285714,0.9285568483363952,0.6815550041356493,saved per-run metrics; empty fields indicate another schema; may include full-data/in-sample runs
stage2/phase_study/results/A0_d1/cv/fold2_seed6/metrics.json,2026-09-26T03:35:31.024463+00:00,70,0.6722056489029071,0.5142857142857142,0.7285714285714285,0.8998159885503987,0.6815550041356493,saved per-run metrics; empty fields indicate another schema; may include full-data/in-sample runs
stage2/phase_study/results/A0_d1/cv/fold2_seed7/metrics.json,2026-09-26T03:37:14.255781+00:00,70,0.7104428938368951,0.5857142857142857,0.7714285714285715,0.9428104575163399,0.6268088347296268,saved per-run metrics; empty fields indicate another schema; may include full-data/in-sample runs
stage2/phase_study/results/A0_d1/cv/fold3_seed0/metrics.json,2026-09-26T02:48:13.688996+00:00,70,0.7264451827242524,0.5571428571428572,0.8285714285714286,0.8809523809523809,0.7286821705426356,saved per-run metrics; empty fields indicate another schema; may include full-data/in-sample runs
stage2/phase_study/results/A0_d1/cv/fold3_seed1/metrics.json,2026-09-26T02:50:07.905434+00:00,70,0.7116231413514023,0.6,0.7428571428571429,0.9278499278499278,0.6829710144927537,saved per-run metrics; empty fields indicate another schema; may include full-data/in-sample runs
stage2/phase_study/results/A0_d1/cv/fold3_seed2/metrics.json,2026-09-26T02:51:35.108419+00:00,70,0.7032960178453403,0.5428571428571428,0.7857142857142857,0.9125000000000001,0.6761401189689359,saved per-run metrics; empty fields indicate another schema; may include full-data/in-sample runs
stage2/phase_study/results/A0_d1/cv/fold3_seed3/metrics.json,2026-09-26T03:28:32.014081+00:00,70,0.6769510938490805,0.5285714285714286,0.7571428571428571,0.9125000000000001,0.6005072923272035,saved per-run metrics; empty fields indicate another schema; may include full-data/in-sample runs
stage2/phase_study/results/A0_d1/cv/fold3_seed4/metrics.json,2026-09-26T03:31:56.502359+00:00,70,0.7120330208676809,0.6,0.7857142857142857,0.8707692307692307,0.6427842416819759,saved per-run metrics; empty fields indicate another schema; may include full-data/in-sample runs
stage2/phase_study/results/A0_d1/cv/fold3_seed5/metrics.json,2026-09-26T03:32:48.931886+00:00,70,0.7265922019818131,0.5714285714285714,0.8,0.9284399918217133,0.7155080213903744,saved per-run metrics; empty fields indicate another schema; may include full-data/in-sample runs
stage2/phase_study/results/A0_d1/cv/fold3_seed6/metrics.json,2026-09-26T03:36:21.172367+00:00,70,0.6838859853304614,0.4857142857142857,0.7714285714285715,0.9273708238223698,0.698535745047373,saved per-run metrics; empty fields indicate another schema; may include full-data/in-sample runs
stage2/phase_study/results/A0_d1/cv/fold3_seed7/metrics.json,2026-09-26T03:38:05.137007+00:00,70,0.6966300871803719,0.5428571428571428,0.8,0.8552522746071134,0.655614973262032,saved per-run metrics; empty fields indicate another schema; may include full-data/in-sample runs
stage2/phase_study/results/A0_d1/cv/fold4_seed0/metrics.json,2026-09-26T02:49:14.572942+00:00,69,0.7152549001899479,0.6811594202898551,0.7101449275362319,0.8525641025641026,0.6694250871080138,saved per-run metrics; empty fields indicate another schema; may include full-data/in-sample runs
stage2/phase_study/results/A0_d1/cv/fold4_seed1/metrics.json,2026-09-26T02:49:50.432201+00:00,69,0.6828402641013986,0.5652173913043478,0.7391304347826086,0.8393650793650793,0.6694250871080138,saved per-run metrics; empty fields indicate another schema; may include full-data/in-sample runs
stage2/phase_study/results/A0_d1/cv/fold4_seed2/metrics.json,2026-09-26T02:51:16.003093+00:00,69,0.6795663946613827,0.5797101449275363,0.7246376811594203,0.8384074941451991,0.6485568760611206,saved per-run metrics; empty fields indicate another schema; may include full-data/in-sample runs
stage2/phase_study/results/A0_d1/cv/fold4_seed3/metrics.json,2026-09-26T03:30:16.911509+00:00,69,0.6882288015656037,0.6231884057971014,0.6956521739130435,0.8685714285714285,0.6423258958755916,saved per-run metrics; empty fields indicate another schema; may include full-data/in-sample runs
stage2/phase_study/results/A0_d1/cv/fold4_seed4/metrics.json,2026-09-26T03:31:23.168889+00:00,69,0.7092114310809963,0.7246376811594203,0.7101449275362319,0.7566137566137566,0.6236363636363637,saved per-run metrics; empty fields indicate another schema; may include full-data/in-sample runs
stage2/phase_study/results/A0_d1/cv/fold4_seed5/metrics.json,2026-09-26T03:33:35.474594+00:00,69,0.6664816164140153,0.5362318840579711,0.7101449275362319,0.8694555392053815,0.6655426765015806,saved per-run metrics; empty fields indicate another schema; may include full-data/in-sample runs
stage2/phase_study/results/A0_d1/cv/fold4_seed6/metrics.json,2026-09-26T03:35:15.717449+00:00,69,0.6670422240802676,0.5797101449275363,0.7101449275362319,0.8525641025641026,0.5847222222222223,saved per-run metrics; empty fields indicate another schema; may include full-data/in-sample runs
stage2/phase_study/results/A0_d1/cv/fold4_seed7/metrics.json,2026-09-26T03:39:02.710787+00:00,69,0.7287873238439881,0.6666666666666666,0.7101449275362319,0.9272918861959958,0.7187298862904956,saved per-run metrics; empty fields indicate another schema; may include full-data/in-sample runs
stage2/phase_study/results/A0_d1/seed0/metrics.json,2026-09-26T02:47:48.549425+00:00,70,0.6716393710430816,0.5428571428571428,0.7714285714285715,0.7973531844499586,0.613575955837252,saved per-run metrics; empty fields indicate another schema; may include full-data/in-sample runs
stage2/phase_study/results/A0_d1/seed1/metrics.json,2026-09-26T02:48:47.980798+00:00,70,0.7060199858569154,0.5428571428571428,0.7857142857142857,0.8998159885503987,0.7069839171623706,saved per-run metrics; empty fields indicate another schema; may include full-data/in-sample runs
stage2/phase_study/results/A1_d025/cv/fold0_seed0/metrics.json,2026-09-26T02:53:03.005938+00:00,70,0.7327603321025813,0.6142857142857143,0.8,0.8856209150326797,0.699447965651196,saved per-run metrics; empty fields indicate another schema; may include full-data/in-sample runs
stage2/phase_study/results/A1_d025/cv/fold0_seed1/metrics.json,2026-09-26T02:54:28.489351+00:00,70,0.7089890109890109,0.5857142857142857,0.7857142857142857,0.9142857142857143,0.6123076923076923,saved per-run metrics; empty fields indicate another schema; may include full-data/in-sample runs
stage2/phase_study/results/A1_d025/cv/fold0_seed2/metrics.json,2026-09-26T02:55:56.157672+00:00,70,0.702725737100737,0.4857142857142857,0.8142857142857143,0.914004914004914,0.7375,saved per-run metrics; empty fields indicate another schema; may include full-data/in-sample runs
stage2/phase_study/results/A1_d025/cv/fold1_seed0/metrics.json,2026-09-26T02:52:47.867681+00:00,70,0.6662019303845568,0.5142857142857142,0.6857142857142857,0.9428104575163399,0.698535745047373,saved per-run metrics; empty fields indicate another schema; may include full-data/in-sample runs
stage2/phase_study/results/A1_d025/cv/fold1_seed1/metrics.json,2026-09-26T02:55:04.645679+00:00,70,0.7129344919786096,0.5714285714285714,0.7285714285714285,0.9142156862745098,0.8053475935828878,saved per-run metrics; empty fields indicate another schema; may include full-data/in-sample runs
stage2/phase_study/results/A1_d025/cv/fold1_seed2/metrics.json,2026-09-26T02:56:10.016266+00:00,70,0.7012320163389242,0.5857142857142857,0.7142857142857143,0.971217105263158,0.6703296703296704,saved per-run metrics; empty fields indicate another schema; may include full-data/in-sample runs
stage2/phase_study/results/A1_d025/cv/fold2_seed0/metrics.json,2026-09-26T02:53:09.080578+00:00,70,0.7313651315789472,0.6285714285714286,0.7285714285714285,0.9424342105263157,0.7666666666666666,saved per-run metrics; empty fields indicate another schema; may include full-data/in-sample runs
stage2/phase_study/results/A1_d025/cv/fold2_seed1/metrics.json,2026-09-26T02:54:44.067968+00:00,70,0.6770407781800105,0.5,0.7428571428571429,0.9714052287581699,0.6421999591085668,saved per-run metrics; empty fields indicate another schema; may include full-data/in-sample runs
stage2/phase_study/results/A1_d025/cv/fold2_seed2/metrics.json,2026-09-26T02:56:16.092569+00:00,70,0.6879178880340077,0.5571428571428572,0.7428571428571429,0.957063995093028,0.5957219251336898,saved per-run metrics; empty fields indicate another schema; may include full-data/in-sample runs
stage2/phase_study/results/A1_d025/cv/fold3_seed0/metrics.json,2026-09-26T02:53:19.710155+00:00,70,0.7260984848484848,0.5571428571428572,0.8285714285714286,0.898989898989899,0.7083333333333333,saved per-run metrics; empty fields indicate another schema; may include full-data/in-sample runs
stage2/phase_study/results/A1_d025/cv/fold3_seed1/metrics.json,2026-09-26T02:54:31.573302+00:00,70,0.7164318267819115,0.5857142857142857,0.7571428571428571,0.9273708238223698,0.7155080213903744,saved per-run metrics; empty fields indicate another schema; may include full-data/in-sample runs
stage2/phase_study/results/A1_d025/cv/fold3_seed2/metrics.json,2026-09-26T02:55:58.987002+00:00,70,0.7394380350831964,0.5857142857142857,0.8,0.9278499278499278,0.7684036393713813,saved per-run metrics; empty fields indicate another schema; may include full-data/in-sample runs
stage2/phase_study/results/A1_d025/cv/fold4_seed0/metrics.json,2026-09-26T02:54:21.457802+00:00,69,0.6856745675649624,0.5942028985507246,0.7101449275362319,0.8977777777777778,0.6299077451190731,saved per-run metrics; empty fields indicate another schema; may include full-data/in-sample runs
stage2/phase_study/results/A1_d025/cv/fold4_seed1/metrics.json,2026-09-26T02:55:23.837770+00:00,69,0.6862794171096269,0.6086956521739131,0.7101449275362319,0.8547979797979799,0.643103448275862,saved per-run metrics; empty fields indicate another schema; may include full-data/in-sample runs
stage2/phase_study/results/A1_d025/cv/fold4_seed2/metrics.json,2026-09-26T02:56:19.187288+00:00,69,0.6961100085845578,0.6231884057971014,0.6811594202898551,0.8977777777777778,0.6994773519163764,saved per-run metrics; empty fields indicate another schema; may include full-data/in-sample runs
stage2/phase_study/results/A1_d025/seed0/metrics.json,2026-09-26T02:53:03.014876+00:00,70,0.7212895419187554,0.5857142857142857,0.7857142857142857,0.8707692307692307,0.7378277153558053,saved per-run metrics; empty fields indicate another schema; may include full-data/in-sample runs
stage2/phase_study/results/A1_d025/seed1/metrics.json,2026-09-26T02:54:06.699954+00:00,70,0.6948828065880781,0.5571428571428572,0.7571428571428571,0.8999795876709533,0.665905789582901,saved per-run metrics; empty fields indicate another schema; may include full-data/in-sample runs
stage2/phase_study/results/A2_d1_cat1/cv/fold0_seed0/metrics.json,2026-09-26T02:58:00.445585+00:00,70,0.7413409331791685,0.6428571428571429,0.8142857142857143,0.914004914004914,0.6282679738562091,saved per-run metrics; empty fields indicate another schema; may include full-data/in-sample runs
stage2/phase_study/results/A2_d1_cat1/cv/fold0_seed1/metrics.json,2026-09-26T02:58:46.600467+00:00,70,0.73073349216069,0.6428571428571429,0.7857142857142857,0.8570261437908497,0.6811971372804164,saved per-run metrics; empty fields indicate another schema; may include full-data/in-sample runs
stage2/phase_study/results/A2_d1_cat1/cv/fold0_seed2/metrics.json,2026-09-26T03:00:02.790960+00:00,70,0.683234257518797,0.5142857142857142,0.7571428571428571,0.8560855263157895,0.7321428571428572,saved per-run metrics; empty fields indicate another schema; may include full-data/in-sample runs
stage2/phase_study/results/A2_d1_cat1/cv/fold0_seed3/metrics.json,2026-09-26T03:40:45.366836+00:00,70,0.7033300237950477,0.5714285714285714,0.7714285714285715,0.8560855263157895,0.699447965651196,saved per-run metrics; empty fields indicate another schema; may include full-data/in-sample runs
stage2/phase_study/results/A2_d1_cat1/cv/fold0_seed4/metrics.json,2026-09-26T03:44:02.965398+00:00,70,0.7310947840318792,0.6285714285714286,0.8142857142857143,0.9282051282051282,0.5790934320074006,saved per-run metrics; empty fields indicate another schema; may include full-data/in-sample runs
stage2/phase_study/results/A2_d1_cat1/cv/fold0_seed5/metrics.json,2026-09-26T03:45:42.504724+00:00,70,0.7270624228712463,0.6,0.8142857142857143,0.9142156862745098,0.6328671328671329,saved per-run metrics; empty fields indicate another schema; may include full-data/in-sample runs
stage2/phase_study/results/A2_d1_cat1/cv/fold0_seed6/metrics.json,2026-09-26T03:48:23.323538+00:00,70,0.7229909864547829,0.6142857142857143,0.7571428571428571,0.8848684210526316,0.735071488645921,saved per-run metrics; empty fields indicate another schema; may include full-data/in-sample runs
stage2/phase_study/results/A2_d1_cat1/cv/fold0_seed7/metrics.json,2026-09-26T03:52:06.854880+00:00,70,0.7409998959755992,0.6142857142857143,0.8,0.9284399918217133,0.7115593146822815,saved per-run metrics; empty fields indicate another schema; may include full-data/in-sample runs
stage2/phase_study/results/A2_d1_cat1/cv/fold1_seed0/metrics.json,2026-09-26T02:57:35.056293+00:00,70,0.7095770344572441,0.6285714285714286,0.7142857142857143,0.8856209150326797,0.7115593146822815,saved per-run metrics; empty fields indicate another schema; may include full-data/in-sample runs
stage2/phase_study/results/A2_d1_cat1/cv/fold1_seed1/metrics.json,2026-09-26T02:58:55.601300+00:00,70,0.6697685856173071,0.5714285714285714,0.6857142857142857,0.9284399918217133,0.6033505789603351,saved per-run metrics; empty fields indicate another schema; may include full-data/in-sample runs
stage2/phase_study/results/A2_d1_cat1/cv/fold1_seed2/metrics.json,2026-09-26T03:00:30.714030+00:00,70,0.7024856342652953,0.6,0.7,0.9282051282051282,0.7216991002301736,saved per-run metrics; empty fields indicate another schema; may include full-data/in-sample runs
stage2/phase_study/results/A2_d1_cat1/cv/fold1_seed3/metrics.json,2026-09-26T03:42:06.464133+00:00,70,0.6865931028431027,0.5714285714285714,0.6857142857142857,0.9713349713349714,0.6726190476190477,saved per-run metrics; empty fields indicate another schema; may include full-data/in-sample runs
stage2/phase_study/results/A2_d1_cat1/cv/fold1_seed4/metrics.json,2026-09-26T03:43:37.915295+00:00,70,0.6952457002457002,0.6,0.6714285714285714,0.9713349713349714,0.696969696969697,saved per-run metrics; empty fields indicate another schema; may include full-data/in-sample runs
stage2/phase_study/results/A2_d1_cat1/cv/fold1_seed5/metrics.json,2026-09-26T03:45:11.614965+00:00,70,0.6920683711937787,0.6,0.7,0.957063995093028,0.623391812865497,saved per-run metrics; empty fields indicate another schema; may include full-data/in-sample runs
stage2/phase_study/results/A2_d1_cat1/cv/fold1_seed6/metrics.json,2026-09-26T03:47:31.444042+00:00,70,0.6714241672306188,0.5571428571428572,0.6714285714285714,0.898989898989899,0.7105045492142266,saved per-run metrics; empty fields indicate another schema; may include full-data/in-sample runs
stage2/phase_study/results/A2_d1_cat1/cv/fold1_seed7/metrics.json,2026-09-26T03:51:01.083671+00:00,70,0.6773682786511733,0.5714285714285714,0.6857142857142857,0.9278499278499278,0.6546052631578947,saved per-run metrics; empty fields indicate another schema; may include full-data/in-sample runs
stage2/phase_study/results/A2_d1_cat1/cv/fold2_seed0/metrics.json,2026-09-26T02:58:11.941338+00:00,70,0.6733712551216792,0.5428571428571428,0.7285714285714285,0.8856209150326797,0.6368541191118489,saved per-run metrics; empty fields indicate another schema; may include full-data/in-sample runs
stage2/phase_study/results/A2_d1_cat1/cv/fold2_seed1/metrics.json,2026-09-26T02:59:41.652690+00:00,70,0.6873928988468837,0.5571428571428572,0.6857142857142857,0.9142156862745098,0.7684036393713813,saved per-run metrics; empty fields indicate another schema; may include full-data/in-sample runs
stage2/phase_study/results/A2_d1_cat1/cv/fold2_seed2/metrics.json,2026-09-26T03:00:55.862621+00:00,70,0.7128908188585608,0.6,0.7285714285714285,0.9421009098428452,0.7105045492142266,saved per-run metrics; empty fields indicate another schema; may include full-data/in-sample runs
stage2/phase_study/results/A2_d1_cat1/cv/fold2_seed3/metrics.json,2026-09-26T03:41:05.170901+00:00,70,0.6857798390461194,0.5857142857142857,0.6714285714285714,0.9428104575163399,0.6957218027911233,saved per-run metrics; empty fields indicate another schema; may include full-data/in-sample runs
stage2/phase_study/results/A2_d1_cat1/cv/fold2_seed4/metrics.json,2026-09-26T03:43:47.010561+00:00,70,0.696758371888081,0.5714285714285714,0.7,0.9714052287581699,0.7069839171623706,saved per-run metrics; empty fields indicate another schema; may include full-data/in-sample runs
stage2/phase_study/results/A2_d1_cat1/cv/fold2_seed5/metrics.json,2026-09-26T03:45:32.807064+00:00,70,0.6915278138971271,0.5285714285714286,0.7285714285714285,0.971217105263158,0.7056349873843566,saved per-run metrics; empty fields indicate another schema; may include full-data/in-sample runs
stage2/phase_study/results/A2_d1_cat1/cv/fold2_seed6/metrics.json,2026-09-26T03:49:47.160403+00:00,70,0.7351352816460882,0.6,0.7857142857142857,0.957063995093028,0.7105045492142266,saved per-run metrics; empty fields indicate another schema; may include full-data/in-sample runs
stage2/phase_study/results/A2_d1_cat1/cv/fold2_seed7/metrics.json,2026-09-26T03:52:14.526057+00:00,70,0.707323141359199,0.5428571428571428,0.7857142857142857,0.8999795876709533,0.7155080213903744,saved per-run metrics; empty fields indicate another schema; may include full-data/in-sample runs
stage2/phase_study/results/A2_d1_cat1/cv/fold3_seed0/metrics.json,2026-09-26T02:57:45.139524+00:00,70,0.7143894924911873,0.5428571428571428,0.8285714285714286,0.8994871794871795,0.6631094371207366,saved per-run metrics; empty fields indicate another schema; may include full-data/in-sample runs
stage2/phase_study/results/A2_d1_cat1/cv/fold3_seed1/metrics.json,2026-09-26T02:59:29.914883+00:00,70,0.6798635235732009,0.5142857142857142,0.7571428571428571,0.8842018196856907,0.6815550041356493,saved per-run metrics; empty fields indicate another schema; may include full-data/in-sample runs
stage2/phase_study/results/A2_d1_cat1/cv/fold3_seed2/metrics.json,2026-09-26T03:00:42.274390+00:00,70,0.7264640198511166,0.5714285714285714,0.8142857142857143,0.9282051282051282,0.6815550041356493,saved per-run metrics; empty fields indicate another schema; may include full-data/in-sample runs
stage2/phase_study/results/A2_d1_cat1/cv/fold3_seed3/metrics.json,2026-09-26T03:41:00.748533+00:00,70,0.7228886708856701,0.6,0.8,0.8842018196856907,0.6683893195521102,saved per-run metrics; empty fields indicate another schema; may include full-data/in-sample runs
stage2/phase_study/results/A2_d1_cat1/cv/fold3_seed4/metrics.json,2026-09-26T03:44:19.353319+00:00,70,0.7483177658813251,0.5857142857142857,0.8571428571428571,0.897468089558485,0.7246503496503496,saved per-run metrics; empty fields indicate another schema; may include full-data/in-sample runs
stage2/phase_study/results/A2_d1_cat1/cv/fold3_seed5/metrics.json,2026-09-26T03:46:36.334585+00:00,70,0.7175601604278075,0.5142857142857142,0.8,0.9416666666666667,0.7754010695187166,saved per-run metrics; empty fields indicate another schema; may include full-data/in-sample runs
stage2/phase_study/results/A2_d1_cat1/cv/fold3_seed6/metrics.json,2026-09-26T03:51:23.956127+00:00,70,0.7192059553349875,0.5428571428571428,0.8285714285714286,0.913151364764268,0.6815550041356493,saved per-run metrics; empty fields indicate another schema; may include full-data/in-sample runs
stage2/phase_study/results/A2_d1_cat1/cv/fold3_seed7/metrics.json,2026-09-26T03:52:12.216877+00:00,70,0.7139757371007371,0.5428571428571428,0.8142857142857143,0.914004914004914,0.6791666666666667,saved per-run metrics; empty fields indicate another schema; may include full-data/in-sample runs
stage2/phase_study/results/A2_d1_cat1/cv/fold4_seed0/metrics.json,2026-09-26T02:59:28.370042+00:00,69,0.7112687588033286,0.6521739130434783,0.7246376811594203,0.9121392190152802,0.6170921198668147,saved per-run metrics; empty fields indicate another schema; may include full-data/in-sample runs
stage2/phase_study/results/A2_d1_cat1/cv/fold4_seed1/metrics.json,2026-09-26T02:59:31.899322+00:00,69,0.7114402651150714,0.6231884057971014,0.7391304347826086,0.8695652173913043,0.6946259220231823,saved per-run metrics; empty fields indicate another schema; may include full-data/in-sample runs
stage2/phase_study/results/A2_d1_cat1/cv/fold4_seed2/metrics.json,2026-09-26T03:00:34.054418+00:00,69,0.7489644034317319,0.7101449275362319,0.782608695652174,0.8371594078523923,0.6728448275862069,saved per-run metrics; empty fields indicate another schema; may include full-data/in-sample runs
stage2/phase_study/results/A2_d1_cat1/cv/fold4_seed3/metrics.json,2026-09-26T03:42:29.030133+00:00,69,0.6823044442987904,0.5942028985507246,0.7101449275362319,0.8691253951527924,0.6360926393029123,saved per-run metrics; empty fields indicate another schema; may include full-data/in-sample runs
stage2/phase_study/results/A2_d1_cat1/cv/fold4_seed4/metrics.json,2026-09-26T03:44:53.250869+00:00,69,0.6993761525928563,0.6811594202898551,0.7101449275362319,0.8384074941451991,0.5777233782129743,saved per-run metrics; empty fields indicate another schema; may include full-data/in-sample runs
stage2/phase_study/results/A2_d1_cat1/cv/fold4_seed5/metrics.json,2026-09-26T03:47:37.972265+00:00,69,0.6762724674617135,0.6376811594202898,0.6521739130434783,0.8691253951527924,0.6296958855098389,saved per-run metrics; empty fields indicate another schema; may include full-data/in-sample runs
stage2/phase_study/results/A2_d1_cat1/cv/fold4_seed6/metrics.json,2026-09-26T03:49:19.217153+00:00,69,0.6660001091891028,0.5797101449275363,0.6956521739130435,0.8840336134453781,0.5801217038539555,saved per-run metrics; empty fields indicate another schema; may include full-data/in-sample runs
stage2/phase_study/results/A2_d1_cat1/cv/fold4_seed7/metrics.json,2026-09-26T03:52:42.360877+00:00,69,0.7043866107967194,0.6231884057971014,0.7391304347826086,0.8550420168067226,0.6621247604854162,saved per-run metrics; empty fields indicate another schema; may include full-data/in-sample runs
stage2/phase_study/results/A2_d1_cat1/seed0/metrics.json,2026-09-26T02:57:35.056139+00:00,70,0.7104683812366845,0.5571428571428572,0.8142857142857143,0.8856209150326797,0.6508349598785512,saved per-run metrics; empty fields indicate another schema; may include full-data/in-sample runs
stage2/phase_study/results/A2_d1_cat1/seed1/metrics.json,2026-09-26T02:58:09.066147+00:00,70,0.6957479617157036,0.5285714285714286,0.8,0.8857142857142857,0.652605459057072,saved per-run metrics; empty fields indicate another schema; may include full-data/in-sample runs
stage2/phase_study/results/A3_d025_cat1/cv/fold0_seed0/metrics.json,2026-09-26T03:02:42.799146+00:00,70,0.6913845063541975,0.5428571428571428,0.7428571428571429,0.8714023270055113,0.7378277153558053,saved per-run metrics; empty fields indicate another schema; may include full-data/in-sample runs
stage2/phase_study/results/A3_d025_cat1/cv/fold0_seed1/metrics.json,2026-09-26T03:03:53.195721+00:00,70,0.7221009557669221,0.6142857142857143,0.7428571428571429,0.9142156862745098,0.7331240188383046,saved per-run metrics; empty fields indicate another schema; may include full-data/in-sample runs
stage2/phase_study/results/A3_d025_cat1/cv/fold0_seed2/metrics.json,2026-09-26T03:05:16.299470+00:00,70,0.711285161963265,0.5571428571428572,0.7714285714285715,0.8999795876709533,0.7419214920841466,saved per-run metrics; empty fields indicate another schema; may include full-data/in-sample runs
stage2/phase_study/results/A3_d025_cat1/cv/fold1_seed0/metrics.json,2026-09-26T03:02:10.222736+00:00,70,0.6674735491001792,0.5285714285714286,0.6428571428571429,0.9567099567099566,0.759780370624571,saved per-run metrics; empty fields indicate another schema; may include full-data/in-sample runs
stage2/phase_study/results/A3_d025_cat1/cv/fold1_seed1/metrics.json,2026-09-26T03:04:00.442828+00:00,70,0.6992318167016962,0.6,0.6857142857142857,0.9426699426699428,0.7188755020080322,saved per-run metrics; empty fields indicate another schema; may include full-data/in-sample runs
stage2/phase_study/results/A3_d025_cat1/cv/fold1_seed2/metrics.json,2026-09-26T03:06:02.842391+00:00,70,0.6891634615384614,0.5857142857142857,0.6571428571428571,0.956923076923077,0.7375,saved per-run metrics; empty fields indicate another schema; may include full-data/in-sample runs
stage2/phase_study/results/A3_d025_cat1/cv/fold2_seed0/metrics.json,2026-09-26T03:02:43.840665+00:00,70,0.7296984649122806,0.6285714285714286,0.7571428571428571,0.9424342105263157,0.6888888888888889,saved per-run metrics; empty fields indicate another schema; may include full-data/in-sample runs
stage2/phase_study/results/A3_d025_cat1/cv/fold2_seed1/metrics.json,2026-09-26T03:04:30.179588+00:00,70,0.6848315198315198,0.5714285714285714,0.7,0.9428571428571428,0.6560196560196561,saved per-run metrics; empty fields indicate another schema; may include full-data/in-sample runs
stage2/phase_study/results/A3_d025_cat1/cv/fold2_seed2/metrics.json,2026-09-26T03:05:47.725969+00:00,70,0.7419034496836088,0.6428571428571429,0.7714285714285715,0.957134109001837,0.6888888888888889,saved per-run metrics; empty fields indicate another schema; may include full-data/in-sample runs
stage2/phase_study/results/A3_d025_cat1/cv/fold3_seed0/metrics.json,2026-09-26T03:02:25.825794+00:00,70,0.7347211538461539,0.6,0.7857142857142857,0.9856410256410257,0.6791666666666667,saved per-run metrics; empty fields indicate another schema; may include full-data/in-sample runs
stage2/phase_study/results/A3_d025_cat1/cv/fold3_seed1/metrics.json,2026-09-26T03:04:42.643579+00:00,70,0.700443009595552,0.5571428571428572,0.7714285714285715,0.9267629211132036,0.6428571428571428,saved per-run metrics; empty fields indicate another schema; may include full-data/in-sample runs
stage2/phase_study/results/A3_d025_cat1/cv/fold3_seed2/metrics.json,2026-09-26T03:06:13.481174+00:00,70,0.7282879467821128,0.6,0.8,0.956923076923077,0.6316632349576756,saved per-run metrics; empty fields indicate another schema; may include full-data/in-sample runs
stage2/phase_study/results/A3_d025_cat1/cv/fold4_seed0/metrics.json,2026-09-26T03:03:44.259725+00:00,69,0.7092701630313303,0.6231884057971014,0.7391304347826086,0.8982086406743941,0.6515151515151515,saved per-run metrics; empty fields indicate another schema; may include full-data/in-sample runs
stage2/phase_study/results/A3_d025_cat1/cv/fold4_seed1/metrics.json,2026-09-26T03:05:24.437866+00:00,69,0.7115905492631835,0.6956521739130435,0.7101449275362319,0.8840336134453781,0.5797101449275363,saved per-run metrics; empty fields indicate another schema; may include full-data/in-sample runs
stage2/phase_study/results/A3_d025_cat1/cv/fold4_seed2/metrics.json,2026-09-26T03:05:48.381393+00:00,69,0.7161872909698996,0.6376811594202898,0.7536231884057971,0.8525641025641026,0.6756410256410257,saved per-run metrics; empty fields indicate another schema; may include full-data/in-sample runs
stage2/phase_study/results/A3_d025_cat1/seed0/metrics.json,2026-09-26T03:02:14.845457+00:00,70,0.7442747791094391,0.6571428571428571,0.8142857142857143,0.8857142857142857,0.6427842416819759,saved per-run metrics; empty fields indicate another schema; may include full-data/in-sample runs
stage2/phase_study/results/A3_d025_cat1/seed1/metrics.json,2026-09-26T03:03:35.082611+00:00,70,0.7438575784519611,0.6285714285714286,0.8142857142857143,0.8999795876709533,0.692404268675455,saved per-run metrics; empty fields indicate another schema; may include full-data/in-sample runs
stage2/phase_study/results/A4_d1_cat1_tr_mono/cv/fold0_seed0/metrics.json,2026-09-26T03:07:24.669996+00:00,70,0.7142992637320382,0.5428571428571428,0.8,0.8999795876709533,0.7286821705426356,saved per-run metrics; empty fields indicate another schema; may include full-data/in-sample runs
stage2/phase_study/results/A4_d1_cat1_tr_mono/cv/fold0_seed1/metrics.json,2026-09-26T03:09:01.691207+00:00,70,0.7071519688746223,0.5857142857142857,0.7571428571428571,0.8998159885503987,0.6811971372804164,saved per-run metrics; empty fields indicate another schema; may include full-data/in-sample runs
stage2/phase_study/results/A4_d1_cat1_tr_mono/cv/fold0_seed2/metrics.json,2026-09-26T03:10:42.852994+00:00,70,0.7191453485571132,0.5285714285714286,0.8285714285714286,0.8856209150326797,0.742014742014742,saved per-run metrics; empty fields indicate another schema; may include full-data/in-sample runs
stage2/phase_study/results/A4_d1_cat1_tr_mono/cv/fold1_seed0/metrics.json,2026-09-26T03:07:23.857837+00:00,70,0.6567292510121457,0.5428571428571428,0.6428571428571429,0.956923076923077,0.6546052631578947,saved per-run metrics; empty fields indicate another schema; may include full-data/in-sample runs
stage2/phase_study/results/A4_d1_cat1_tr_mono/cv/fold1_seed1/metrics.json,2026-09-26T03:10:12.666771+00:00,70,0.7053752782025937,0.6,0.7285714285714285,0.9428104575163399,0.6596913971676178,saved per-run metrics; empty fields indicate another schema; may include full-data/in-sample runs
stage2/phase_study/results/A4_d1_cat1_tr_mono/cv/fold1_seed2/metrics.json,2026-09-26T03:10:15.228441+00:00,70,0.6711907993966817,0.5142857142857142,0.7,0.9428104575163399,0.6984615384615385,saved per-run metrics; empty fields indicate another schema; may include full-data/in-sample runs
stage2/phase_study/results/A4_d1_cat1_tr_mono/cv/fold2_seed0/metrics.json,2026-09-26T03:07:41.181486+00:00,70,0.7286636048173096,0.6714285714285714,0.7428571428571429,0.8999795876709533,0.6577777777777778,saved per-run metrics; empty fields indicate another schema; may include full-data/in-sample runs
stage2/phase_study/results/A4_d1_cat1_tr_mono/cv/fold2_seed1/metrics.json,2026-09-26T03:09:24.266008+00:00,70,0.7133504781073814,0.6,0.7285714285714285,0.957134109001837,0.698535745047373,saved per-run metrics; empty fields indicate another schema; may include full-data/in-sample runs
stage2/phase_study/results/A4_d1_cat1_tr_mono/cv/fold2_seed2/metrics.json,2026-09-26T03:10:35.477120+00:00,70,0.7259646664331114,0.6285714285714286,0.7428571428571429,0.9282051282051282,0.7115593146822815,saved per-run metrics; empty fields indicate another schema; may include full-data/in-sample runs
stage2/phase_study/results/A4_d1_cat1_tr_mono/cv/fold3_seed0/metrics.json,2026-09-26T03:07:46.528724+00:00,70,0.6814107397978365,0.5,0.7571428571428571,0.9278499278499278,0.6815550041356493,saved per-run metrics; empty fields indicate another schema; may include full-data/in-sample runs
stage2/phase_study/results/A4_d1_cat1_tr_mono/cv/fold3_seed1/metrics.json,2026-09-26T03:08:47.559865+00:00,70,0.694100132253837,0.5857142857142857,0.7428571428571429,0.8999795876709533,0.6273546273546273,saved per-run metrics; empty fields indicate another schema; may include full-data/in-sample runs
stage2/phase_study/results/A4_d1_cat1_tr_mono/cv/fold3_seed2/metrics.json,2026-09-26T03:10:45.114080+00:00,70,0.7126785714285714,0.5857142857142857,0.7714285714285715,0.9416666666666667,0.6428571428571428,saved per-run metrics; empty fields indicate another schema; may include full-data/in-sample runs
stage2/phase_study/results/A4_d1_cat1_tr_mono/cv/fold4_seed0/metrics.json,2026-09-26T03:08:49.154150+00:00,69,0.6976861001317523,0.6666666666666666,0.6811594202898551,0.8838383838383839,0.6224747474747474,saved per-run metrics; empty fields indicate another schema; may include full-data/in-sample runs
stage2/phase_study/results/A4_d1_cat1_tr_mono/cv/fold4_seed1/metrics.json,2026-09-26T03:09:17.992334+00:00,69,0.7031790737152486,0.6086956521739131,0.7391304347826086,0.9130252100840336,0.6299077451190731,saved per-run metrics; empty fields indicate another schema; may include full-data/in-sample runs
stage2/phase_study/results/A4_d1_cat1_tr_mono/cv/fold4_seed2/metrics.json,2026-09-26T03:10:45.109578+00:00,69,0.6932408095245908,0.6231884057971014,0.6811594202898551,0.9125844594594594,0.6655426765015806,saved per-run metrics; empty fields indicate another schema; may include full-data/in-sample runs
stage2/phase_study/results/A4_d1_cat1_tr_mono/seed0/metrics.json,2026-09-26T03:07:42.265554+00:00,70,0.7178413962033068,0.6,0.8142857142857143,0.8428250663400694,0.6427842416819759,saved per-run metrics; empty fields indicate another schema; may include full-data/in-sample runs
stage2/phase_study/results/A4_d1_cat1_tr_mono/seed1/metrics.json,2026-09-26T03:07:42.850876+00:00,70,0.7334318488529015,0.6428571428571429,0.8,0.8994871794871795,0.623391812865497,saved per-run metrics; empty fields indicate another schema; may include full-data/in-sample runs
stage2/phase_study/results/A5_d025_cat1_tr_mono/cv/fold0_seed0/metrics.json,2026-09-26T03:12:15.102500+00:00,70,0.7142801673706133,0.5571428571428572,0.8,0.8711919852790839,0.7240091305250052,saved per-run metrics; empty fields indicate another schema; may include full-data/in-sample runs
stage2/phase_study/results/A5_d025_cat1_tr_mono/cv/fold0_seed1/metrics.json,2026-09-26T03:14:22.862468+00:00,70,0.7182965686274511,0.5714285714285714,0.7857142857142857,0.9428104575163399,0.6791666666666667,saved per-run metrics; empty fields indicate another schema; may include full-data/in-sample runs
stage2/phase_study/results/A5_d025_cat1_tr_mono/cv/fold0_seed2/metrics.json,2026-09-26T03:14:41.152710+00:00,70,0.6868560132125519,0.5571428571428572,0.7285714285714285,0.9282051282051282,0.6508349598785512,saved per-run metrics; empty fields indicate another schema; may include full-data/in-sample runs
stage2/phase_study/results/A5_d025_cat1_tr_mono/cv/fold1_seed0/metrics.json,2026-09-26T03:11:55.146269+00:00,70,0.6731568825136172,0.5571428571428572,0.7,0.9285568483363952,0.6258223684210527,saved per-run metrics; empty fields indicate another schema; may include full-data/in-sample runs
stage2/phase_study/results/A5_d025_cat1_tr_mono/cv/fold1_seed1/metrics.json,2026-09-26T03:14:44.306142+00:00,70,0.6483823529411764,0.5428571428571428,0.6142857142857143,0.9142156862745098,0.7083333333333333,saved per-run metrics; empty fields indicate another schema; may include full-data/in-sample runs
stage2/phase_study/results/A5_d025_cat1_tr_mono/cv/fold1_seed2/metrics.json,2026-09-26T03:15:32.814945+00:00,70,0.6706749042523379,0.5571428571428572,0.7142857142857143,0.8999795876709533,0.6045197740112994,saved per-run metrics; empty fields indicate another schema; may include full-data/in-sample runs
stage2/phase_study/results/A5_d025_cat1_tr_mono/cv/fold2_seed0/metrics.json,2026-09-26T03:13:01.182382+00:00,70,0.7124307566515937,0.6142857142857143,0.7142857142857143,0.957134109001837,0.692404268675455,saved per-run metrics; empty fields indicate another schema; may include full-data/in-sample runs
stage2/phase_study/results/A5_d025_cat1_tr_mono/cv/fold2_seed1/metrics.json,2026-09-26T03:14:41.977622+00:00,70,0.7180264489088019,0.6285714285714286,0.7,0.9713349713349714,0.7155080213903744,saved per-run metrics; empty fields indicate another schema; may include full-data/in-sample runs
stage2/phase_study/results/A5_d025_cat1_tr_mono/cv/fold2_seed2/metrics.json,2026-09-26T03:15:40.639659+00:00,70,0.7187974882260596,0.5857142857142857,0.7571428571428571,0.956923076923077,0.7017268445839875,saved per-run metrics; empty fields indicate another schema; may include full-data/in-sample runs
stage2/phase_study/results/A5_d025_cat1_tr_mono/cv/fold3_seed0/metrics.json,2026-09-26T03:12:00.046495+00:00,70,0.7005026823968848,0.5285714285714286,0.7571428571428571,0.9273708238223698,0.7426470588235294,saved per-run metrics; empty fields indicate another schema; may include full-data/in-sample runs
stage2/phase_study/results/A5_d025_cat1_tr_mono/cv/fold3_seed1/metrics.json,2026-09-26T03:14:46.800332+00:00,70,0.7231404576477158,0.5714285714285714,0.7857142857142857,0.9284399918217133,0.7258297258297258,saved per-run metrics; empty fields indicate another schema; may include full-data/in-sample runs
stage2/phase_study/results/A5_d025_cat1_tr_mono/cv/fold3_seed2/metrics.json,2026-09-26T03:15:55.998095+00:00,70,0.730326923076923,0.6,0.7714285714285715,0.9416666666666667,0.7271794871794872,saved per-run metrics; empty fields indicate another schema; may include full-data/in-sample runs
stage2/phase_study/results/A5_d025_cat1_tr_mono/cv/fold4_seed0/metrics.json,2026-09-26T03:13:28.003885+00:00,69,0.6835247927901875,0.5797101449275363,0.7246376811594203,0.8834459459459459,0.6299077451190731,saved per-run metrics; empty fields indicate another schema; may include full-data/in-sample runs
stage2/phase_study/results/A5_d025_cat1_tr_mono/cv/fold4_seed1/metrics.json,2026-09-26T03:14:06.887912+00:00,69,0.6763764055327143,0.5362318840579711,0.7391304347826086,0.8677879497551628,0.6655426765015806,saved per-run metrics; empty fields indicate another schema; may include full-data/in-sample runs
stage2/phase_study/results/A5_d025_cat1_tr_mono/cv/fold4_seed2/metrics.json,2026-09-26T03:15:36.767544+00:00,69,0.6782349121477975,0.5652173913043478,0.7101449275362319,0.8543074324324325,0.6914132379248659,saved per-run metrics; empty fields indicate another schema; may include full-data/in-sample runs
stage2/phase_study/results/A5_d025_cat1_tr_mono/seed0/metrics.json,2026-09-26T03:12:03.089526+00:00,70,0.7284184233489078,0.6428571428571429,0.7714285714285715,0.8566748566748568,0.699447965651196,saved per-run metrics; empty fields indicate another schema; may include full-data/in-sample runs
stage2/phase_study/results/A5_d025_cat1_tr_mono/seed1/metrics.json,2026-09-26T03:13:01.112972+00:00,70,0.7147661689198737,0.5571428571428572,0.8,0.8999795876709533,0.6984615384615385,saved per-run metrics; empty fields indicate another schema; may include full-data/in-sample runs
stage2/phase_study/results/E1_d1_cat1_detach/cv/fold0_seed0/metrics.json,2026-09-26T03:21:56.104170+00:00,70,0.7050903934774901,0.5571428571428572,0.7857142857142857,0.8857142857142857,0.6815550041356493,saved per-run metrics; empty fields indicate another schema; may include full-data/in-sample runs
stage2/phase_study/results/E1_d1_cat1_detach/cv/fold0_seed1/metrics.json,2026-09-26T03:23:08.607984+00:00,70,0.7169453784816696,0.5714285714285714,0.8285714285714286,0.8707692307692307,0.6421999591085668,saved per-run metrics; empty fields indicate another schema; may include full-data/in-sample runs
stage2/phase_study/results/E1_d1_cat1_detach/cv/fold0_seed2/metrics.json,2026-09-26T03:24:57.879128+00:00,70,0.7221288515406161,0.5571428571428572,0.8,0.8856209150326797,0.7619047619047619,saved per-run metrics; empty fields indicate another schema; may include full-data/in-sample runs
stage2/phase_study/results/E1_d1_cat1_detach/cv/fold1_seed0/metrics.json,2026-09-26T03:21:47.836634+00:00,70,0.6662355470443706,0.5571428571428572,0.6857142857142857,0.9142156862745098,0.6273546273546273,saved per-run metrics; empty fields indicate another schema; may include full-data/in-sample runs
stage2/phase_study/results/E1_d1_cat1_detach/cv/fold1_seed1/metrics.json,2026-09-26T03:23:09.313588+00:00,70,0.7059782881211452,0.6285714285714286,0.7285714285714285,0.914004914004914,0.6258503401360545,saved per-run metrics; empty fields indicate another schema; may include full-data/in-sample runs
stage2/phase_study/results/E1_d1_cat1_detach/cv/fold1_seed2/metrics.json,2026-09-26T03:25:14.802451+00:00,70,0.6822457395081449,0.5571428571428572,0.6857142857142857,0.9426699426699428,0.7056349873843566,saved per-run metrics; empty fields indicate another schema; may include full-data/in-sample runs
stage2/phase_study/results/E1_d1_cat1_detach/cv/fold2_seed0/metrics.json,2026-09-26T03:21:55.958911+00:00,70,0.6828462076808678,0.5428571428571428,0.7285714285714285,0.9428571428571428,0.6427842416819759,saved per-run metrics; empty fields indicate another schema; may include full-data/in-sample runs
stage2/phase_study/results/E1_d1_cat1_detach/cv/fold2_seed1/metrics.json,2026-09-26T03:23:51.768197+00:00,70,0.655836812561946,0.5,0.7142857142857143,0.8999795876709533,0.6389324960753533,saved per-run metrics; empty fields indicate another schema; may include full-data/in-sample runs
stage2/phase_study/results/E1_d1_cat1_detach/cv/fold2_seed2/metrics.json,2026-09-26T03:25:01.829807+00:00,70,0.6807440186132121,0.5571428571428572,0.6857142857142857,0.9856879983643426,0.652605459057072,saved per-run metrics; empty fields indicate another schema; may include full-data/in-sample runs
stage2/phase_study/results/E1_d1_cat1_detach/cv/fold3_seed0/metrics.json,2026-09-26T03:22:43.078573+00:00,70,0.7331874319716115,0.5428571428571428,0.8714285714285714,0.911690496215307,0.6762257169287696,saved per-run metrics; empty fields indicate another schema; may include full-data/in-sample runs
stage2/phase_study/results/E1_d1_cat1_detach/cv/fold3_seed1/metrics.json,2026-09-26T03:25:00.176551+00:00,70,0.735,0.5428571428571428,0.8142857142857143,0.9416666666666667,0.7916666666666667,saved per-run metrics; empty fields indicate another schema; may include full-data/in-sample runs
stage2/phase_study/results/E1_d1_cat1_detach/cv/fold3_seed2/metrics.json,2026-09-26T03:25:11.523798+00:00,70,0.7181228297753721,0.5428571428571428,0.8142857142857143,0.9267629211132036,0.6940559440559441,saved per-run metrics; empty fields indicate another schema; may include full-data/in-sample runs
stage2/phase_study/results/E1_d1_cat1_detach/cv/fold4_seed0/metrics.json,2026-09-26T03:23:07.332829+00:00,69,0.7088584856250022,0.6666666666666666,0.6956521739130435,0.8828522920203735,0.6641269841269841,saved per-run metrics; empty fields indicate another schema; may include full-data/in-sample runs
stage2/phase_study/results/E1_d1_cat1_detach/cv/fold4_seed1/metrics.json,2026-09-26T03:24:27.452498+00:00,69,0.7212381342143411,0.6521739130434783,0.7391304347826086,0.8840336134453781,0.6778438030560272,saved per-run metrics; empty fields indicate another schema; may include full-data/in-sample runs
stage2/phase_study/results/E1_d1_cat1_detach/cv/fold4_seed2/metrics.json,2026-09-26T03:25:19.565697+00:00,69,0.7149423282780191,0.6521739130434783,0.7391304347826086,0.8834459459459459,0.6364594309799789,saved per-run metrics; empty fields indicate another schema; may include full-data/in-sample runs
stage2/phase_study/results/E1_d1_cat1_detach/seed0/metrics.json,2026-09-26T03:22:33.174372+00:00,70,0.7018937459394021,0.5285714285714286,0.8142857142857143,0.8566748566748568,0.689283449587825,saved per-run metrics; empty fields indicate another schema; may include full-data/in-sample runs
stage2/phase_study/results/E1_d1_cat1_detach/seed1/metrics.json,2026-09-26T03:23:17.176412+00:00,70,0.7057990196078431,0.6,0.7428571428571429,0.9142156862745098,0.6577777777777778,saved per-run metrics; empty fields indicate another schema; may include full-data/in-sample runs
stage2/phase_study/results/E1_d1_cat1_shuffled/cv/fold0_seed0/metrics.json,2026-09-26T03:17:46.102116+00:00,70,0.7433823529411764,0.5857142857142857,0.8428571428571429,0.9142156862745098,0.7083333333333333,saved per-run metrics; empty fields indicate another schema; may include full-data/in-sample runs
stage2/phase_study/results/E1_d1_cat1_shuffled/cv/fold0_seed1/metrics.json,2026-09-26T03:18:46.389452+00:00,70,0.7014985352485352,0.5285714285714286,0.7857142857142857,0.8853398853398853,0.7246503496503496,saved per-run metrics; empty fields indicate another schema; may include full-data/in-sample runs
stage2/phase_study/results/E1_d1_cat1_shuffled/cv/fold0_seed2/metrics.json,2026-09-26T03:20:17.432616+00:00,70,0.7052802197802197,0.5285714285714286,0.8,0.8994871794871795,0.7023809523809523,saved per-run metrics; empty fields indicate another schema; may include full-data/in-sample runs
stage2/phase_study/results/E1_d1_cat1_shuffled/cv/fold1_seed0/metrics.json,2026-09-26T03:17:27.148236+00:00,70,0.6695265446789642,0.5428571428571428,0.6428571428571429,0.9284399918217133,0.7684036393713813,saved per-run metrics; empty fields indicate another schema; may include full-data/in-sample runs
stage2/phase_study/results/E1_d1_cat1_shuffled/cv/fold1_seed1/metrics.json,2026-09-26T03:18:40.511295+00:00,70,0.6910099039615846,0.5571428571428572,0.7571428571428571,0.9142156862745098,0.6258503401360545,saved per-run metrics; empty fields indicate another schema; may include full-data/in-sample runs
stage2/phase_study/results/E1_d1_cat1_shuffled/cv/fold1_seed2/metrics.json,2026-09-26T03:20:08.592322+00:00,70,0.6945243967060735,0.6142857142857143,0.6857142857142857,0.9284399918217133,0.6683893195521102,saved per-run metrics; empty fields indicate another schema; may include full-data/in-sample runs
stage2/phase_study/results/E1_d1_cat1_shuffled/cv/fold2_seed0/metrics.json,2026-09-26T03:17:29.381812+00:00,70,0.6708879841955613,0.5571428571428572,0.6714285714285714,0.9428104575163399,0.6631094371207366,saved per-run metrics; empty fields indicate another schema; may include full-data/in-sample runs
stage2/phase_study/results/E1_d1_cat1_shuffled/cv/fold2_seed1/metrics.json,2026-09-26T03:19:45.274460+00:00,70,0.6583302714839763,0.5428571428571428,0.6571428571428571,0.8999795876709533,0.6888888888888889,saved per-run metrics; empty fields indicate another schema; may include full-data/in-sample runs
stage2/phase_study/results/E1_d1_cat1_shuffled/cv/fold2_seed2/metrics.json,2026-09-26T03:20:34.996652+00:00,70,0.6988114533187115,0.5428571428571428,0.7571428571428571,0.9284399918217133,0.696969696969697,saved per-run metrics; empty fields indicate another schema; may include full-data/in-sample runs
stage2/phase_study/results/E1_d1_cat1_shuffled/cv/fold3_seed0/metrics.json,2026-09-26T03:17:57.470061+00:00,70,0.7103899433577259,0.5,0.8571428571428571,0.9136513157894737,0.655614973262032,saved per-run metrics; empty fields indicate another schema; may include full-data/in-sample runs
stage2/phase_study/results/E1_d1_cat1_shuffled/cv/fold3_seed1/metrics.json,2026-09-26T03:19:01.632278+00:00,70,0.7183260253260253,0.5714285714285714,0.8142857142857143,0.8994871794871795,0.6560196560196561,saved per-run metrics; empty fields indicate another schema; may include full-data/in-sample runs
stage2/phase_study/results/E1_d1_cat1_shuffled/cv/fold3_seed2/metrics.json,2026-09-26T03:20:38.268966+00:00,70,0.7230756578947368,0.5428571428571428,0.8142857142857143,0.9416666666666667,0.712171052631579,saved per-run metrics; empty fields indicate another schema; may include full-data/in-sample runs
stage2/phase_study/results/E1_d1_cat1_shuffled/cv/fold4_seed0/metrics.json,2026-09-26T03:18:44.990226+00:00,69,0.6776455800525191,0.6231884057971014,0.6956521739130435,0.8400421496311907,0.6003003647285989,saved per-run metrics; empty fields indicate another schema; may include full-data/in-sample runs
stage2/phase_study/results/E1_d1_cat1_shuffled/cv/fold4_seed1/metrics.json,2026-09-26T03:19:20.299738+00:00,69,0.6765658106619205,0.5942028985507246,0.7101449275362319,0.8405797101449275,0.6263807667316439,saved per-run metrics; empty fields indicate another schema; may include full-data/in-sample runs
stage2/phase_study/results/E1_d1_cat1_shuffled/cv/fold4_seed2/metrics.json,2026-09-26T03:20:26.263191+00:00,69,0.6910377576806657,0.6231884057971014,0.6811594202898551,0.8677879497551628,0.6956521739130435,saved per-run metrics; empty fields indicate another schema; may include full-data/in-sample runs
stage2/phase_study/results/E1_d1_cat1_shuffled/seed0/metrics.json,2026-09-26T03:17:12.490960+00:00,70,0.7259429907202412,0.6142857142857143,0.8142857142857143,0.8428250663400694,0.6634615384615384,saved per-run metrics; empty fields indicate another schema; may include full-data/in-sample runs
stage2/phase_study/results/E1_d1_cat1_shuffled/seed1/metrics.json,2026-09-26T03:18:23.749117+00:00,70,0.6983712551216792,0.5571428571428572,0.7857142857142857,0.8856209150326797,0.6368541191118489,saved per-run metrics; empty fields indicate another schema; may include full-data/in-sample runs
stage2/phase_study/results/L_ord0.1/cv/fold0_seed0/metrics.json,2026-09-26T04:04:04.839254+00:00,70,0.7283925878043525,0.6,0.8142857142857143,0.8856209150326797,0.6703296703296704,saved per-run metrics; empty fields indicate another schema; may include full-data/in-sample runs
stage2/phase_study/results/L_ord0.1/cv/fold0_seed1/metrics.json,2026-09-26T04:07:07.903642+00:00,70,0.7283492425814484,0.6,0.7857142857142857,0.8692674828802656,0.7530608009960573,saved per-run metrics; empty fields indicate another schema; may include full-data/in-sample runs
stage2/phase_study/results/L_ord0.1/cv/fold0_seed2/metrics.json,2026-09-26T04:09:02.749836+00:00,70,0.7292743417023881,0.5857142857142857,0.8,0.8999795876709533,0.7285160236783017,saved per-run metrics; empty fields indicate another schema; may include full-data/in-sample runs
stage2/phase_study/results/L_ord0.1/cv/fold1_seed0/metrics.json,2026-09-26T04:03:01.310531+00:00,70,0.635366256332461,0.4857142857142857,0.7,0.8999795876709533,0.5691287878787878,saved per-run metrics; empty fields indicate another schema; may include full-data/in-sample runs
stage2/phase_study/results/L_ord0.1/cv/fold1_seed1/metrics.json,2026-09-26T04:07:37.484198+00:00,70,0.7168085514272992,0.6,0.7285714285714285,0.9142156862745098,0.7645079899074854,saved per-run metrics; empty fields indicate another schema; may include full-data/in-sample runs
stage2/phase_study/results/L_ord0.1/cv/fold1_seed2/metrics.json,2026-09-26T04:09:10.186580+00:00,70,0.68850961778135,0.5571428571428572,0.7142857142857143,0.9284399918217133,0.6949574600539531,saved per-run metrics; empty fields indicate another schema; may include full-data/in-sample runs
stage2/phase_study/results/L_ord0.1/cv/fold2_seed0/metrics.json,2026-09-26T04:03:31.795077+00:00,70,0.6859754464586109,0.5285714285714286,0.7428571428571429,0.9428104575163399,0.6636925188743994,saved per-run metrics; empty fields indicate another schema; may include full-data/in-sample runs
stage2/phase_study/results/L_ord0.1/cv/fold2_seed1/metrics.json,2026-09-26T04:06:47.123756+00:00,70,0.7103977221773832,0.6,0.7285714285714285,0.9142857142857143,0.7216991002301736,saved per-run metrics; empty fields indicate another schema; may include full-data/in-sample runs
stage2/phase_study/results/L_ord0.1/cv/fold2_seed2/metrics.json,2026-09-26T04:09:09.165085+00:00,70,0.6727872127872128,0.5571428571428572,0.7142857142857143,0.8857142857142857,0.6328671328671329,saved per-run metrics; empty fields indicate another schema; may include full-data/in-sample runs
stage2/phase_study/results/L_ord0.1/cv/fold3_seed0/metrics.json,2026-09-26T04:04:10.756050+00:00,70,0.7414817702050398,0.6,0.8285714285714286,0.8983191533513177,0.7115593146822815,saved per-run metrics; empty fields indicate another schema; may include full-data/in-sample runs
stage2/phase_study/results/L_ord0.1/cv/fold3_seed1/metrics.json,2026-09-26T04:07:07.095744+00:00,70,0.7056678010081283,0.5714285714285714,0.7571428571428571,0.897468089558485,0.7069839171623706,saved per-run metrics; empty fields indicate another schema; may include full-data/in-sample runs
stage2/phase_study/results/L_ord0.1/cv/fold3_seed2/metrics.json,2026-09-26T04:09:00.570349+00:00,70,0.7112728052015268,0.5571428571428572,0.8,0.911690496215307,0.6634615384615384,saved per-run metrics; empty fields indicate another schema; may include full-data/in-sample runs
stage2/phase_study/results/L_ord0.1/cv/fold4_seed0/metrics.json,2026-09-26T04:07:09.475517+00:00,69,0.7200027307774683,0.6666666666666666,0.7681159420289855,0.8685714285714285,0.5836206896551724,saved per-run metrics; empty fields indicate another schema; may include full-data/in-sample runs
stage2/phase_study/results/L_ord0.1/cv/fold4_seed1/metrics.json,2026-09-26T04:06:29.492570+00:00,69,0.734685885195396,0.6521739130434783,0.7536231884057971,0.9125844594594594,0.7051282051282051,saved per-run metrics; empty fields indicate another schema; may include full-data/in-sample runs
stage2/phase_study/results/L_ord0.1/cv/fold4_seed2/metrics.json,2026-09-26T04:09:03.548874+00:00,69,0.6787458592132505,0.5797101449275363,0.6956521739130435,0.8685714285714285,0.6805555555555556,saved per-run metrics; empty fields indicate another schema; may include full-data/in-sample runs
stage2/phase_study/results/L_ord0.1/seed0/metrics.json,2026-09-26T04:03:29.742866+00:00,70,0.7087012987012986,0.6285714285714286,0.7428571428571429,0.9142857142857143,0.6103896103896104,saved per-run metrics; empty fields indicate another schema; may include full-data/in-sample runs
stage2/phase_study/results/L_ord0.1/seed1/metrics.json,2026-09-26T04:03:46.686476+00:00,70,0.7228282634518478,0.5428571428571428,0.8285714285714286,0.8999795876709533,0.7188755020080322,saved per-run metrics; empty fields indicate another schema; may include full-data/in-sample runs
stage2/phase_study/results/L_ord0.25/cv/fold0_seed0/metrics.json,2026-09-26T04:11:39.995279+00:00,70,0.7379881052505106,0.6,0.8142857142857143,0.9142857142857143,0.7056349873843566,saved per-run metrics; empty fields indicate another schema; may include full-data/in-sample runs
stage2/phase_study/results/L_ord0.25/cv/fold0_seed1/metrics.json,2026-09-26T04:14:15.031467+00:00,70,0.7145052729528536,0.5571428571428572,0.8142857142857143,0.8842018196856907,0.6791666666666667,saved per-run metrics; empty fields indicate another schema; may include full-data/in-sample runs
stage2/phase_study/results/L_ord0.25/cv/fold0_seed2/metrics.json,2026-09-26T04:16:13.524619+00:00,70,0.7338662501435187,0.5571428571428572,0.8428571428571429,0.9142156862745098,0.7115593146822815,saved per-run metrics; empty fields indicate another schema; may include full-data/in-sample runs
stage2/phase_study/results/L_ord0.25/cv/fold1_seed0/metrics.json,2026-09-26T04:10:52.606895+00:00,70,0.6424668746011741,0.5285714285714286,0.6571428571428571,0.9285568483363952,0.5878889823380993,saved per-run metrics; empty fields indicate another schema; may include full-data/in-sample runs
stage2/phase_study/results/L_ord0.25/cv/fold1_seed1/metrics.json,2026-09-26T04:14:43.157178+00:00,70,0.7439974976004387,0.6142857142857143,0.7714285714285715,0.9714052287581699,0.7552447552447552,saved per-run metrics; empty fields indicate another schema; may include full-data/in-sample runs
stage2/phase_study/results/L_ord0.25/cv/fold1_seed2/metrics.json,2026-09-26T04:17:07.165098+00:00,70,0.7027820805465544,0.6,0.7,0.956923076923077,0.6949574600539531,saved per-run metrics; empty fields indicate another schema; may include full-data/in-sample runs
stage2/phase_study/results/L_ord0.25/cv/fold2_seed0/metrics.json,2026-09-26T04:11:14.355420+00:00,70,0.681856013212552,0.5142857142857142,0.7571428571428571,0.9282051282051282,0.6508349598785512,saved per-run metrics; empty fields indicate another schema; may include full-data/in-sample runs
stage2/phase_study/results/L_ord0.25/cv/fold2_seed1/metrics.json,2026-09-26T04:13:53.250782+00:00,70,0.6847758380859996,0.5714285714285714,0.7428571428571429,0.8998159885503987,0.5986895986895987,saved per-run metrics; empty fields indicate another schema; may include full-data/in-sample runs
stage2/phase_study/results/L_ord0.25/cv/fold2_seed2/metrics.json,2026-09-26T04:16:56.826014+00:00,70,0.7043806887768594,0.5857142857142857,0.7,0.9428104575163399,0.7530608009960573,saved per-run metrics; empty fields indicate another schema; may include full-data/in-sample runs
stage2/phase_study/results/L_ord0.25/cv/fold3_seed0/metrics.json,2026-09-26T04:12:34.868418+00:00,70,0.7560540709730882,0.6142857142857143,0.8714285714285714,0.897468089558485,0.6762257169287696,saved per-run metrics; empty fields indicate another schema; may include full-data/in-sample runs
stage2/phase_study/results/L_ord0.25/cv/fold3_seed1/metrics.json,2026-09-26T04:14:11.117191+00:00,70,0.6854987874294924,0.5142857142857142,0.8,0.8402158124092136,0.6631094371207366,saved per-run metrics; empty fields indicate another schema; may include full-data/in-sample runs
stage2/phase_study/results/L_ord0.25/cv/fold3_seed2/metrics.json,2026-09-26T04:16:36.379020+00:00,70,0.7185151515151516,0.5428571428571428,0.8428571428571429,0.898989898989899,0.6577777777777778,saved per-run metrics; empty fields indicate another schema; may include full-data/in-sample runs
stage2/phase_study/results/L_ord0.25/cv/fold4_seed0/metrics.json,2026-09-26T04:12:39.296775+00:00,69,0.6921765666303947,0.6376811594202898,0.7246376811594203,0.8677879497551628,0.5679785330948122,saved per-run metrics; empty fields indicate another schema; may include full-data/in-sample runs
stage2/phase_study/results/L_ord0.25/cv/fold4_seed1/metrics.json,2026-09-26T04:15:47.840345+00:00,69,0.7076482683982684,0.6231884057971014,0.7101449275362319,0.8547979797979799,0.7517460317460317,saved per-run metrics; empty fields indicate another schema; may include full-data/in-sample runs
stage2/phase_study/results/L_ord0.25/cv/fold4_seed2/metrics.json,2026-09-26T04:17:13.786619+00:00,69,0.6878768517599229,0.5797101449275363,0.7246376811594203,0.8828522920203735,0.6595151255095473,saved per-run metrics; empty fields indicate another schema; may include full-data/in-sample runs
stage2/phase_study/results/L_ord0.25/seed0/metrics.json,2026-09-26T04:11:37.069002+00:00,70,0.722943599671174,0.5857142857142857,0.8142857142857143,0.8714023270055113,0.6815550041356493,saved per-run metrics; empty fields indicate another schema; may include full-data/in-sample runs
stage2/phase_study/results/L_ord0.25/seed1/metrics.json,2026-09-26T04:12:34.821999+00:00,70,0.7115667189952904,0.6,0.7714285714285715,0.8420512820512821,0.7017268445839875,saved per-run metrics; empty fields indicate another schema; may include full-data/in-sample runs
stage2/phase_study/results/L_ord0.5/cv/fold0_seed0/metrics.json,2026-09-26T04:20:10.762521+00:00,70,0.7292607735071983,0.6142857142857143,0.8142857142857143,0.8856209150326797,0.6427842416819759,saved per-run metrics; empty fields indicate another schema; may include full-data/in-sample runs
stage2/phase_study/results/L_ord0.5/cv/fold0_seed1/metrics.json,2026-09-26T04:21:30.365976+00:00,70,0.7161507843044891,0.5571428571428572,0.8285714285714286,0.8999795876709533,0.641025641025641,saved per-run metrics; empty fields indicate another schema; may include full-data/in-sample runs
stage2/phase_study/results/L_ord0.5/cv/fold0_seed2/metrics.json,2026-09-26T04:22:50.795498+00:00,70,0.7246266406957196,0.6142857142857143,0.7714285714285715,0.8853398853398853,0.712171052631579,saved per-run metrics; empty fields indicate another schema; may include full-data/in-sample runs
stage2/phase_study/results/L_ord0.5/cv/fold1_seed0/metrics.json,2026-09-26T04:18:52.165859+00:00,70,0.6713142153348515,0.5571428571428572,0.7285714285714285,0.9285568483363952,0.5468712538959482,saved per-run metrics; empty fields indicate another schema; may include full-data/in-sample runs
stage2/phase_study/results/L_ord0.5/cv/fold1_seed1/metrics.json,2026-09-26T04:21:38.367628+00:00,70,0.6945148601398601,0.5428571428571428,0.7571428571428571,0.9282051282051282,0.668560606060606,saved per-run metrics; empty fields indicate another schema; may include full-data/in-sample runs
stage2/phase_study/results/L_ord0.5/cv/fold1_seed2/metrics.json,2026-09-26T04:24:41.300175+00:00,70,0.7118932494457246,0.6,0.7571428571428571,0.9424342105263157,0.6368541191118489,saved per-run metrics; empty fields indicate another schema; may include full-data/in-sample runs
stage2/phase_study/results/L_ord0.5/cv/fold2_seed0/metrics.json,2026-09-26T04:20:41.447837+00:00,70,0.6777290056923371,0.5714285714285714,0.7,0.8856209150326797,0.665905789582901,saved per-run metrics; empty fields indicate another schema; may include full-data/in-sample runs
stage2/phase_study/results/L_ord0.5/cv/fold2_seed1/metrics.json,2026-09-26T04:21:41.552152+00:00,70,0.6749702241253696,0.5142857142857142,0.7285714285714285,0.9284399918217133,0.6713615023474178,saved per-run metrics; empty fields indicate another schema; may include full-data/in-sample runs
stage2/phase_study/results/L_ord0.5/cv/fold2_seed2/metrics.json,2026-09-26T04:24:04.679990+00:00,70,0.6941937107072578,0.6,0.6857142857142857,0.957134109001837,0.6708239623798814,saved per-run metrics; empty fields indicate another schema; may include full-data/in-sample runs
stage2/phase_study/results/L_ord0.5/cv/fold3_seed0/metrics.json,2026-09-26T04:19:58.396734+00:00,70,0.7033870969386636,0.5714285714285714,0.7857142857142857,0.8566748566748568,0.665905789582901,saved per-run metrics; empty fields indicate another schema; may include full-data/in-sample runs
stage2/phase_study/results/L_ord0.5/cv/fold3_seed1/metrics.json,2026-09-26T04:21:29.284078+00:00,70,0.6977527311398278,0.5142857142857142,0.8142857142857143,0.8701298701298701,0.6815550041356493,saved per-run metrics; empty fields indicate another schema; may include full-data/in-sample runs
stage2/phase_study/results/L_ord0.5/cv/fold3_seed2/metrics.json,2026-09-26T04:23:37.575893+00:00,70,0.7385767146821726,0.6142857142857143,0.8285714285714286,0.8809523809523809,0.6762257169287696,saved per-run metrics; empty fields indicate another schema; may include full-data/in-sample runs
stage2/phase_study/results/L_ord0.5/cv/fold4_seed0/metrics.json,2026-09-26T04:20:54.040019+00:00,69,0.7160055252759119,0.6666666666666666,0.7246376811594203,0.8535653650254669,0.6734279918864097,saved per-run metrics; empty fields indicate another schema; may include full-data/in-sample runs
stage2/phase_study/results/L_ord0.5/cv/fold4_seed1/metrics.json,2026-09-26T04:22:43.301586+00:00,69,0.7260448843569047,0.6376811594202898,0.7536231884057971,0.8838383838383839,0.7100840336134454,saved per-run metrics; empty fields indicate another schema; may include full-data/in-sample runs
stage2/phase_study/results/L_ord0.5/cv/fold4_seed2/metrics.json,2026-09-26T04:24:19.254634+00:00,69,0.701390506669742,0.6231884057971014,0.7391304347826086,0.8215517241379311,0.6756410256410257,saved per-run metrics; empty fields indicate another schema; may include full-data/in-sample runs
stage2/phase_study/results/L_ord0.5/seed0/metrics.json,2026-09-26T04:20:15.987309+00:00,70,0.7269136745607334,0.6142857142857143,0.8142857142857143,0.8571428571428571,0.655614973262032,saved per-run metrics; empty fields indicate another schema; may include full-data/in-sample runs
stage2/phase_study/results/L_ord0.5/seed1/metrics.json,2026-09-26T04:19:52.051994+00:00,70,0.6924425903245559,0.5428571428571428,0.7571428571428571,0.8999795876709533,0.6829710144927537,saved per-run metrics; empty fields indicate another schema; may include full-data/in-sample runs
stage2/phase_study/results/L_ord1_gradlog/seed0/metrics.json,2026-09-26T04:47:24.514429+00:00,70,0.7512223982825598,0.6428571428571429,0.8142857142857143,0.8998159885503987,0.7083333333333333,saved per-run metrics; empty fields indicate another schema; may include full-data/in-sample runs
stage2/phase_study/results/L_ord1_gradlog/seed1/metrics.json,2026-09-26T04:46:49.681915+00:00,70,0.723061706097871,0.6,0.7714285714285715,0.8853398853398853,0.735071488645921,saved per-run metrics; empty fields indicate another schema; may include full-data/in-sample runs
stage2/phase_study/results/L_ord2/cv/fold0_seed0/metrics.json,2026-09-26T04:31:47.426192+00:00,70,0.7107390321559245,0.5285714285714286,0.8285714285714286,0.8560855263157895,0.7155080213903744,saved per-run metrics; empty fields indicate another schema; may include full-data/in-sample runs
stage2/phase_study/results/L_ord2/cv/fold0_seed1/metrics.json,2026-09-26T04:39:43.492087+00:00,70,0.7317905801007416,0.6285714285714286,0.7571428571428571,0.8998159885503987,0.7454545454545455,saved per-run metrics; empty fields indicate another schema; may include full-data/in-sample runs
stage2/phase_study/results/L_ord2/cv/fold0_seed2/metrics.json,2026-09-26T04:43:02.341728+00:00,70,0.7176785714285715,0.5857142857142857,0.7714285714285715,0.8857142857142857,0.7321428571428572,saved per-run metrics; empty fields indicate another schema; may include full-data/in-sample runs
stage2/phase_study/results/L_ord2/cv/fold1_seed0/metrics.json,2026-09-26T04:38:27.526496+00:00,70,0.699731175481126,0.6714285714285714,0.6714285714285714,0.9142156862745098,0.6173254835996635,saved per-run metrics; empty fields indicate another schema; may include full-data/in-sample runs
stage2/phase_study/results/L_ord2/cv/fold1_seed1/metrics.json,2026-09-26T04:39:01.674782+00:00,70,0.6934920429531574,0.6142857142857143,0.7,0.8566748566748568,0.6999387630128597,saved per-run metrics; empty fields indicate another schema; may include full-data/in-sample runs
stage2/phase_study/results/L_ord2/cv/fold1_seed2/metrics.json,2026-09-26T04:44:11.643154+00:00,70,0.6786337420208387,0.5714285714285714,0.6714285714285714,0.9426699426699428,0.6815550041356493,saved per-run metrics; empty fields indicate another schema; may include full-data/in-sample runs
stage2/phase_study/results/L_ord2/cv/fold2_seed0/metrics.json,2026-09-26T04:35:46.075603+00:00,70,0.6905844140794597,0.5714285714285714,0.7142857142857143,0.957134109001837,0.6467619848612278,saved per-run metrics; empty fields indicate another schema; may include full-data/in-sample runs
stage2/phase_study/results/L_ord2/cv/fold2_seed1/metrics.json,2026-09-26T04:43:42.106744+00:00,70,0.698179940515532,0.5714285714285714,0.7285714285714285,0.9142156862745098,0.7069839171623706,saved per-run metrics; empty fields indicate another schema; may include full-data/in-sample runs
stage2/phase_study/results/L_ord2/cv/fold2_seed2/metrics.json,2026-09-26T04:44:10.800759+00:00,70,0.7220287255802923,0.5857142857142857,0.8,0.9142857142857143,0.665905789582901,saved per-run metrics; empty fields indicate another schema; may include full-data/in-sample runs
stage2/phase_study/results/L_ord2/cv/fold3_seed0/metrics.json,2026-09-26T04:31:47.488284+00:00,70,0.697566500453678,0.5571428571428572,0.7571428571428571,0.8983191533513177,0.6854575163398693,saved per-run metrics; empty fields indicate another schema; may include full-data/in-sample runs
stage2/phase_study/results/L_ord2/cv/fold3_seed1/metrics.json,2026-09-26T04:43:57.825009+00:00,70,0.6894005751908786,0.5142857142857142,0.7714285714285715,0.897468089558485,0.698535745047373,saved per-run metrics; empty fields indicate another schema; may include full-data/in-sample runs
stage2/phase_study/results/L_ord2/cv/fold3_seed2/metrics.json,2026-09-26T04:45:14.862088+00:00,70,0.7213757567375914,0.5428571428571428,0.8,0.9273708238223698,0.7484675544282393,saved per-run metrics; empty fields indicate another schema; may include full-data/in-sample runs
stage2/phase_study/results/L_ord2/cv/fold4_seed0/metrics.json,2026-09-26T04:39:55.292528+00:00,69,0.6828152303747618,0.5797101449275363,0.6956521739130435,0.8691253951527924,0.7071307300509337,saved per-run metrics; empty fields indicate another schema; may include full-data/in-sample runs
stage2/phase_study/results/L_ord2/cv/fold4_seed1/metrics.json,2026-09-26T04:42:38.825676+00:00,69,0.6591584963577221,0.5942028985507246,0.7101449275362319,0.8400421496311907,0.5108695652173914,saved per-run metrics; empty fields indicate another schema; may include full-data/in-sample runs
stage2/phase_study/results/L_ord2/cv/fold4_seed2/metrics.json,2026-09-26T04:44:40.347782+00:00,69,0.7060857279017612,0.6376811594202898,0.7391304347826086,0.8384074941451991,0.6562703053931124,saved per-run metrics; empty fields indicate another schema; may include full-data/in-sample runs
stage2/phase_study/results/L_ord2/seed0/metrics.json,2026-09-26T04:37:06.258732+00:00,70,0.7706709115868797,0.6857142857142857,0.8285714285714286,0.8425679820077694,0.7619047619047619,saved per-run metrics; empty fields indicate another schema; may include full-data/in-sample runs
stage2/phase_study/results/L_ord2/seed1/metrics.json,2026-09-26T04:31:52.652501+00:00,70,0.704086209188771,0.6142857142857143,0.7428571428571429,0.8273026315789473,0.6999387630128597,saved per-run metrics; empty fields indicate another schema; may include full-data/in-sample runs
stage2/phase_study/results/M_ord1_mono0.05/cv/fold0_seed0/metrics.json,2026-09-26T05:04:40.639642+00:00,70,0.6985622430233576,0.5571428571428572,0.7714285714285715,0.8571428571428571,0.6999387630128597,saved per-run metrics; empty fields indicate another schema; may include full-data/in-sample runs
stage2/phase_study/results/M_ord1_mono0.05/cv/fold0_seed1/metrics.json,2026-09-26T05:06:57.421060+00:00,70,0.7106617647058823,0.5714285714285714,0.7857142857142857,0.8856209150326797,0.6854575163398693,saved per-run metrics; empty fields indicate another schema; may include full-data/in-sample runs
stage2/phase_study/results/M_ord1_mono0.05/cv/fold0_seed2/metrics.json,2026-09-26T05:09:53.452484+00:00,70,0.7310174244528014,0.5714285714285714,0.8142857142857143,0.9285568483363952,0.7115593146822815,saved per-run metrics; empty fields indicate another schema; may include full-data/in-sample runs
stage2/phase_study/results/M_ord1_mono0.05/cv/fold1_seed0/metrics.json,2026-09-26T05:04:48.649988+00:00,70,0.662201835511997,0.5428571428571428,0.7142857142857143,0.8998159885503987,0.5815295815295816,saved per-run metrics; empty fields indicate another schema; may include full-data/in-sample runs
stage2/phase_study/results/M_ord1_mono0.05/cv/fold1_seed1/metrics.json,2026-09-26T05:09:30.291558+00:00,70,0.7152247808061761,0.5857142857142857,0.7285714285714285,0.9426699426699428,0.7588285960378984,saved per-run metrics; empty fields indicate another schema; may include full-data/in-sample runs
stage2/phase_study/results/M_ord1_mono0.05/cv/fold1_seed2/metrics.json,2026-09-26T05:09:12.698689+00:00,70,0.6741371304763248,0.5714285714285714,0.7,0.914004914004914,0.613575955837252,saved per-run metrics; empty fields indicate another schema; may include full-data/in-sample runs
stage2/phase_study/results/M_ord1_mono0.05/cv/fold2_seed0/metrics.json,2026-09-26T05:06:36.411206+00:00,70,0.7132626512143319,0.6142857142857143,0.7714285714285715,0.9142156862745098,0.6075353218210361,saved per-run metrics; empty fields indicate another schema; may include full-data/in-sample runs
stage2/phase_study/results/M_ord1_mono0.05/cv/fold2_seed1/metrics.json,2026-09-26T05:09:51.270183+00:00,70,0.7061808531575973,0.5714285714285714,0.7428571428571429,0.9426699426699428,0.698535745047373,saved per-run metrics; empty fields indicate another schema; may include full-data/in-sample runs
stage2/phase_study/results/M_ord1_mono0.05/cv/fold2_seed2/metrics.json,2026-09-26T05:11:15.699082+00:00,70,0.6744999774669094,0.5428571428571428,0.7,0.9285568483363952,0.6681096681096681,saved per-run metrics; empty fields indicate another schema; may include full-data/in-sample runs
stage2/phase_study/results/M_ord1_mono0.05/cv/fold3_seed0/metrics.json,2026-09-26T05:06:31.170637+00:00,70,0.7181779956415765,0.5714285714285714,0.8285714285714286,0.9136513157894737,0.6075353218210361,saved per-run metrics; empty fields indicate another schema; may include full-data/in-sample runs
stage2/phase_study/results/M_ord1_mono0.05/cv/fold3_seed1/metrics.json,2026-09-26T05:08:15.373653+00:00,70,0.7033386313538501,0.5,0.8142857142857143,0.896427816529275,0.7258297258297258,saved per-run metrics; empty fields indicate another schema; may include full-data/in-sample runs
stage2/phase_study/results/M_ord1_mono0.05/cv/fold3_seed2/metrics.json,2026-09-26T05:12:05.368644+00:00,70,0.7264391202827507,0.5571428571428572,0.8428571428571429,0.913151364764268,0.6631094371207366,saved per-run metrics; empty fields indicate another schema; may include full-data/in-sample runs
stage2/phase_study/results/M_ord1_mono0.05/cv/fold4_seed0/metrics.json,2026-09-26T05:07:20.039360+00:00,69,0.6637868311241039,0.5797101449275363,0.6666666666666666,0.9125844594594594,0.6044485209814263,saved per-run metrics; empty fields indicate another schema; may include full-data/in-sample runs
stage2/phase_study/results/M_ord1_mono0.05/cv/fold4_seed1/metrics.json,2026-09-26T05:08:42.522728+00:00,69,0.6874434741092678,0.5942028985507246,0.7246376811594203,0.823076923076923,0.6825848849945235,saved per-run metrics; empty fields indicate another schema; may include full-data/in-sample runs
stage2/phase_study/results/M_ord1_mono0.05/cv/fold4_seed2/metrics.json,2026-09-26T05:11:22.496290+00:00,69,0.7098011148448582,0.6376811594202898,0.7246376811594203,0.8838383838383839,0.6694250871080138,saved per-run metrics; empty fields indicate another schema; may include full-data/in-sample runs
stage2/phase_study/results/M_ord1_mono0.05/seed0/metrics.json,2026-09-26T05:07:07.768667+00:00,70,0.732859498919897,0.6571428571428571,0.7714285714285715,0.8566748566748568,0.6957218027911233,saved per-run metrics; empty fields indicate another schema; may include full-data/in-sample runs
stage2/phase_study/results/M_ord1_mono0.05/seed1/metrics.json,2026-09-26T05:05:15.702116+00:00,70,0.7142167541941353,0.6,0.7571428571428571,0.8707692307692307,0.7240091305250052,saved per-run metrics; empty fields indicate another schema; may include full-data/in-sample runs
stage2/phase_study/results/M_ord1_mono0.2/cv/fold0_seed0/metrics.json,2026-09-26T05:13:44.252919+00:00,70,0.6979994423331444,0.5571428571428572,0.7714285714285715,0.8428250663400694,0.7105045492142266,saved per-run metrics; empty fields indicate another schema; may include full-data/in-sample runs
stage2/phase_study/results/M_ord1_mono0.2/cv/fold0_seed1/metrics.json,2026-09-26T05:16:35.366896+00:00,70,0.7026564479554613,0.5142857142857142,0.8285714285714286,0.8560855263157895,0.6949574600539531,saved per-run metrics; empty fields indicate another schema; may include full-data/in-sample runs
stage2/phase_study/results/M_ord1_mono0.2/cv/fold0_seed2/metrics.json,2026-09-26T05:19:42.550596+00:00,70,0.7123492818177268,0.5571428571428572,0.8,0.8707692307692307,0.7115593146822815,saved per-run metrics; empty fields indicate another schema; may include full-data/in-sample runs
stage2/phase_study/results/M_ord1_mono0.2/cv/fold1_seed0/metrics.json,2026-09-26T05:13:54.724098+00:00,70,0.6721323529411765,0.5571428571428572,0.7142857142857143,0.9142156862745098,0.6,saved per-run metrics; empty fields indicate another schema; may include full-data/in-sample runs
stage2/phase_study/results/M_ord1_mono0.2/cv/fold1_seed1/metrics.json,2026-09-26T05:17:07.186940+00:00,70,0.6974132371007371,0.6,0.7285714285714285,0.914004914004914,0.6354166666666667,saved per-run metrics; empty fields indicate another schema; may include full-data/in-sample runs
stage2/phase_study/results/M_ord1_mono0.2/cv/fold1_seed2/metrics.json,2026-09-26T05:18:30.184877+00:00,70,0.6667692307692308,0.5714285714285714,0.6857142857142857,0.9282051282051282,0.5835897435897436,saved per-run metrics; empty fields indicate another schema; may include full-data/in-sample runs
stage2/phase_study/results/M_ord1_mono0.2/cv/fold2_seed0/metrics.json,2026-09-26T05:16:12.115685+00:00,70,0.6706342241366924,0.6142857142857143,0.6714285714285714,0.8999795876709533,0.5709152399069963,saved per-run metrics; empty fields indicate another schema; may include full-data/in-sample runs
stage2/phase_study/results/M_ord1_mono0.2/cv/fold2_seed1/metrics.json,2026-09-26T05:19:45.971899+00:00,70,0.6895685947824105,0.5285714285714286,0.7142857142857143,0.9424342105263157,0.7546897546897546,saved per-run metrics; empty fields indicate another schema; may include full-data/in-sample runs
stage2/phase_study/results/M_ord1_mono0.2/cv/fold2_seed2/metrics.json,2026-09-26T05:19:15.768757+00:00,70,0.6907724365351483,0.5857142857142857,0.7,0.9713349713349714,0.633814605566018,saved per-run metrics; empty fields indicate another schema; may include full-data/in-sample runs
stage2/phase_study/results/M_ord1_mono0.2/cv/fold3_seed0/metrics.json,2026-09-26T05:15:36.129553+00:00,70,0.7089285714285714,0.5285714285714286,0.8428571428571429,0.8833333333333333,0.6428571428571428,saved per-run metrics; empty fields indicate another schema; may include full-data/in-sample runs
stage2/phase_study/results/M_ord1_mono0.2/cv/fold3_seed1/metrics.json,2026-09-26T05:17:41.197141+00:00,70,0.7033386313538501,0.5142857142857142,0.8,0.896427816529275,0.7258297258297258,saved per-run metrics; empty fields indicate another schema; may include full-data/in-sample runs
stage2/phase_study/results/M_ord1_mono0.2/cv/fold3_seed2/metrics.json,2026-09-26T05:20:20.607721+00:00,70,0.6948790226696259,0.5,0.7857142857142857,0.9136513157894737,0.7188755020080322,saved per-run metrics; empty fields indicate another schema; may include full-data/in-sample runs
stage2/phase_study/results/M_ord1_mono0.2/cv/fold4_seed0/metrics.json,2026-09-26T05:16:39.416875+00:00,69,0.684512533779358,0.6086956521739131,0.7101449275362319,0.8694555392053815,0.6166666666666667,saved per-run metrics; empty fields indicate another schema; may include full-data/in-sample runs
stage2/phase_study/results/M_ord1_mono0.2/cv/fold4_seed1/metrics.json,2026-09-26T05:18:36.939577+00:00,69,0.712824414715719,0.6231884057971014,0.7391304347826086,0.8977777777777778,0.6756410256410257,saved per-run metrics; empty fields indicate another schema; may include full-data/in-sample runs
stage2/phase_study/results/M_ord1_mono0.2/cv/fold4_seed2/metrics.json,2026-09-26T05:20:25.574085+00:00,69,0.7032717086834733,0.6521739130434783,0.6811594202898551,0.8840336134453781,0.6933333333333334,saved per-run metrics; empty fields indicate another schema; may include full-data/in-sample runs
stage2/phase_study/results/M_ord1_mono0.2/seed0/metrics.json,2026-09-26T05:16:03.670791+00:00,70,0.7554907108079326,0.6857142857142857,0.8,0.8714023270055113,0.698535745047373,saved per-run metrics; empty fields indicate another schema; may include full-data/in-sample runs
stage2/phase_study/results/M_ord1_mono0.2/seed1/metrics.json,2026-09-26T05:15:09.050479+00:00,70,0.7338733552631579,0.6285714285714286,0.7714285714285715,0.8848684210526316,0.740953947368421,saved per-run metrics; empty fields indicate another schema; may include full-data/in-sample runs
stage2/phase_study/results/PH_oldcode/cv/fold0_seed2/metrics.json,2026-09-26T04:25:12.689904+00:00,70,0.6538695872655467,0.5428571428571428,0.6714285714285714,0.8711919852790839,0.6546052631578947,saved per-run metrics; empty fields indicate another schema; may include full-data/in-sample runs
stage2/phase_study/results/PH_oldcode/cv/fold0_seed3/metrics.json,2026-09-26T04:35:20.844084+00:00,70,0.6907751623376622,0.5714285714285714,0.7285714285714285,0.8701298701298701,0.7017045454545454,saved per-run metrics; empty fields indicate another schema; may include full-data/in-sample runs
stage2/phase_study/results/PH_oldcode/cv/fold1_seed2/metrics.json,2026-09-26T04:27:12.068147+00:00,70,0.6587499428185697,0.5857142857142857,0.6142857142857143,0.9285568483363952,0.6631094371207366,saved per-run metrics; empty fields indicate another schema; may include full-data/in-sample runs
stage2/phase_study/results/PH_oldcode/cv/fold1_seed3/metrics.json,2026-09-26T04:37:12.405402+00:00,70,0.6492627960275018,0.5142857142857142,0.6428571428571429,0.9428571428571428,0.6855614973262032,saved per-run metrics; empty fields indicate another schema; may include full-data/in-sample runs
stage2/phase_study/results/PH_oldcode/cv/fold2_seed2/metrics.json,2026-09-26T04:29:41.021508+00:00,70,0.6873196153227619,0.5857142857142857,0.6714285714285714,0.9856879983643426,0.6631094371207366,saved per-run metrics; empty fields indicate another schema; may include full-data/in-sample runs
stage2/phase_study/results/PH_oldcode/cv/fold2_seed3/metrics.json,2026-09-26T04:39:27.840914+00:00,70,0.7210841805914388,0.6,0.7428571428571429,0.9284399918217133,0.7454545454545455,saved per-run metrics; empty fields indicate another schema; may include full-data/in-sample runs
stage2/phase_study/results/PH_oldcode/cv/fold3_seed2/metrics.json,2026-09-26T04:31:37.992664+00:00,70,0.6485983821992947,0.4857142857142857,0.6714285714285714,0.9424342105263157,0.6815550041356493,saved per-run metrics; empty fields indicate another schema; may include full-data/in-sample runs
stage2/phase_study/results/PH_oldcode/cv/fold3_seed3/metrics.json,2026-09-26T04:40:55.374589+00:00,70,0.6826710178453403,0.5142857142857142,0.7428571428571429,0.9416666666666667,0.6761401189689359,saved per-run metrics; empty fields indicate another schema; may include full-data/in-sample runs
stage2/phase_study/results/PH_oldcode/cv/fold4_seed2/metrics.json,2026-09-26T04:33:28.176039+00:00,69,0.7142698584694668,0.6521739130434783,0.7246376811594203,0.8828522920203735,0.6663863779693084,saved per-run metrics; empty fields indicate another schema; may include full-data/in-sample runs
stage2/phase_study/results/PH_oldcode/cv/fold4_seed3/metrics.json,2026-09-26T04:42:31.676340+00:00,69,0.6598241416796612,0.5217391304347826,0.6956521739130435,0.8691253951527924,0.6891225059000214,saved per-run metrics; empty fields indicate another schema; may include full-data/in-sample runs
stage2/phase_study/results/PH_repro_structsel/cv/fold0_seed0/metrics.json,2026-09-26T03:56:29.451997+00:00,70,0.7287815945707632,0.6142857142857143,0.7714285714285715,0.9136513157894737,0.7115593146822815,saved per-run metrics; empty fields indicate another schema; may include full-data/in-sample runs
stage2/phase_study/results/PH_repro_structsel/cv/fold0_seed1/metrics.json,2026-09-26T03:58:29.348838+00:00,70,0.7208592096325932,0.5857142857142857,0.7714285714285715,0.9285568483363952,0.7105045492142266,saved per-run metrics; empty fields indicate another schema; may include full-data/in-sample runs
stage2/phase_study/results/PH_repro_structsel/cv/fold0_seed2/metrics.json,2026-09-26T04:01:17.708952+00:00,70,0.6806766236346724,0.5285714285714286,0.7428571428571429,0.8998159885503987,0.6713615023474178,saved per-run metrics; empty fields indicate another schema; may include full-data/in-sample runs
stage2/phase_study/results/PH_repro_structsel/cv/fold0_seed3/metrics.json,2026-09-26T04:03:55.678127+00:00,70,0.6919738821659877,0.5857142857142857,0.7142857142857143,0.8848684210526316,0.6949574600539531,saved per-run metrics; empty fields indicate another schema; may include full-data/in-sample runs
stage2/phase_study/results/PH_repro_structsel/cv/fold0_seed4/metrics.json,2026-09-26T04:06:49.858389+00:00,70,0.7085714285714285,0.5571428571428572,0.8,0.9142857142857143,0.6428571428571428,saved per-run metrics; empty fields indicate another schema; may include full-data/in-sample runs
stage2/phase_study/results/PH_repro_structsel/cv/fold0_seed5/metrics.json,2026-09-26T04:12:43.922092+00:00,70,0.6882626512143318,0.5857142857142857,0.7285714285714285,0.9142156862745098,0.6075353218210361,saved per-run metrics; empty fields indicate another schema; may include full-data/in-sample runs
stage2/phase_study/results/PH_repro_structsel/cv/fold0_seed6/metrics.json,2026-09-26T04:14:08.598673+00:00,70,0.7110315490960653,0.5285714285714286,0.7571428571428571,0.9428571428571428,0.7973531844499586,saved per-run metrics; empty fields indicate another schema; may include full-data/in-sample runs
stage2/phase_study/results/PH_repro_structsel/cv/fold0_seed7/metrics.json,2026-09-26T04:18:21.014655+00:00,70,0.7004339367440983,0.5571428571428572,0.7714285714285715,0.8998159885503987,0.6697435897435897,saved per-run metrics; empty fields indicate another schema; may include full-data/in-sample runs
stage2/phase_study/results/PH_repro_structsel/cv/fold1_seed0/metrics.json,2026-09-26T03:56:29.279210+00:00,70,0.6848095992639541,0.5714285714285714,0.6714285714285714,0.957063995093028,0.7083333333333333,saved per-run metrics; empty fields indicate another schema; may include full-data/in-sample runs
stage2/phase_study/results/PH_repro_structsel/cv/fold1_seed1/metrics.json,2026-09-26T03:58:47.163899+00:00,70,0.6501287753581129,0.5571428571428572,0.6,0.9285568483363952,0.7056349873843566,saved per-run metrics; empty fields indicate another schema; may include full-data/in-sample runs
stage2/phase_study/results/PH_repro_structsel/cv/fold1_seed2/metrics.json,2026-09-26T04:01:38.569641+00:00,70,0.6956733802414026,0.5571428571428572,0.7142857142857143,0.971217105263158,0.6999387630128597,saved per-run metrics; empty fields indicate another schema; may include full-data/in-sample runs
stage2/phase_study/results/PH_repro_structsel/cv/fold1_seed3/metrics.json,2026-09-26T04:04:31.912260+00:00,70,0.6634259828009827,0.5714285714285714,0.6285714285714286,0.8853398853398853,0.7375,saved per-run metrics; empty fields indicate another schema; may include full-data/in-sample runs
stage2/phase_study/results/PH_repro_structsel/cv/fold1_seed4/metrics.json,2026-09-26T04:09:08.025607+00:00,70,0.6776257732397641,0.6142857142857143,0.6428571428571429,0.9285568483363952,0.655614973262032,saved per-run metrics; empty fields indicate another schema; may include full-data/in-sample runs
stage2/phase_study/results/PH_repro_structsel/cv/fold1_seed5/metrics.json,2026-09-26T04:11:01.323879+00:00,70,0.6758404095904095,0.5714285714285714,0.6571428571428571,0.9142857142857143,0.7246503496503496,saved per-run metrics; empty fields indicate another schema; may include full-data/in-sample runs
stage2/phase_study/results/PH_repro_structsel/cv/fold1_seed6/metrics.json,2026-09-26T04:14:37.887132+00:00,70,0.6095423926960974,0.44285714285714284,0.6142857142857143,0.8999795876709533,0.696969696969697,saved per-run metrics; empty fields indicate another schema; may include full-data/in-sample runs
stage2/phase_study/results/PH_repro_structsel/cv/fold1_seed7/metrics.json,2026-09-26T04:17:47.818398+00:00,70,0.6350442242114237,0.5285714285714286,0.6,0.8856209150326797,0.7146739130434783,saved per-run metrics; empty fields indicate another schema; may include full-data/in-sample runs
stage2/phase_study/results/PH_repro_structsel/cv/fold2_seed0/metrics.json,2026-09-26T03:56:41.238888+00:00,70,0.6892803076927996,0.6142857142857143,0.6714285714285714,0.914004914004914,0.6811971372804164,saved per-run metrics; empty fields indicate another schema; may include full-data/in-sample runs
stage2/phase_study/results/PH_repro_structsel/cv/fold2_seed1/metrics.json,2026-09-26T04:00:18.759904+00:00,70,0.6899362664249123,0.5571428571428572,0.7142857142857143,0.9567099567099566,0.6761984861227923,saved per-run metrics; empty fields indicate another schema; may include full-data/in-sample runs
stage2/phase_study/results/PH_repro_structsel/cv/fold2_seed2/metrics.json,2026-09-26T04:03:31.735095+00:00,70,0.696404340949206,0.6142857142857143,0.6714285714285714,0.957134109001837,0.6855614973262032,saved per-run metrics; empty fields indicate another schema; may include full-data/in-sample runs
stage2/phase_study/results/PH_repro_structsel/cv/fold2_seed3/metrics.json,2026-09-26T04:06:00.736528+00:00,70,0.7170451629844332,0.6142857142857143,0.7428571428571429,0.9428104575163399,0.6708239623798814,saved per-run metrics; empty fields indicate another schema; may include full-data/in-sample runs
stage2/phase_study/results/PH_repro_structsel/cv/fold2_seed4/metrics.json,2026-09-26T04:09:36.836066+00:00,70,0.6831624686309137,0.5714285714285714,0.6714285714285714,0.9428571428571428,0.7115593146822815,saved per-run metrics; empty fields indicate another schema; may include full-data/in-sample runs
stage2/phase_study/results/PH_repro_structsel/cv/fold2_seed5/metrics.json,2026-09-26T04:11:07.245624+00:00,70,0.7009698110013236,0.5571428571428572,0.7285714285714285,0.9714052287581699,0.7017268445839875,saved per-run metrics; empty fields indicate another schema; may include full-data/in-sample runs
stage2/phase_study/results/PH_repro_structsel/cv/fold2_seed6/metrics.json,2026-09-26T04:14:47.080874+00:00,70,0.681686969361388,0.5285714285714286,0.7285714285714285,0.9428571428571428,0.6683893195521102,saved per-run metrics; empty fields indicate another schema; may include full-data/in-sample runs
stage2/phase_study/results/PH_repro_structsel/cv/fold2_seed7/metrics.json,2026-09-26T04:19:45.410570+00:00,70,0.7086585272504593,0.5714285714285714,0.7142857142857143,0.9285568483363952,0.7958333333333334,saved per-run metrics; empty fields indicate another schema; may include full-data/in-sample runs
stage2/phase_study/results/PH_repro_structsel/cv/fold3_seed0/metrics.json,2026-09-26T03:59:43.556355+00:00,70,0.7162323313241061,0.5857142857142857,0.7571428571428571,0.9421009098428452,0.699447965651196,saved per-run metrics; empty fields indicate another schema; may include full-data/in-sample runs
stage2/phase_study/results/PH_repro_structsel/cv/fold3_seed1/metrics.json,2026-09-26T04:00:33.831921+00:00,70,0.7002793627205873,0.5714285714285714,0.7285714285714285,0.8842018196856907,0.7509939317848922,saved per-run metrics; empty fields indicate another schema; may include full-data/in-sample runs
stage2/phase_study/results/PH_repro_structsel/cv/fold3_seed2/metrics.json,2026-09-26T04:02:17.486372+00:00,70,0.6974048402255638,0.5714285714285714,0.7285714285714285,0.9136513157894737,0.7023809523809523,saved per-run metrics; empty fields indicate another schema; may include full-data/in-sample runs
stage2/phase_study/results/PH_repro_structsel/cv/fold3_seed3/metrics.json,2026-09-26T04:06:18.936533+00:00,70,0.7163453675647992,0.5571428571428572,0.8285714285714286,0.9278499278499278,0.6144525225820665,saved per-run metrics; empty fields indicate another schema; may include full-data/in-sample runs
stage2/phase_study/results/PH_repro_structsel/cv/fold3_seed4/metrics.json,2026-09-26T04:09:04.997993+00:00,70,0.7136174158344744,0.5142857142857142,0.7857142857142857,0.9267629211132036,0.7973531844499586,saved per-run metrics; empty fields indicate another schema; may include full-data/in-sample runs
stage2/phase_study/results/PH_repro_structsel/cv/fold3_seed5/metrics.json,2026-09-26T04:12:10.503398+00:00,70,0.6807692307692308,0.4857142857142857,0.7714285714285715,0.9416666666666667,0.6634615384615384,saved per-run metrics; empty fields indicate another schema; may include full-data/in-sample runs
stage2/phase_study/results/PH_repro_structsel/cv/fold3_seed6/metrics.json,2026-09-26T04:16:59.032065+00:00,70,0.679063413176478,0.4714285714285714,0.7714285714285715,0.8711919852790839,0.755897435897436,saved per-run metrics; empty fields indicate another schema; may include full-data/in-sample runs
stage2/phase_study/results/PH_repro_structsel/cv/fold3_seed7/metrics.json,2026-09-26T04:20:13.823960+00:00,70,0.6863414155681105,0.5428571428571428,0.7428571428571429,0.9125000000000001,0.6631094371207366,saved per-run metrics; empty fields indicate another schema; may include full-data/in-sample runs
stage2/phase_study/results/PH_repro_structsel/cv/fold4_seed0/metrics.json,2026-09-26T03:59:01.935805+00:00,69,0.6694277143868879,0.5652173913043478,0.6956521739130435,0.8834459459459459,0.6373764977927265,saved per-run metrics; empty fields indicate another schema; may include full-data/in-sample runs
stage2/phase_study/results/PH_repro_structsel/cv/fold4_seed1/metrics.json,2026-09-26T04:00:42.886565+00:00,69,0.6990652404889991,0.6231884057971014,0.7391304347826086,0.8393650793650793,0.6423258958755916,saved per-run metrics; empty fields indicate another schema; may include full-data/in-sample runs
stage2/phase_study/results/PH_repro_structsel/cv/fold4_seed2/metrics.json,2026-09-26T04:04:18.494359+00:00,69,0.6651355166572559,0.5797101449275363,0.6811594202898551,0.8685714285714285,0.6236363636363637,saved per-run metrics; empty fields indicate another schema; may include full-data/in-sample runs
stage2/phase_study/results/PH_repro_structsel/cv/fold4_seed3/metrics.json,2026-09-26T04:06:33.135014+00:00,69,0.6555792252327578,0.5217391304347826,0.6956521739130435,0.8543074324324325,0.6756410256410257,saved per-run metrics; empty fields indicate another schema; may include full-data/in-sample runs
stage2/phase_study/results/PH_repro_structsel/cv/fold4_seed4/metrics.json,2026-09-26T04:09:11.998445+00:00,69,0.6866699604743083,0.6521739130434783,0.6666666666666666,0.8838383838383839,0.6166666666666667,saved per-run metrics; empty fields indicate another schema; may include full-data/in-sample runs
stage2/phase_study/results/PH_repro_structsel/cv/fold4_seed5/metrics.json,2026-09-26T04:15:05.138982+00:00,69,0.6894945054945054,0.6231884057971014,0.7101449275362319,0.8393650793650793,0.6461538461538461,saved per-run metrics; empty fields indicate another schema; may include full-data/in-sample runs
stage2/phase_study/results/PH_repro_structsel/cv/fold4_seed6/metrics.json,2026-09-26T04:17:26.002637+00:00,69,0.6809481098611533,0.6086956521739131,0.6811594202898551,0.8838383838383839,0.6461538461538461,saved per-run metrics; empty fields indicate another schema; may include full-data/in-sample runs
stage2/phase_study/results/PH_repro_structsel/cv/fold4_seed7/metrics.json,2026-09-26T04:21:23.044477+00:00,69,0.7458499312545634,0.7101449275362319,0.7536231884057971,0.8834459459459459,0.6734279918864097,saved per-run metrics; empty fields indicate another schema; may include full-data/in-sample runs
stage2/phase_study/results/PH_repro_structsel/seed0/metrics.json,2026-09-26T03:54:52.994953+00:00,70,0.67291204841221,0.5285714285714286,0.7285714285714285,0.8711919852790839,0.6815550041356493,saved per-run metrics; empty fields indicate another schema; may include full-data/in-sample runs
stage2/phase_study/results/PH_repro_structsel/seed1/metrics.json,2026-09-26T03:56:38.589975+00:00,70,0.7211262444364059,0.6,0.8,0.8998159885503987,0.641025641025641,saved per-run metrics; empty fields indicate another schema; may include full-data/in-sample runs
stage2/phase_study/results/R_cat1_soft1/cv/fold0_seed0/metrics.json,2026-09-26T03:34:22.450373+00:00,70,0.7369612238649287,0.6142857142857143,0.8428571428571429,0.8999795876709533,0.6130952380952381,saved per-run metrics; empty fields indicate another schema; may include full-data/in-sample runs
stage2/phase_study/results/R_cat1_soft1/cv/fold0_seed1/metrics.json,2026-09-26T03:37:16.772097+00:00,70,0.7228035540826238,0.5714285714285714,0.8142857142857143,0.8566748566748568,0.7286821705426356,saved per-run metrics; empty fields indicate another schema; may include full-data/in-sample runs
stage2/phase_study/results/R_cat1_soft1/cv/fold0_seed2/metrics.json,2026-09-26T03:37:49.846158+00:00,70,0.6985621258595952,0.5142857142857142,0.8,0.9142156862745098,0.6761984861227923,saved per-run metrics; empty fields indicate another schema; may include full-data/in-sample runs
stage2/phase_study/results/R_cat1_soft1/cv/fold1_seed0/metrics.json,2026-09-26T03:34:10.423338+00:00,70,0.6654683812366846,0.5428571428571428,0.7,0.8856209150326797,0.6508349598785512,saved per-run metrics; empty fields indicate another schema; may include full-data/in-sample runs
stage2/phase_study/results/R_cat1_soft1/cv/fold1_seed1/metrics.json,2026-09-26T03:36:17.880252+00:00,70,0.6681435497936651,0.5714285714285714,0.6714285714285714,0.9284399918217133,0.6258503401360545,saved per-run metrics; empty fields indicate another schema; may include full-data/in-sample runs
stage2/phase_study/results/R_cat1_soft1/cv/fold1_seed2/metrics.json,2026-09-26T03:38:00.462693+00:00,70,0.6999365601503759,0.5857142857142857,0.7285714285714285,0.9424342105263157,0.6571428571428571,saved per-run metrics; empty fields indicate another schema; may include full-data/in-sample runs
stage2/phase_study/results/R_cat1_soft1/cv/fold2_seed0/metrics.json,2026-09-26T03:34:36.006712+00:00,70,0.7279935942435942,0.6571428571428571,0.7428571428571429,0.914004914004914,0.6726190476190477,saved per-run metrics; empty fields indicate another schema; may include full-data/in-sample runs
stage2/phase_study/results/R_cat1_soft1/cv/fold2_seed1/metrics.json,2026-09-26T03:36:26.139383+00:00,70,0.6870254914004914,0.5285714285714286,0.7142857142857143,0.9426699426699428,0.7375,saved per-run metrics; empty fields indicate another schema; may include full-data/in-sample runs
stage2/phase_study/results/R_cat1_soft1/cv/fold2_seed2/metrics.json,2026-09-26T03:38:28.306825+00:00,70,0.6767576342576341,0.5571428571428572,0.6714285714285714,0.9426699426699428,0.7023809523809523,saved per-run metrics; empty fields indicate another schema; may include full-data/in-sample runs
stage2/phase_study/results/R_cat1_soft1/cv/fold3_seed0/metrics.json,2026-09-26T03:35:05.275630+00:00,70,0.6992989079231963,0.5142857142857142,0.7857142857142857,0.913151364764268,0.7155080213903744,saved per-run metrics; empty fields indicate another schema; may include full-data/in-sample runs
stage2/phase_study/results/R_cat1_soft1/cv/fold3_seed1/metrics.json,2026-09-26T03:37:22.509660+00:00,70,0.7141037518671203,0.6,0.7857142857142857,0.913151364764268,0.614206981016534,saved per-run metrics; empty fields indicate another schema; may include full-data/in-sample runs
stage2/phase_study/results/R_cat1_soft1/cv/fold3_seed2/metrics.json,2026-09-26T03:38:26.129761+00:00,70,0.7046729413502038,0.5571428571428572,0.7857142857142857,0.9136513157894737,0.6508349598785512,saved per-run metrics; empty fields indicate another schema; may include full-data/in-sample runs
stage2/phase_study/results/R_cat1_soft1/cv/fold4_seed0/metrics.json,2026-09-26T03:36:56.946654+00:00,69,0.6894080557124035,0.5942028985507246,0.7246376811594203,0.8838383838383839,0.6349206349206349,saved per-run metrics; empty fields indicate another schema; may include full-data/in-sample runs
stage2/phase_study/results/R_cat1_soft1/cv/fold4_seed1/metrics.json,2026-09-26T03:36:32.569985+00:00,69,0.6774555978069974,0.5507246376811594,0.7391304347826086,0.8400421496311907,0.6666666666666666,saved per-run metrics; empty fields indicate another schema; may include full-data/in-sample runs
stage2/phase_study/results/R_cat1_soft1/cv/fold4_seed2/metrics.json,2026-09-26T03:38:24.823072+00:00,69,0.7295105843389595,0.7101449275362319,0.7391304347826086,0.8356075373619233,0.6461538461538461,saved per-run metrics; empty fields indicate another schema; may include full-data/in-sample runs
stage2/phase_study/results/R_cat1_soft1/seed0/metrics.json,2026-09-26T03:34:42.001876+00:00,70,0.6927362637362637,0.5714285714285714,0.7714285714285715,0.8420512820512821,0.6428571428571428,saved per-run metrics; empty fields indicate another schema; may include full-data/in-sample runs
stage2/phase_study/results/R_cat1_soft1/seed1/metrics.json,2026-09-26T03:34:56.018855+00:00,70,0.6833712551216793,0.5285714285714286,0.7714285714285715,0.8856209150326797,0.6368541191118489,saved per-run metrics; empty fields indicate another schema; may include full-data/in-sample runs
stage2/phase_study/results/R_cat1_soft2/cv/fold0_seed0/metrics.json,2026-09-26T03:41:12.712859+00:00,70,0.7690931372549019,0.6428571428571429,0.8714285714285714,0.8856209150326797,0.7083333333333333,saved per-run metrics; empty fields indicate another schema; may include full-data/in-sample runs
stage2/phase_study/results/R_cat1_soft2/cv/fold0_seed1/metrics.json,2026-09-26T03:43:14.481881+00:00,70,0.7075106249150006,0.5,0.8428571428571429,0.8848684210526316,0.698535745047373,saved per-run metrics; empty fields indicate another schema; may include full-data/in-sample runs
stage2/phase_study/results/R_cat1_soft2/cv/fold0_seed2/metrics.json,2026-09-26T03:44:12.348109+00:00,70,0.7169221656721657,0.5428571428571428,0.8,0.914004914004914,0.7321428571428572,saved per-run metrics; empty fields indicate another schema; may include full-data/in-sample runs
stage2/phase_study/results/R_cat1_soft2/cv/fold1_seed0/metrics.json,2026-09-26T03:39:55.645002+00:00,70,0.680037068210531,0.6,0.6714285714285714,0.8711919852790839,0.6957218027911233,saved per-run metrics; empty fields indicate another schema; may include full-data/in-sample runs
stage2/phase_study/results/R_cat1_soft2/cv/fold1_seed1/metrics.json,2026-09-26T03:42:30.738142+00:00,70,0.6936011392195134,0.5571428571428572,0.7285714285714285,0.9428104575163399,0.6811971372804164,saved per-run metrics; empty fields indicate another schema; may include full-data/in-sample runs
stage2/phase_study/results/R_cat1_soft2/cv/fold1_seed2/metrics.json,2026-09-26T03:43:59.636134+00:00,70,0.6633076923076923,0.5571428571428572,0.6285714285714286,0.956923076923077,0.6984615384615385,saved per-run metrics; empty fields indicate another schema; may include full-data/in-sample runs
stage2/phase_study/results/R_cat1_soft2/cv/fold2_seed0/metrics.json,2026-09-26T03:40:03.308536+00:00,70,0.6653027950310557,0.5571428571428572,0.6714285714285714,0.8857142857142857,0.6829710144927537,saved per-run metrics; empty fields indicate another schema; may include full-data/in-sample runs
stage2/phase_study/results/R_cat1_soft2/cv/fold2_seed1/metrics.json,2026-09-26T03:42:04.032995+00:00,70,0.6742659987732569,0.5285714285714286,0.6714285714285714,0.9284399918217133,0.7666666666666666,saved per-run metrics; empty fields indicate another schema; may include full-data/in-sample runs
stage2/phase_study/results/R_cat1_soft2/cv/fold2_seed2/metrics.json,2026-09-26T03:45:25.594395+00:00,70,0.7135421096149304,0.5571428571428572,0.7571428571428571,0.9714052287581699,0.7188755020080322,saved per-run metrics; empty fields indicate another schema; may include full-data/in-sample runs
stage2/phase_study/results/R_cat1_soft2/cv/fold3_seed0/metrics.json,2026-09-26T03:40:20.882546+00:00,70,0.7304323127530364,0.5142857142857142,0.8571428571428571,0.9136513157894737,0.755897435897436,saved per-run metrics; empty fields indicate another schema; may include full-data/in-sample runs
stage2/phase_study/results/R_cat1_soft2/cv/fold3_seed1/metrics.json,2026-09-26T03:43:11.999468+00:00,70,0.6962566242713301,0.5142857142857142,0.8142857142857143,0.8570261437908497,0.6846846846846847,saved per-run metrics; empty fields indicate another schema; may include full-data/in-sample runs
stage2/phase_study/results/R_cat1_soft2/cv/fold3_seed2/metrics.json,2026-09-26T03:44:54.037906+00:00,70,0.7117530664717461,0.5714285714285714,0.7714285714285715,0.913151364764268,0.698535745047373,saved per-run metrics; empty fields indicate another schema; may include full-data/in-sample runs
stage2/phase_study/results/R_cat1_soft2/cv/fold4_seed0/metrics.json,2026-09-26T03:41:53.971578+00:00,69,0.6809853479853479,0.5652173913043478,0.7681159420289855,0.823076923076923,0.6057142857142856,saved per-run metrics; empty fields indicate another schema; may include full-data/in-sample runs
stage2/phase_study/results/R_cat1_soft2/cv/fold4_seed1/metrics.json,2026-09-26T03:42:55.875679+00:00,69,0.6867219498785906,0.5652173913043478,0.7391304347826086,0.8400421496311907,0.6946259220231823,saved per-run metrics; empty fields indicate another schema; may include full-data/in-sample runs
stage2/phase_study/results/R_cat1_soft2/cv/fold4_seed2/metrics.json,2026-09-26T03:44:42.461950+00:00,69,0.7294039828074039,0.6521739130434783,0.7681159420289855,0.8971684053651267,0.6515151515151515,saved per-run metrics; empty fields indicate another schema; may include full-data/in-sample runs
stage2/phase_study/results/R_cat1_soft2/seed0/metrics.json,2026-09-26T03:40:07.479091+00:00,70,0.7392682180036741,0.6714285714285714,0.8285714285714286,0.8428250663400694,0.5856297203510921,saved per-run metrics; empty fields indicate another schema; may include full-data/in-sample runs
stage2/phase_study/results/R_cat1_soft2/seed1/metrics.json,2026-09-26T03:41:23.846612+00:00,70,0.7132372368256019,0.5857142857142857,0.7714285714285715,0.9285568483363952,0.6596913971676178,saved per-run metrics; empty fields indicate another schema; may include full-data/in-sample runs
stage2/phase_study/results/R_ord1/cv/fold0_seed0/metrics.json,2026-09-26T03:27:37.149631+00:00,70,0.7285548071034905,0.6142857142857143,0.8428571428571429,0.8714023270055113,0.5856297203510921,saved per-run metrics; empty fields indicate another schema; may include full-data/in-sample runs
stage2/phase_study/results/R_ord1/cv/fold0_seed1/metrics.json,2026-09-26T03:28:49.471245+00:00,70,0.7007785072070786,0.5714285714285714,0.7571428571428571,0.8701298701298701,0.7017268445839875,saved per-run metrics; empty fields indicate another schema; may include full-data/in-sample runs
stage2/phase_study/results/R_ord1/cv/fold0_seed2/metrics.json,2026-09-26T03:30:51.297805+00:00,70,0.7541049558218879,0.6285714285714286,0.8142857142857143,0.9285568483363952,0.7321428571428572,saved per-run metrics; empty fields indicate another schema; may include full-data/in-sample runs
stage2/phase_study/results/R_ord1/cv/fold0_seed3/metrics.json,2026-09-26T05:06:16.320211+00:00,70,0.7398183667220716,0.6,0.8142857142857143,0.8999795876709533,0.7321428571428572,saved per-run metrics; empty fields indicate another schema; may include full-data/in-sample runs
stage2/phase_study/results/R_ord1/cv/fold0_seed4/metrics.json,2026-09-26T05:09:28.925382+00:00,70,0.7076501876501876,0.5571428571428572,0.7857142857142857,0.914004914004914,0.6703296703296704,saved per-run metrics; empty fields indicate another schema; may include full-data/in-sample runs
stage2/phase_study/results/R_ord1/cv/fold0_seed5/metrics.json,2026-09-26T05:13:11.431467+00:00,70,0.7178875717797241,0.5857142857142857,0.8,0.9136513157894737,0.6389324960753533,saved per-run metrics; empty fields indicate another schema; may include full-data/in-sample runs
stage2/phase_study/results/R_ord1/cv/fold0_seed6/metrics.json,2026-09-26T05:15:22.093542+00:00,70,0.7222425314467957,0.5571428571428572,0.8,0.8998159885503987,0.7484675544282393,saved per-run metrics; empty fields indicate another schema; may include full-data/in-sample runs
stage2/phase_study/results/R_ord1/cv/fold0_seed7/metrics.json,2026-09-26T05:19:11.069655+00:00,70,0.657208446790257,0.45714285714285713,0.7714285714285715,0.9142156862745098,0.6005072923272035,saved per-run metrics; empty fields indicate another schema; may include full-data/in-sample runs
stage2/phase_study/results/R_ord1/cv/fold1_seed0/metrics.json,2026-09-26T03:26:26.729638+00:00,70,0.6670833333333333,0.5428571428571428,0.7142857142857143,0.9142156862745098,0.5996732026143792,saved per-run metrics; empty fields indicate another schema; may include full-data/in-sample runs
stage2/phase_study/results/R_ord1/cv/fold1_seed1/metrics.json,2026-09-26T03:30:22.729002+00:00,70,0.7324642024642024,0.6,0.7714285714285715,0.9278499278499278,0.7552447552447552,saved per-run metrics; empty fields indicate another schema; may include full-data/in-sample runs
stage2/phase_study/results/R_ord1/cv/fold1_seed2/metrics.json,2026-09-26T03:30:29.873748+00:00,70,0.6835183733530334,0.5714285714285714,0.7142857142857143,0.914004914004914,0.6427842416819759,saved per-run metrics; empty fields indicate another schema; may include full-data/in-sample runs
stage2/phase_study/results/R_ord1/cv/fold1_seed3/metrics.json,2026-09-26T05:07:25.664303+00:00,70,0.6798329777999098,0.6142857142857143,0.6428571428571429,0.9285568483363952,0.6703296703296704,saved per-run metrics; empty fields indicate another schema; may include full-data/in-sample runs
stage2/phase_study/results/R_ord1/cv/fold1_seed4/metrics.json,2026-09-26T05:10:39.923226+00:00,70,0.708078830033185,0.6142857142857143,0.7142857142857143,0.957063995093028,0.6634615384615384,saved per-run metrics; empty fields indicate another schema; may include full-data/in-sample runs
stage2/phase_study/results/R_ord1/cv/fold1_seed5/metrics.json,2026-09-26T05:12:47.087552+00:00,70,0.6952934964662965,0.6,0.6714285714285714,0.957063995093028,0.7115593146822815,saved per-run metrics; empty fields indicate another schema; may include full-data/in-sample runs
stage2/phase_study/results/R_ord1/cv/fold1_seed6/metrics.json,2026-09-26T05:17:53.835159+00:00,70,0.6987266946090475,0.5571428571428572,0.7285714285714285,0.9426699426699428,0.7155080213903744,saved per-run metrics; empty fields indicate another schema; may include full-data/in-sample runs
stage2/phase_study/results/R_ord1/cv/fold1_seed7/metrics.json,2026-09-26T05:20:00.699721+00:00,70,0.6798329777999098,0.5428571428571428,0.7142857142857143,0.9285568483363952,0.6703296703296704,saved per-run metrics; empty fields indicate another schema; may include full-data/in-sample runs
stage2/phase_study/results/R_ord1/cv/fold2_seed0/metrics.json,2026-09-26T03:27:17.910824+00:00,70,0.7137402038283693,0.6428571428571429,0.7571428571428571,0.9136513157894737,0.5779500430663221,saved per-run metrics; empty fields indicate another schema; may include full-data/in-sample runs
stage2/phase_study/results/R_ord1/cv/fold2_seed1/metrics.json,2026-09-26T03:30:07.801121+00:00,70,0.7053025624029471,0.6,0.7142857142857143,0.9136513157894737,0.7216991002301736,saved per-run metrics; empty fields indicate another schema; may include full-data/in-sample runs
stage2/phase_study/results/R_ord1/cv/fold2_seed2/metrics.json,2026-09-26T03:31:22.369066+00:00,70,0.7234574738986503,0.6285714285714286,0.7714285714285715,0.9567099567099566,0.5996732026143792,saved per-run metrics; empty fields indicate another schema; may include full-data/in-sample runs
stage2/phase_study/results/R_ord1/cv/fold2_seed3/metrics.json,2026-09-26T05:09:17.700611+00:00,70,0.7239610389610389,0.6428571428571429,0.7142857142857143,0.9142857142857143,0.7454545454545455,saved per-run metrics; empty fields indicate another schema; may include full-data/in-sample runs
stage2/phase_study/results/R_ord1/cv/fold2_seed4/metrics.json,2026-09-26T05:11:16.190881+00:00,70,0.6832806832806833,0.5428571428571428,0.7428571428571429,0.9278499278499278,0.6273546273546273,saved per-run metrics; empty fields indicate another schema; may include full-data/in-sample runs
stage2/phase_study/results/R_ord1/cv/fold2_seed5/metrics.json,2026-09-26T05:14:32.120604+00:00,70,0.6898895931302392,0.5714285714285714,0.7142857142857143,0.957063995093028,0.6421999591085668,saved per-run metrics; empty fields indicate another schema; may include full-data/in-sample runs
stage2/phase_study/results/R_ord1/cv/fold2_seed6/metrics.json,2026-09-26T05:17:03.626114+00:00,70,0.6850442242114236,0.5714285714285714,0.7,0.8856209150326797,0.7146739130434783,saved per-run metrics; empty fields indicate another schema; may include full-data/in-sample runs
stage2/phase_study/results/R_ord1/cv/fold2_seed7/metrics.json,2026-09-26T05:20:40.077622+00:00,70,0.7041053297590345,0.5857142857142857,0.7428571428571429,0.8999795876709533,0.6940559440559441,saved per-run metrics; empty fields indicate another schema; may include full-data/in-sample runs
stage2/phase_study/results/R_ord1/cv/fold3_seed0/metrics.json,2026-09-26T03:28:47.136236+00:00,70,0.7091405831019502,0.5857142857142857,0.7857142857142857,0.913151364764268,0.6144525225820665,saved per-run metrics; empty fields indicate another schema; may include full-data/in-sample runs
stage2/phase_study/results/R_ord1/cv/fold3_seed1/metrics.json,2026-09-26T03:29:04.602798+00:00,70,0.703065542058142,0.5,0.8142857142857143,0.896427816529275,0.7240091305250052,saved per-run metrics; empty fields indicate another schema; may include full-data/in-sample runs
stage2/phase_study/results/R_ord1/cv/fold3_seed2/metrics.json,2026-09-26T03:32:14.084023+00:00,70,0.7016964285714286,0.5428571428571428,0.7571428571428571,0.9125000000000001,0.7321428571428572,saved per-run metrics; empty fields indicate another schema; may include full-data/in-sample runs
stage2/phase_study/results/R_ord1/cv/fold3_seed3/metrics.json,2026-09-26T05:08:27.145138+00:00,70,0.7148652427790887,0.5571428571428572,0.8285714285714286,0.8848684210526316,0.6475665308079597,saved per-run metrics; empty fields indicate another schema; may include full-data/in-sample runs
stage2/phase_study/results/R_ord1/cv/fold3_seed4/metrics.json,2026-09-26T05:12:10.534763+00:00,70,0.7210714285714286,0.5714285714285714,0.7714285714285715,0.9416666666666667,0.7321428571428572,saved per-run metrics; empty fields indicate another schema; may include full-data/in-sample runs
stage2/phase_study/results/R_ord1/cv/fold3_seed5/metrics.json,2026-09-26T05:14:26.884087+00:00,70,0.7511987395443795,0.6714285714285714,0.8,0.8822539949537427,0.692404268675455,saved per-run metrics; empty fields indicate another schema; may include full-data/in-sample runs
stage2/phase_study/results/R_ord1/cv/fold3_seed6/metrics.json,2026-09-26T05:17:20.231559+00:00,70,0.7047837514169744,0.5571428571428572,0.7857142857142857,0.8822539949537427,0.6829710144927537,saved per-run metrics; empty fields indicate another schema; may include full-data/in-sample runs
stage2/phase_study/results/R_ord1/cv/fold3_seed7/metrics.json,2026-09-26T05:19:43.802699+00:00,70,0.719859686274634,0.5571428571428572,0.8,0.9267629211132036,0.7056349873843566,saved per-run metrics; empty fields indicate another schema; may include full-data/in-sample runs
stage2/phase_study/results/R_ord1/cv/fold4_seed0/metrics.json,2026-09-26T03:28:48.795596+00:00,69,0.6851097268200822,0.6231884057971014,0.6956521739130435,0.8982086406743941,0.5918948521358159,saved per-run metrics; empty fields indicate another schema; may include full-data/in-sample runs
stage2/phase_study/results/R_ord1/cv/fold4_seed1/metrics.json,2026-09-26T03:30:24.914932+00:00,69,0.6874434741092678,0.5942028985507246,0.7246376811594203,0.823076923076923,0.6825848849945235,saved per-run metrics; empty fields indicate another schema; may include full-data/in-sample runs
stage2/phase_study/results/R_ord1/cv/fold4_seed2/metrics.json,2026-09-26T03:31:58.942406+00:00,69,0.7365382114755109,0.6811594202898551,0.7246376811594203,0.9274752995585454,0.7025862068965517,saved per-run metrics; empty fields indicate another schema; may include full-data/in-sample runs
stage2/phase_study/results/R_ord1/cv/fold4_seed3/metrics.json,2026-09-26T05:10:12.588160+00:00,69,0.7102300728858543,0.6521739130434783,0.6956521739130435,0.8543074324324325,0.735632183908046,saved per-run metrics; empty fields indicate another schema; may include full-data/in-sample runs
stage2/phase_study/results/R_ord1/cv/fold4_seed4/metrics.json,2026-09-26T05:12:10.806493+00:00,69,0.6840991200828156,0.6666666666666666,0.6376811594202898,0.8685714285714285,0.648611111111111,saved per-run metrics; empty fields indicate another schema; may include full-data/in-sample runs
stage2/phase_study/results/R_ord1/cv/fold4_seed5/metrics.json,2026-09-26T05:16:09.004274+00:00,69,0.6785565533302526,0.6086956521739131,0.6811594202898551,0.8384074941451991,0.6756410256410257,saved per-run metrics; empty fields indicate another schema; may include full-data/in-sample runs
stage2/phase_study/results/R_ord1/cv/fold4_seed6/metrics.json,2026-09-26T05:17:59.906909+00:00,69,0.696958191693246,0.6231884057971014,0.7391304347826086,0.9125844594594594,0.5550595238095237,saved per-run metrics; empty fields indicate another schema; may include full-data/in-sample runs
stage2/phase_study/results/R_ord1/cv/fold4_seed7/metrics.json,2026-09-26T05:20:43.287481+00:00,69,0.6626178388078687,0.4782608695652174,0.7101449275362319,0.9419191919191919,0.7025862068965517,saved per-run metrics; empty fields indicate another schema; may include full-data/in-sample runs
stage2/phase_study/results/R_ord1/seed0/metrics.json,2026-09-26T03:27:38.005978+00:00,70,0.7695423926960976,0.6857142857142857,0.8285714285714286,0.8999795876709533,0.696969696969697,saved per-run metrics; empty fields indicate another schema; may include full-data/in-sample runs
stage2/phase_study/results/R_ord1/seed1/metrics.json,2026-09-26T03:26:47.494375+00:00,70,0.7209395210887508,0.6,0.7714285714285715,0.8711919852790839,0.735071488645921,saved per-run metrics; empty fields indicate another schema; may include full-data/in-sample runs
stage2/phase_study/results/R_ord1/seed2/metrics.json,2026-09-26T05:06:38.015415+00:00,70,0.7113864761509501,0.5714285714285714,0.7714285714285715,0.9142857142857143,0.6949574600539531,saved per-run metrics; empty fields indicate another schema; may include full-data/in-sample runs
stage2/phase_study/results/R_ord1/seed3/metrics.json,2026-09-26T05:07:18.754683+00:00,70,0.700420480549199,0.5857142857142857,0.7571428571428571,0.8848684210526316,0.651268115942029,saved per-run metrics; empty fields indicate another schema; may include full-data/in-sample runs
stage2/phase_study/results/R_ord1_soft1/cv/fold0_seed0/metrics.json,2026-09-26T03:47:44.024543+00:00,70,0.7133894555888167,0.5571428571428572,0.8,0.8999795876709533,0.689283449587825,saved per-run metrics; empty fields indicate another schema; may include full-data/in-sample runs
stage2/phase_study/results/R_ord1_soft1/cv/fold0_seed1/metrics.json,2026-09-26T03:49:27.719121+00:00,70,0.691326932016928,0.5428571428571428,0.7714285714285715,0.8999795876709533,0.6421999591085668,saved per-run metrics; empty fields indicate another schema; may include full-data/in-sample runs
stage2/phase_study/results/R_ord1_soft1/cv/fold0_seed2/metrics.json,2026-09-26T03:51:49.386088+00:00,70,0.728494322588836,0.6,0.7714285714285715,0.9285568483363952,0.7280719689225107,saved per-run metrics; empty fields indicate another schema; may include full-data/in-sample runs
stage2/phase_study/results/R_ord1_soft1/cv/fold1_seed0/metrics.json,2026-09-26T03:47:02.685981+00:00,70,0.6799579831932773,0.5571428571428572,0.7,0.9428571428571428,0.6568627450980392,saved per-run metrics; empty fields indicate another schema; may include full-data/in-sample runs
stage2/phase_study/results/R_ord1_soft1/cv/fold1_seed1/metrics.json,2026-09-26T03:50:59.975120+00:00,70,0.7412740837317108,0.6285714285714286,0.7571428571428571,0.9282051282051282,0.7802887633396107,saved per-run metrics; empty fields indicate another schema; may include full-data/in-sample runs
stage2/phase_study/results/R_ord1_soft1/cv/fold1_seed2/metrics.json,2026-09-26T03:51:06.897136+00:00,70,0.6612286551521483,0.5571428571428572,0.6857142857142857,0.9424342105263157,0.56575682382134,saved per-run metrics; empty fields indicate another schema; may include full-data/in-sample runs
stage2/phase_study/results/R_ord1_soft1/cv/fold2_seed0/metrics.json,2026-09-26T03:47:52.181086+00:00,70,0.6907401315789473,0.6142857142857143,0.7142857142857143,0.9424342105263157,0.5625,saved per-run metrics; empty fields indicate another schema; may include full-data/in-sample runs
stage2/phase_study/results/R_ord1_soft1/cv/fold2_seed1/metrics.json,2026-09-26T03:49:57.365531+00:00,70,0.7129635512208093,0.5857142857142857,0.7428571428571429,0.9284399918217133,0.7246503496503496,saved per-run metrics; empty fields indicate another schema; may include full-data/in-sample runs
stage2/phase_study/results/R_ord1_soft1/cv/fold2_seed2/metrics.json,2026-09-26T03:52:10.148376+00:00,70,0.7067478332746013,0.5714285714285714,0.7285714285714285,0.9713349713349714,0.7069839171623706,saved per-run metrics; empty fields indicate another schema; may include full-data/in-sample runs
stage2/phase_study/results/R_ord1_soft1/cv/fold3_seed0/metrics.json,2026-09-26T03:48:26.119470+00:00,70,0.7155650555615491,0.5714285714285714,0.8285714285714286,0.8842018196856907,0.6195652173913043,saved per-run metrics; empty fields indicate another schema; may include full-data/in-sample runs
stage2/phase_study/results/R_ord1_soft1/cv/fold3_seed1/metrics.json,2026-09-26T03:49:22.610200+00:00,70,0.7010398548615252,0.5142857142857142,0.8,0.896427816529275,0.7105045492142266,saved per-run metrics; empty fields indicate another schema; may include full-data/in-sample runs
stage2/phase_study/results/R_ord1_soft1/cv/fold3_seed2/metrics.json,2026-09-26T03:52:21.992790+00:00,70,0.7180180921052631,0.5714285714285714,0.7714285714285715,0.9125000000000001,0.740953947368421,saved per-run metrics; empty fields indicate another schema; may include full-data/in-sample runs
stage2/phase_study/results/R_ord1_soft1/cv/fold4_seed0/metrics.json,2026-09-26T03:49:34.676534+00:00,69,0.6962532230113432,0.6231884057971014,0.7101449275362319,0.8828522920203735,0.6477247502774695,saved per-run metrics; empty fields indicate another schema; may include full-data/in-sample runs
stage2/phase_study/results/R_ord1_soft1/cv/fold4_seed1/metrics.json,2026-09-26T03:50:06.033653+00:00,69,0.6874434741092678,0.5942028985507246,0.7246376811594203,0.823076923076923,0.6825848849945235,saved per-run metrics; empty fields indicate another schema; may include full-data/in-sample runs
stage2/phase_study/results/R_ord1_soft1/cv/fold4_seed2/metrics.json,2026-09-26T03:51:50.336753+00:00,69,0.720012304020941,0.6521739130434783,0.7536231884057971,0.8677879497551628,0.6521008403361345,saved per-run metrics; empty fields indicate another schema; may include full-data/in-sample runs
stage2/phase_study/results/R_ord1_soft1/seed0/metrics.json,2026-09-26T03:47:07.662195+00:00,70,0.658974105102818,0.5285714285714286,0.7428571428571429,0.8707692307692307,0.5557248032495558,saved per-run metrics; empty fields indicate another schema; may include full-data/in-sample runs
stage2/phase_study/results/R_ord1_soft1/seed1/metrics.json,2026-09-26T03:47:47.681727+00:00,70,0.7106787977918625,0.5428571428571428,0.7857142857142857,0.8711919852790839,0.7666666666666666,saved per-run metrics; empty fields indicate another schema; may include full-data/in-sample runs
stage2/phase_study/results/R_ord1_soft2/cv/fold0_seed0/metrics.json,2026-09-26T03:54:42.598292+00:00,70,0.7310359406490053,0.6,0.8142857142857143,0.8711919852790839,0.7023809523809523,saved per-run metrics; empty fields indicate another schema; may include full-data/in-sample runs
stage2/phase_study/results/R_ord1_soft2/cv/fold0_seed1/metrics.json,2026-09-26T03:58:20.823586+00:00,70,0.7067546923761254,0.5285714285714286,0.8285714285714286,0.8853398853398853,0.6596913971676178,saved per-run metrics; empty fields indicate another schema; may include full-data/in-sample runs
stage2/phase_study/results/R_ord1_soft2/cv/fold0_seed2/metrics.json,2026-09-26T03:58:28.328941+00:00,70,0.7016497787926359,0.5571428571428572,0.8142857142857143,0.8701298701298701,0.6075353218210361,saved per-run metrics; empty fields indicate another schema; may include full-data/in-sample runs
stage2/phase_study/results/R_ord1_soft2/cv/fold1_seed0/metrics.json,2026-09-26T03:53:46.945576+00:00,70,0.6666036184210525,0.5571428571428572,0.7,0.8560855263157895,0.6546052631578947,saved per-run metrics; empty fields indicate another schema; may include full-data/in-sample runs
stage2/phase_study/results/R_ord1_soft2/cv/fold1_seed1/metrics.json,2026-09-26T03:58:11.938004+00:00,70,0.7055238849782399,0.5571428571428572,0.7857142857142857,0.957063995093028,0.6130952380952381,saved per-run metrics; empty fields indicate another schema; may include full-data/in-sample runs
stage2/phase_study/results/R_ord1_soft2/cv/fold1_seed2/metrics.json,2026-09-26T03:58:31.262842+00:00,70,0.6618862233903617,0.5714285714285714,0.6857142857142857,0.9424342105263157,0.5368072787427627,saved per-run metrics; empty fields indicate another schema; may include full-data/in-sample runs
stage2/phase_study/results/R_ord1_soft2/cv/fold2_seed0/metrics.json,2026-09-26T03:54:52.221752+00:00,70,0.6735635792778649,0.6142857142857143,0.6714285714285714,0.9142857142857143,0.576138147566719,saved per-run metrics; empty fields indicate another schema; may include full-data/in-sample runs
stage2/phase_study/results/R_ord1_soft2/cv/fold2_seed1/metrics.json,2026-09-26T03:57:22.730408+00:00,70,0.721285161963265,0.5857142857142857,0.7714285714285715,0.8999795876709533,0.7419214920841466,saved per-run metrics; empty fields indicate another schema; may include full-data/in-sample runs
stage2/phase_study/results/R_ord1_soft2/cv/fold2_seed2/metrics.json,2026-09-26T03:59:55.041743+00:00,70,0.6925016711229945,0.6142857142857143,0.7285714285714285,0.9142156862745098,0.5691287878787878,saved per-run metrics; empty fields indicate another schema; may include full-data/in-sample runs
stage2/phase_study/results/R_ord1_soft2/cv/fold3_seed0/metrics.json,2026-09-26T03:54:57.144723+00:00,70,0.6998590036234775,0.5285714285714286,0.8,0.8707692307692307,0.6949574600539531,saved per-run metrics; empty fields indicate another schema; may include full-data/in-sample runs
stage2/phase_study/results/R_ord1_soft2/cv/fold3_seed1/metrics.json,2026-09-26T03:56:33.161187+00:00,70,0.7039137816251954,0.5285714285714286,0.8,0.8822539949537427,0.7105045492142266,saved per-run metrics; empty fields indicate another schema; may include full-data/in-sample runs
stage2/phase_study/results/R_ord1_soft2/cv/fold3_seed2/metrics.json,2026-09-26T03:59:26.402152+00:00,70,0.7079601472250558,0.6,0.7857142857142857,0.8668357641090678,0.6195652173913043,saved per-run metrics; empty fields indicate another schema; may include full-data/in-sample runs
stage2/phase_study/results/R_ord1_soft2/cv/fold4_seed0/metrics.json,2026-09-26T03:56:51.383773+00:00,69,0.7045947433184987,0.6666666666666666,0.7101449275362319,0.8550420168067226,0.6296958855098389,saved per-run metrics; empty fields indicate another schema; may include full-data/in-sample runs
stage2/phase_study/results/R_ord1_soft2/cv/fold4_seed1/metrics.json,2026-09-26T03:56:46.425713+00:00,69,0.7026608654136155,0.6376811594202898,0.7246376811594203,0.823076923076923,0.6825848849945235,saved per-run metrics; empty fields indicate another schema; may include full-data/in-sample runs
stage2/phase_study/results/R_ord1_soft2/cv/fold4_seed2/metrics.json,2026-09-26T04:00:31.620750+00:00,69,0.7145453475185484,0.6376811594202898,0.7246376811594203,0.8525641025641026,0.7323275862068965,saved per-run metrics; empty fields indicate another schema; may include full-data/in-sample runs
stage2/phase_study/results/R_ord1_soft2/seed0/metrics.json,2026-09-26T03:54:36.653379+00:00,70,0.7006541373442208,0.5571428571428572,0.8142857142857143,0.8570261437908497,0.6140014385039558,saved per-run metrics; empty fields indicate another schema; may include full-data/in-sample runs
stage2/phase_study/results/R_ord1_soft2/seed1/metrics.json,2026-09-26T03:54:57.040975+00:00,70,0.6967579366251823,0.5285714285714286,0.7857142857142857,0.8714023270055113,0.7069839171623706,saved per-run metrics; empty fields indicate another schema; may include full-data/in-sample runs
stage2/phase_study/results/S2_ord1_multiscale/cv/fold0_seed0/metrics.json,2026-09-26T04:23:32.294700+00:00,70,0.7390073529411765,0.5857142857142857,0.8428571428571429,0.9142156862745098,0.6791666666666667,saved per-run metrics; empty fields indicate another schema; may include full-data/in-sample runs
stage2/phase_study/results/S2_ord1_multiscale/cv/fold0_seed1/metrics.json,2026-09-26T04:33:35.785050+00:00,70,0.7080252100840335,0.5285714285714286,0.8142857142857143,0.9142156862745098,0.6726190476190477,saved per-run metrics; empty fields indicate another schema; may include full-data/in-sample runs
stage2/phase_study/results/S2_ord1_multiscale/cv/fold0_seed2/metrics.json,2026-09-26T04:40:03.272138+00:00,70,0.7156945702018284,0.5857142857142857,0.7857142857142857,0.9284399918217133,0.6428571428571428,saved per-run metrics; empty fields indicate another schema; may include full-data/in-sample runs
stage2/phase_study/results/S2_ord1_multiscale/cv/fold1_seed0/metrics.json,2026-09-26T04:23:16.476641+00:00,70,0.6765987685092869,0.5571428571428572,0.7,0.9142156862745098,0.6631094371207366,saved per-run metrics; empty fields indicate another schema; may include full-data/in-sample runs
stage2/phase_study/results/S2_ord1_multiscale/cv/fold1_seed1/metrics.json,2026-09-26T04:35:28.527333+00:00,70,0.719250700280112,0.6,0.7571428571428571,0.9142857142857143,0.7140522875816994,saved per-run metrics; empty fields indicate another schema; may include full-data/in-sample runs
stage2/phase_study/results/S2_ord1_multiscale/cv/fold1_seed2/metrics.json,2026-09-26T04:41:08.449041+00:00,70,0.6849488784972655,0.5571428571428572,0.7285714285714285,0.9426699426699428,0.6236559139784946,saved per-run metrics; empty fields indicate another schema; may include full-data/in-sample runs
stage2/phase_study/results/S2_ord1_multiscale/cv/fold2_seed0/metrics.json,2026-09-26T04:25:18.299578+00:00,70,0.687072657072657,0.6,0.7142857142857143,0.8566748566748568,0.6571428571428571,saved per-run metrics; empty fields indicate another schema; may include full-data/in-sample runs
stage2/phase_study/results/S2_ord1_multiscale/cv/fold2_seed1/metrics.json,2026-09-26T04:33:43.606895+00:00,70,0.6901019772922656,0.5714285714285714,0.6857142857142857,0.9142857142857143,0.7530608009960573,saved per-run metrics; empty fields indicate another schema; may include full-data/in-sample runs
stage2/phase_study/results/S2_ord1_multiscale/cv/fold2_seed2/metrics.json,2026-09-26T04:43:50.301053+00:00,70,0.7219147159844834,0.5571428571428572,0.8285714285714286,0.9713349713349714,0.6080964685615848,saved per-run metrics; empty fields indicate another schema; may include full-data/in-sample runs
stage2/phase_study/results/S2_ord1_multiscale/cv/fold3_seed0/metrics.json,2026-09-26T04:31:24.578545+00:00,70,0.7072311026474567,0.5571428571428572,0.7857142857142857,0.913151364764268,0.6683893195521102,saved per-run metrics; empty fields indicate another schema; may include full-data/in-sample runs
stage2/phase_study/results/S2_ord1_multiscale/cv/fold3_seed1/metrics.json,2026-09-26T04:40:45.386129+00:00,70,0.6824313006072874,0.5142857142857142,0.7571428571428571,0.8994871794871795,0.6833881578947368,saved per-run metrics; empty fields indicate another schema; may include full-data/in-sample runs
stage2/phase_study/results/S2_ord1_multiscale/cv/fold3_seed2/metrics.json,2026-09-26T04:44:10.719419+00:00,70,0.7179838972023422,0.5428571428571428,0.8,0.9416666666666667,0.7115593146822815,saved per-run metrics; empty fields indicate another schema; may include full-data/in-sample runs
stage2/phase_study/results/S2_ord1_multiscale/cv/fold4_seed0/metrics.json,2026-09-26T04:25:27.066737+00:00,69,0.6863614357758379,0.6086956521739131,0.7391304347826086,0.8543074324324325,0.5765079365079364,saved per-run metrics; empty fields indicate another schema; may include full-data/in-sample runs
stage2/phase_study/results/S2_ord1_multiscale/cv/fold4_seed1/metrics.json,2026-09-26T04:40:32.093876+00:00,69,0.6651662081509171,0.5362318840579711,0.6811594202898551,0.8984654193819634,0.6953962581458902,saved per-run metrics; empty fields indicate another schema; may include full-data/in-sample runs
stage2/phase_study/results/S2_ord1_multiscale/cv/fold4_seed2/metrics.json,2026-09-26T04:44:20.505777+00:00,69,0.6991415152539548,0.6231884057971014,0.7101449275362319,0.8834459459459459,0.6663863779693084,saved per-run metrics; empty fields indicate another schema; may include full-data/in-sample runs
stage2/phase_study/results/S2_ord1_multiscale/seed0/metrics.json,2026-09-26T04:23:57.683621+00:00,70,0.7444543079959441,0.6571428571428571,0.8428571428571429,0.8711919852790839,0.5918367346938775,saved per-run metrics; empty fields indicate another schema; may include full-data/in-sample runs
stage2/phase_study/results/S2_ord1_multiscale/seed1/metrics.json,2026-09-26T04:23:44.010705+00:00,70,0.7060339267285861,0.6142857142857143,0.7428571428571429,0.8856209150326797,0.6546052631578947,saved per-run metrics; empty fields indicate another schema; may include full-data/in-sample runs
stage2/phase_study/results/S3_ord1_cond_detach/cv/fold0_seed0/metrics.json,2026-09-26T04:45:50.638021+00:00,70,0.6866544117647059,0.5571428571428572,0.7571428571428571,0.8541666666666667,0.6568627450980392,saved per-run metrics; empty fields indicate another schema; may include full-data/in-sample runs
stage2/phase_study/results/S3_ord1_cond_detach/cv/fold0_seed1/metrics.json,2026-09-26T04:48:29.535005+00:00,70,0.7084945054945054,0.5714285714285714,0.7857142857142857,0.8994871794871795,0.6571428571428571,saved per-run metrics; empty fields indicate another schema; may include full-data/in-sample runs
stage2/phase_study/results/S3_ord1_cond_detach/cv/fold0_seed2/metrics.json,2026-09-26T04:53:43.349896+00:00,70,0.740091473090585,0.5714285714285714,0.8285714285714286,0.9142156862745098,0.7530608009960573,saved per-run metrics; empty fields indicate another schema; may include full-data/in-sample runs
stage2/phase_study/results/S3_ord1_cond_detach/cv/fold1_seed0/metrics.json,2026-09-26T04:45:30.236995+00:00,70,0.6742634000936566,0.5571428571428572,0.7142857142857143,0.9142156862745098,0.614206981016534,saved per-run metrics; empty fields indicate another schema; may include full-data/in-sample runs
stage2/phase_study/results/S3_ord1_cond_detach/cv/fold1_seed1/metrics.json,2026-09-26T04:50:02.735502+00:00,70,0.6995714246150437,0.5571428571428572,0.7285714285714285,0.9714052287581699,0.692404268675455,saved per-run metrics; empty fields indicate another schema; may include full-data/in-sample runs
stage2/phase_study/results/S3_ord1_cond_detach/cv/fold1_seed2/metrics.json,2026-09-26T04:51:52.222659+00:00,70,0.6673392239428423,0.5714285714285714,0.7,0.914004914004914,0.5682565789473684,saved per-run metrics; empty fields indicate another schema; may include full-data/in-sample runs
stage2/phase_study/results/S3_ord1_cond_detach/cv/fold2_seed0/metrics.json,2026-09-26T04:48:08.116434+00:00,70,0.6810197068827717,0.6428571428571429,0.6714285714285714,0.8711919852790839,0.6022727272727273,saved per-run metrics; empty fields indicate another schema; may include full-data/in-sample runs
stage2/phase_study/results/S3_ord1_cond_detach/cv/fold2_seed1/metrics.json,2026-09-26T04:51:03.199995+00:00,70,0.6719015837104071,0.5142857142857142,0.7142857142857143,0.9142156862745098,0.6984615384615385,saved per-run metrics; empty fields indicate another schema; may include full-data/in-sample runs
stage2/phase_study/results/S3_ord1_cond_detach/cv/fold2_seed2/metrics.json,2026-09-26T04:52:29.868015+00:00,70,0.6890346113732707,0.5571428571428572,0.7285714285714285,0.9567099567099566,0.6368541191118489,saved per-run metrics; empty fields indicate another schema; may include full-data/in-sample runs
stage2/phase_study/results/S3_ord1_cond_detach/cv/fold3_seed0/metrics.json,2026-09-26T04:48:25.077945+00:00,70,0.6994642857142856,0.5428571428571428,0.8142857142857143,0.8833333333333333,0.6130952380952381,saved per-run metrics; empty fields indicate another schema; may include full-data/in-sample runs
stage2/phase_study/results/S3_ord1_cond_detach/cv/fold3_seed1/metrics.json,2026-09-26T04:50:03.069448+00:00,70,0.703065542058142,0.5,0.8142857142857143,0.896427816529275,0.7240091305250052,saved per-run metrics; empty fields indicate another schema; may include full-data/in-sample runs
stage2/phase_study/results/S3_ord1_cond_detach/cv/fold3_seed2/metrics.json,2026-09-26T04:53:53.639632+00:00,70,0.7149165060551775,0.5571428571428572,0.7714285714285715,0.9421009098428452,0.7240091305250052,saved per-run metrics; empty fields indicate another schema; may include full-data/in-sample runs
stage2/phase_study/results/S3_ord1_cond_detach/cv/fold4_seed0/metrics.json,2026-09-26T04:47:19.211321+00:00,69,0.7137846021664863,0.6666666666666666,0.7681159420289855,0.8242784380305602,0.5864594894561599,saved per-run metrics; empty fields indicate another schema; may include full-data/in-sample runs
stage2/phase_study/results/S3_ord1_cond_detach/cv/fold4_seed1/metrics.json,2026-09-26T04:50:14.152917+00:00,69,0.7021616679377811,0.6231884057971014,0.7246376811594203,0.8535653650254669,0.6825848849945235,saved per-run metrics; empty fields indicate another schema; may include full-data/in-sample runs
stage2/phase_study/results/S3_ord1_cond_detach/cv/fold4_seed2/metrics.json,2026-09-26T04:53:47.634695+00:00,69,0.7039331845412815,0.6376811594202898,0.7101449275362319,0.8525641025641026,0.6953962581458902,saved per-run metrics; empty fields indicate another schema; may include full-data/in-sample runs
stage2/phase_study/results/S3_ord1_cond_detach/seed0/metrics.json,2026-09-26T04:46:36.942777+00:00,70,0.7535217549460774,0.6571428571428571,0.8142857142857143,0.914004914004914,0.6761401189689359,saved per-run metrics; empty fields indicate another schema; may include full-data/in-sample runs
stage2/phase_study/results/S3_ord1_cond_detach/seed1/metrics.json,2026-09-26T04:46:06.440064+00:00,70,0.7046753246753246,0.5285714285714286,0.7857142857142857,0.8857142857142857,0.7454545454545455,saved per-run metrics; empty fields indicate another schema; may include full-data/in-sample runs
stage2/phase_study/results/S3_ord1_cond_e2e/cv/fold0_seed0/metrics.json,2026-09-26T04:55:18.519438+00:00,70,0.7027647169070041,0.5571428571428572,0.7714285714285715,0.8570261437908497,0.7280719689225107,saved per-run metrics; empty fields indicate another schema; may include full-data/in-sample runs
stage2/phase_study/results/S3_ord1_cond_e2e/cv/fold0_seed1/metrics.json,2026-09-26T04:59:04.710003+00:00,70,0.7208149487054615,0.5571428571428572,0.7857142857142857,0.8998159885503987,0.7722836694860117,saved per-run metrics; empty fields indicate another schema; may include full-data/in-sample runs
stage2/phase_study/results/S3_ord1_cond_e2e/cv/fold0_seed2/metrics.json,2026-09-26T05:02:07.928526+00:00,70,0.7278475199020208,0.5714285714285714,0.7857142857142857,0.9285568483363952,0.7570932843437437,saved per-run metrics; empty fields indicate another schema; may include full-data/in-sample runs
stage2/phase_study/results/S3_ord1_cond_e2e/cv/fold1_seed0/metrics.json,2026-09-26T04:55:26.024545+00:00,70,0.6820903361344538,0.5857142857142857,0.7142857142857143,0.9428571428571428,0.571078431372549,saved per-run metrics; empty fields indicate another schema; may include full-data/in-sample runs
stage2/phase_study/results/S3_ord1_cond_e2e/cv/fold1_seed1/metrics.json,2026-09-26T05:00:18.645442+00:00,70,0.7302783568051249,0.6,0.7857142857142857,0.9282051282051282,0.7069839171623706,saved per-run metrics; empty fields indicate another schema; may include full-data/in-sample runs
stage2/phase_study/results/S3_ord1_cond_e2e/cv/fold1_seed2/metrics.json,2026-09-26T05:01:28.696355+00:00,70,0.6841371304763249,0.5714285714285714,0.7285714285714285,0.914004914004914,0.613575955837252,saved per-run metrics; empty fields indicate another schema; may include full-data/in-sample runs
stage2/phase_study/results/S3_ord1_cond_e2e/cv/fold2_seed0/metrics.json,2026-09-26T04:56:49.640429+00:00,70,0.681901845253259,0.5571428571428572,0.7,0.957063995093028,0.655614973262032,saved per-run metrics; empty fields indicate another schema; may include full-data/in-sample runs
stage2/phase_study/results/S3_ord1_cond_e2e/cv/fold2_seed1/metrics.json,2026-09-26T04:59:44.438166+00:00,70,0.700091473090585,0.5571428571428572,0.7285714285714285,0.9142156862745098,0.7530608009960573,saved per-run metrics; empty fields indicate another schema; may include full-data/in-sample runs
stage2/phase_study/results/S3_ord1_cond_e2e/cv/fold2_seed2/metrics.json,2026-09-26T05:02:56.997658+00:00,70,0.7069309789766351,0.6,0.7142857142857143,0.956923076923077,0.689283449587825,saved per-run metrics; empty fields indicate another schema; may include full-data/in-sample runs
stage2/phase_study/results/S3_ord1_cond_e2e/cv/fold3_seed0/metrics.json,2026-09-26T04:57:21.166891+00:00,70,0.7134585400722401,0.5714285714285714,0.8571428571428571,0.8822539949537427,0.5408029388611912,saved per-run metrics; empty fields indicate another schema; may include full-data/in-sample runs
stage2/phase_study/results/S3_ord1_cond_e2e/cv/fold3_seed1/metrics.json,2026-09-26T04:59:01.814961+00:00,70,0.7025988225399495,0.5,0.8142857142857143,0.911690496215307,0.7056349873843566,saved per-run metrics; empty fields indicate another schema; may include full-data/in-sample runs
stage2/phase_study/results/S3_ord1_cond_e2e/cv/fold3_seed2/metrics.json,2026-09-26T05:03:58.189175+00:00,70,0.7088391724793912,0.5428571428571428,0.7571428571428571,0.896427816529275,0.7958333333333334,saved per-run metrics; empty fields indicate another schema; may include full-data/in-sample runs
stage2/phase_study/results/S3_ord1_cond_e2e/cv/fold4_seed0/metrics.json,2026-09-26T04:57:26.675838+00:00,69,0.6952759977406894,0.6376811594202898,0.7246376811594203,0.8371594078523923,0.6192699490662139,saved per-run metrics; empty fields indicate another schema; may include full-data/in-sample runs
stage2/phase_study/results/S3_ord1_cond_e2e/cv/fold4_seed1/metrics.json,2026-09-26T05:01:33.205334+00:00,69,0.6840788981570335,0.6231884057971014,0.6811594202898551,0.8977777777777778,0.6192699490662139,saved per-run metrics; empty fields indicate another schema; may include full-data/in-sample runs
stage2/phase_study/results/S3_ord1_cond_e2e/cv/fold4_seed2/metrics.json,2026-09-26T05:03:09.736418+00:00,69,0.7053751480245387,0.6376811594202898,0.7391304347826086,0.8525641025641026,0.6373764977927265,saved per-run metrics; empty fields indicate another schema; may include full-data/in-sample runs
stage2/phase_study/results/S3_ord1_cond_e2e/seed0/metrics.json,2026-09-26T04:55:44.658471+00:00,70,0.7389110644257703,0.6142857142857143,0.8285714285714286,0.8570261437908497,0.7023809523809523,saved per-run metrics; empty fields indicate another schema; may include full-data/in-sample runs
stage2/phase_study/results/S3_ord1_cond_e2e/seed1/metrics.json,2026-09-26T04:56:22.299887+00:00,70,0.7081015351877185,0.5857142857142857,0.7714285714285715,0.8856209150326797,0.6683893195521102,saved per-run metrics; empty fields indicate another schema; may include full-data/in-sample runs
stage2/phase_study/results/T_ord1_tr0.25/cv/fold0_seed0/metrics.json,2026-09-26T04:50:04.815328+00:00,70,0.7164585124358936,0.5428571428571428,0.8142857142857143,0.8857142857142857,0.7240091305250052,saved per-run metrics; empty fields indicate another schema; may include full-data/in-sample runs
stage2/phase_study/results/T_ord1_tr0.25/cv/fold0_seed1/metrics.json,2026-09-26T04:53:00.516510+00:00,70,0.6936184479215127,0.5714285714285714,0.7571428571428571,0.8425679820077694,0.6815550041356493,saved per-run metrics; empty fields indicate another schema; may include full-data/in-sample runs
stage2/phase_study/results/T_ord1_tr0.25/cv/fold0_seed2/metrics.json,2026-09-26T04:53:37.212482+00:00,70,0.6933925878043524,0.5428571428571428,0.7714285714285715,0.8856209150326797,0.6703296703296704,saved per-run metrics; empty fields indicate another schema; may include full-data/in-sample runs
stage2/phase_study/results/T_ord1_tr0.25/cv/fold1_seed0/metrics.json,2026-09-26T04:49:12.113798+00:00,70,0.6943761077632045,0.5857142857142857,0.7142857142857143,0.9142857142857143,0.6815550041356493,saved per-run metrics; empty fields indicate another schema; may include full-data/in-sample runs
stage2/phase_study/results/T_ord1_tr0.25/cv/fold1_seed1/metrics.json,2026-09-26T04:53:23.061821+00:00,70,0.7169150885409907,0.5857142857142857,0.7428571428571429,0.9284399918217133,0.7509939317848922,saved per-run metrics; empty fields indicate another schema; may include full-data/in-sample runs
stage2/phase_study/results/T_ord1_tr0.25/cv/fold1_seed2/metrics.json,2026-09-26T04:55:03.587415+00:00,70,0.7042318167016962,0.6142857142857143,0.6857142857142857,0.9426699426699428,0.7188755020080322,saved per-run metrics; empty fields indicate another schema; may include full-data/in-sample runs
stage2/phase_study/results/T_ord1_tr0.25/cv/fold2_seed0/metrics.json,2026-09-26T04:50:47.168390+00:00,70,0.6976626156738641,0.6285714285714286,0.7,0.8998159885503987,0.651268115942029,saved per-run metrics; empty fields indicate another schema; may include full-data/in-sample runs
stage2/phase_study/results/T_ord1_tr0.25/cv/fold2_seed1/metrics.json,2026-09-26T04:54:42.944028+00:00,70,0.6861499766441427,0.6,0.6857142857142857,0.9426699426699428,0.6316632349576756,saved per-run metrics; empty fields indicate another schema; may include full-data/in-sample runs
stage2/phase_study/results/T_ord1_tr0.25/cv/fold2_seed2/metrics.json,2026-09-26T04:55:41.653076+00:00,70,0.7334623468074615,0.6571428571428571,0.7714285714285715,0.9142156862745098,0.6421999591085668,saved per-run metrics; empty fields indicate another schema; may include full-data/in-sample runs
stage2/phase_study/results/T_ord1_tr0.25/cv/fold3_seed0/metrics.json,2026-09-26T04:50:10.603891+00:00,70,0.746981123623045,0.6285714285714286,0.8285714285714286,0.8983191533513177,0.6815550041356493,saved per-run metrics; empty fields indicate another schema; may include full-data/in-sample runs
stage2/phase_study/results/T_ord1_tr0.25/cv/fold3_seed1/metrics.json,2026-09-26T04:52:48.038498+00:00,70,0.6973925794344968,0.5,0.8142857142857143,0.8692674828802656,0.7133497133497133,saved per-run metrics; empty fields indicate another schema; may include full-data/in-sample runs
stage2/phase_study/results/T_ord1_tr0.25/cv/fold3_seed2/metrics.json,2026-09-26T04:55:26.859381+00:00,70,0.7258471635890991,0.6,0.7714285714285715,0.913151364764268,0.7258297258297258,saved per-run metrics; empty fields indicate another schema; may include full-data/in-sample runs
stage2/phase_study/results/T_ord1_tr0.25/cv/fold4_seed0/metrics.json,2026-09-26T04:51:11.440858+00:00,69,0.6891203872853489,0.5942028985507246,0.7101449275362319,0.8695652173913043,0.6810924369747899,saved per-run metrics; empty fields indicate another schema; may include full-data/in-sample runs
stage2/phase_study/results/T_ord1_tr0.25/cv/fold4_seed1/metrics.json,2026-09-26T04:53:30.373904+00:00,69,0.7237864144629649,0.6811594202898551,0.7536231884057971,0.8543074324324325,0.623109243697479,saved per-run metrics; empty fields indicate another schema; may include full-data/in-sample runs
stage2/phase_study/results/T_ord1_tr0.25/cv/fold4_seed2/metrics.json,2026-09-26T04:55:38.698037+00:00,69,0.716498999617206,0.6521739130434783,0.7246376811594203,0.9125844594594594,0.6515151515151515,saved per-run metrics; empty fields indicate another schema; may include full-data/in-sample runs
stage2/phase_study/results/T_ord1_tr0.25/seed0/metrics.json,2026-09-26T04:51:39.396558+00:00,70,0.7427165845748044,0.6571428571428571,0.7857142857142857,0.8570261437908497,0.7277510867078472,saved per-run metrics; empty fields indicate another schema; may include full-data/in-sample runs
stage2/phase_study/results/T_ord1_tr0.25/seed1/metrics.json,2026-09-26T04:51:13.655504+00:00,70,0.7255218488320103,0.6428571428571429,0.7571428571428571,0.8998159885503987,0.6703296703296704,saved per-run metrics; empty fields indicate another schema; may include full-data/in-sample runs
stage2/phase_study/results/T_ord1_tr0.75/cv/fold0_seed0/metrics.json,2026-09-26T04:58:13.840528+00:00,70,0.7246400623356914,0.6,0.8,0.8425679820077694,0.7216991002301736,saved per-run metrics; empty fields indicate another schema; may include full-data/in-sample runs
stage2/phase_study/results/T_ord1_tr0.75/cv/fold0_seed1/metrics.json,2026-09-26T05:00:28.170876+00:00,70,0.6842186190532791,0.5428571428571428,0.7571428571428571,0.8853398853398853,0.6427842416819759,saved per-run metrics; empty fields indicate another schema; may include full-data/in-sample runs
stage2/phase_study/results/T_ord1_tr0.75/cv/fold0_seed2/metrics.json,2026-09-26T05:03:19.469938+00:00,70,0.7326460279183767,0.5571428571428572,0.8285714285714286,0.8999795876709533,0.7509939317848922,saved per-run metrics; empty fields indicate another schema; may include full-data/in-sample runs
stage2/phase_study/results/T_ord1_tr0.75/cv/fold0_seed3/metrics.json,2026-09-26T05:22:34.179135+00:00,70,0.7170117781393593,0.6142857142857143,0.7428571428571429,0.8853398853398853,0.7280719689225107,saved per-run metrics; empty fields indicate another schema; may include full-data/in-sample runs
stage2/phase_study/results/T_ord1_tr0.75/cv/fold0_seed4/metrics.json,2026-09-26T05:24:01.930451+00:00,70,0.7340874273446856,0.5857142857142857,0.8,0.9284399918217133,0.7321428571428572,saved per-run metrics; empty fields indicate another schema; may include full-data/in-sample runs
stage2/phase_study/results/T_ord1_tr0.75/cv/fold0_seed5/metrics.json,2026-09-26T05:26:09.152711+00:00,70,0.7153722159894159,0.6,0.7857142857142857,0.957063995093028,0.5787507781697447,saved per-run metrics; empty fields indicate another schema; may include full-data/in-sample runs
stage2/phase_study/results/T_ord1_tr0.75/cv/fold0_seed6/metrics.json,2026-09-26T05:27:38.840192+00:00,70,0.72405275801969,0.5857142857142857,0.7857142857142857,0.9285568483363952,0.6984615384615385,saved per-run metrics; empty fields indicate another schema; may include full-data/in-sample runs
stage2/phase_study/results/T_ord1_tr0.75/cv/fold0_seed7/metrics.json,2026-09-26T05:29:17.184262+00:00,70,0.7409393436975698,0.5714285714285714,0.8428571428571429,0.8711919852790839,0.7684036393713813,saved per-run metrics; empty fields indicate another schema; may include full-data/in-sample runs
stage2/phase_study/results/T_ord1_tr0.75/cv/fold1_seed0/metrics.json,2026-09-26T04:57:29.843194+00:00,70,0.6788472055303221,0.6,0.6857142857142857,0.8999795876709533,0.625668449197861,saved per-run metrics; empty fields indicate another schema; may include full-data/in-sample runs
stage2/phase_study/results/T_ord1_tr0.75/cv/fold1_seed1/metrics.json,2026-09-26T05:00:27.387534+00:00,70,0.7040572588398675,0.5714285714285714,0.7285714285714285,0.914004914004914,0.7463768115942029,saved per-run metrics; empty fields indicate another schema; may include full-data/in-sample runs
stage2/phase_study/results/T_ord1_tr0.75/cv/fold1_seed2/metrics.json,2026-09-26T05:02:20.108900+00:00,70,0.6684015249545351,0.5285714285714286,0.7142857142857143,0.9424342105263157,0.613575955837252,saved per-run metrics; empty fields indicate another schema; may include full-data/in-sample runs
stage2/phase_study/results/T_ord1_tr0.75/cv/fold1_seed3/metrics.json,2026-09-26T05:22:17.103288+00:00,70,0.6821002233721873,0.5571428571428572,0.7,0.9284399918217133,0.6855614973262032,saved per-run metrics; empty fields indicate another schema; may include full-data/in-sample runs
stage2/phase_study/results/T_ord1_tr0.75/cv/fold1_seed4/metrics.json,2026-09-26T05:24:23.994422+00:00,70,0.6802991196478592,0.6142857142857143,0.6571428571428571,0.9428104575163399,0.6258503401360545,saved per-run metrics; empty fields indicate another schema; may include full-data/in-sample runs
stage2/phase_study/results/T_ord1_tr0.75/cv/fold1_seed5/metrics.json,2026-09-26T05:25:26.642498+00:00,70,0.678287323982701,0.6,0.6714285714285714,0.9284399918217133,0.6268088347296268,saved per-run metrics; empty fields indicate another schema; may include full-data/in-sample runs
stage2/phase_study/results/T_ord1_tr0.75/cv/fold1_seed6/metrics.json,2026-09-26T05:27:39.571209+00:00,70,0.6641532976827095,0.5428571428571428,0.6428571428571429,0.8856209150326797,0.7754010695187166,saved per-run metrics; empty fields indicate another schema; may include full-data/in-sample runs
stage2/phase_study/results/T_ord1_tr0.75/cv/fold1_seed7/metrics.json,2026-09-26T05:29:00.672815+00:00,70,0.6364412761151892,0.5,0.6428571428571429,0.9567099567099566,0.6195652173913043,saved per-run metrics; empty fields indicate another schema; may include full-data/in-sample runs
stage2/phase_study/results/T_ord1_tr0.75/cv/fold2_seed0/metrics.json,2026-09-26T04:57:31.875639+00:00,70,0.677047233468286,0.5857142857142857,0.6714285714285714,0.956923076923077,0.623391812865497,saved per-run metrics; empty fields indicate another schema; may include full-data/in-sample runs
stage2/phase_study/results/T_ord1_tr0.75/cv/fold2_seed1/metrics.json,2026-09-26T05:00:09.252570+00:00,70,0.7150408362081422,0.5857142857142857,0.7428571428571429,0.971217105263158,0.6957218027911233,saved per-run metrics; empty fields indicate another schema; may include full-data/in-sample runs
stage2/phase_study/results/T_ord1_tr0.75/cv/fold2_seed2/metrics.json,2026-09-26T05:02:22.886410+00:00,70,0.7107591518746403,0.5714285714285714,0.8,0.8822539949537427,0.656140350877193,saved per-run metrics; empty fields indicate another schema; may include full-data/in-sample runs
stage2/phase_study/results/T_ord1_tr0.75/cv/fold2_seed3/metrics.json,2026-09-26T05:22:42.037250+00:00,70,0.7174691562018065,0.6571428571428571,0.6857142857142857,0.9428104575163399,0.7069839171623706,saved per-run metrics; empty fields indicate another schema; may include full-data/in-sample runs
stage2/phase_study/results/T_ord1_tr0.75/cv/fold2_seed4/metrics.json,2026-09-26T05:23:56.673600+00:00,70,0.7116557616189838,0.6,0.7714285714285715,0.8681732580037664,0.6761984861227923,saved per-run metrics; empty fields indicate another schema; may include full-data/in-sample runs
stage2/phase_study/results/T_ord1_tr0.75/cv/fold2_seed5/metrics.json,2026-09-26T05:26:10.093907+00:00,70,0.6707509886267653,0.5571428571428572,0.7142857142857143,0.8711919852790839,0.633814605566018,saved per-run metrics; empty fields indicate another schema; may include full-data/in-sample runs
stage2/phase_study/results/T_ord1_tr0.75/cv/fold2_seed6/metrics.json,2026-09-26T05:27:55.383385+00:00,70,0.6643002313284865,0.5,0.7428571428571429,0.9142156862745098,0.6144525225820665,saved per-run metrics; empty fields indicate another schema; may include full-data/in-sample runs
stage2/phase_study/results/T_ord1_tr0.75/cv/fold2_seed7/metrics.json,2026-09-26T05:29:26.584487+00:00,70,0.6992317842532172,0.5857142857142857,0.7571428571428571,0.914004914004914,0.614206981016534,saved per-run metrics; empty fields indicate another schema; may include full-data/in-sample runs
stage2/phase_study/results/T_ord1_tr0.75/cv/fold3_seed0/metrics.json,2026-09-26T04:59:05.354405+00:00,70,0.7160725091471996,0.5714285714285714,0.8142857142857143,0.8848684210526316,0.655614973262032,saved per-run metrics; empty fields indicate another schema; may include full-data/in-sample runs
stage2/phase_study/results/T_ord1_tr0.75/cv/fold3_seed1/metrics.json,2026-09-26T05:00:35.109654+00:00,70,0.7164318267819115,0.5714285714285714,0.7714285714285715,0.9273708238223698,0.7155080213903744,saved per-run metrics; empty fields indicate another schema; may include full-data/in-sample runs
stage2/phase_study/results/T_ord1_tr0.75/cv/fold3_seed2/metrics.json,2026-09-26T05:03:14.025904+00:00,70,0.73125,0.5571428571428572,0.8142857142857143,0.8833333333333333,0.7916666666666667,saved per-run metrics; empty fields indicate another schema; may include full-data/in-sample runs
stage2/phase_study/results/T_ord1_tr0.75/cv/fold3_seed3/metrics.json,2026-09-26T05:23:41.490674+00:00,70,0.7531825657894737,0.6285714285714286,0.8285714285714286,0.971217105263158,0.6499999999999999,saved per-run metrics; empty fields indicate another schema; may include full-data/in-sample runs
stage2/phase_study/results/T_ord1_tr0.75/cv/fold3_seed4/metrics.json,2026-09-26T05:25:22.765399+00:00,70,0.7381825466502785,0.6,0.8,0.9273708238223698,0.7271794871794872,saved per-run metrics; empty fields indicate another schema; may include full-data/in-sample runs
stage2/phase_study/results/T_ord1_tr0.75/cv/fold3_seed5/metrics.json,2026-09-26T05:26:26.923137+00:00,70,0.733452243293247,0.5857142857142857,0.8428571428571429,0.9125000000000001,0.6438482886216466,saved per-run metrics; empty fields indicate another schema; may include full-data/in-sample runs
stage2/phase_study/results/T_ord1_tr0.75/cv/fold3_seed6/metrics.json,2026-09-26T05:27:55.010062+00:00,70,0.6905592105263157,0.5714285714285714,0.7714285714285715,0.9125000000000001,0.5578947368421052,saved per-run metrics; empty fields indicate another schema; may include full-data/in-sample runs
stage2/phase_study/results/T_ord1_tr0.75/cv/fold3_seed7/metrics.json,2026-09-26T05:29:23.445107+00:00,70,0.7348817145296018,0.5714285714285714,0.8428571428571429,0.9278499278499278,0.6713615023474178,saved per-run metrics; empty fields indicate another schema; may include full-data/in-sample runs
stage2/phase_study/results/T_ord1_tr0.75/cv/fold4_seed0/metrics.json,2026-09-26T05:00:34.213712+00:00,69,0.7311557666544879,0.6956521739130435,0.7536231884057971,0.8840336134453781,0.6086956521739131,saved per-run metrics; empty fields indicate another schema; may include full-data/in-sample runs
stage2/phase_study/results/T_ord1_tr0.75/cv/fold4_seed1/metrics.json,2026-09-26T05:00:52.020785+00:00,69,0.7025112043840497,0.6086956521739131,0.7536231884057971,0.8685714285714285,0.6360926393029123,saved per-run metrics; empty fields indicate another schema; may include full-data/in-sample runs
stage2/phase_study/results/T_ord1_tr0.75/cv/fold4_seed2/metrics.json,2026-09-26T05:03:02.817556+00:00,69,0.7318852882557024,0.6666666666666666,0.7681159420289855,0.8828522920203735,0.6485568760611206,saved per-run metrics; empty fields indicate another schema; may include full-data/in-sample runs
stage2/phase_study/results/T_ord1_tr0.75/cv/fold4_seed3/metrics.json,2026-09-26T05:23:53.624801+00:00,69,0.6745615716516303,0.6376811594202898,0.6956521739130435,0.8215517241379311,0.5644143090951602,saved per-run metrics; empty fields indicate another schema; may include full-data/in-sample runs
stage2/phase_study/results/T_ord1_tr0.75/cv/fold4_seed4/metrics.json,2026-09-26T05:25:57.865859+00:00,69,0.7077250480394597,0.6376811594202898,0.7246376811594203,0.8400421496311907,0.6993808759458839,saved per-run metrics; empty fields indicate another schema; may include full-data/in-sample runs
stage2/phase_study/results/T_ord1_tr0.75/cv/fold4_seed5/metrics.json,2026-09-26T05:27:04.629972+00:00,69,0.7273719009116234,0.7246376811594203,0.7391304347826086,0.8535653650254669,0.5801217038539555,saved per-run metrics; empty fields indicate another schema; may include full-data/in-sample runs
stage2/phase_study/results/T_ord1_tr0.75/cv/fold4_seed6/metrics.json,2026-09-26T05:28:11.150087+00:00,69,0.697435920975323,0.6376811594202898,0.7101449275362319,0.8834459459459459,0.6211993243243243,saved per-run metrics; empty fields indicate another schema; may include full-data/in-sample runs
stage2/phase_study/results/T_ord1_tr0.75/cv/fold4_seed7/metrics.json,2026-09-26T05:29:26.996225+00:00,69,0.684619531063346,0.5942028985507246,0.6666666666666666,0.9274752995585454,0.6946259220231823,saved per-run metrics; empty fields indicate another schema; may include full-data/in-sample runs
stage2/phase_study/results/T_ord1_tr0.75/seed0/metrics.json,2026-09-26T04:57:54.846191+00:00,70,0.7466920179749126,0.6714285714285714,0.8142857142857143,0.8566748566748568,0.6546052631578947,saved per-run metrics; empty fields indicate another schema; may include full-data/in-sample runs
stage2/phase_study/results/T_ord1_tr0.75/seed1/metrics.json,2026-09-26T04:58:46.138386+00:00,70,0.754370870264973,0.6142857142857143,0.8285714285714286,0.914004914004914,0.7484675544282393,saved per-run metrics; empty fields indicate another schema; may include full-data/in-sample runs
stage2/phase_study/results/T_ord1_tr0.75/seed2/metrics.json,2026-09-26T05:22:12.351457+00:00,70,0.7591875697216871,0.6571428571428571,0.8714285714285714,0.8711919852790839,0.623391812865497,saved per-run metrics; empty fields indicate another schema; may include full-data/in-sample runs
stage2/phase_study/results/T_ord1_tr0.75/seed3/metrics.json,2026-09-26T05:23:00.516283+00:00,70,0.7268937459394023,0.6285714285714286,0.7857142857142857,0.8566748566748568,0.689283449587825,saved per-run metrics; empty fields indicate another schema; may include full-data/in-sample runs
stage2/spotting_experiments/results/E0-fpsblind/fixed/seed0/metrics.json,2026-09-25T04:14:54.638682+00:00,,,,,,,saved per-run metrics; empty fields indicate another schema; may include full-data/in-sample runs
stage2/spotting_experiments/results/E1-classification/fixed/seed0/metrics.json,2026-09-25T04:14:54.639192+00:00,,,,,,,saved per-run metrics; empty fields indicate another schema; may include full-data/in-sample runs
stage2/spotting_experiments/results/E1-displacement/fixed/seed0/metrics.json,2026-09-25T04:14:54.639465+00:00,,,,,,,saved per-run metrics; empty fields indicate another schema; may include full-data/in-sample runs
stage2/spotting_experiments/results/E2-TemporalMaxer/fixed/seed0/metrics.json,2026-09-25T04:14:54.639723+00:00,,,,,,,saved per-run metrics; empty fields indicate another schema; may include full-data/in-sample runs
stage2/spotting_experiments/results/E3-ASFormer/fixed/seed0/metrics.json,2026-09-25T04:14:54.640024+00:00,,,,,,,saved per-run metrics; empty fields indicate another schema; may include full-data/in-sample runs
stage2/spotting_experiments/results/E3-ASFormer-349/fixed/seed0/metrics.json,2026-09-23T13:17:45.227460+00:00,,,,,,,saved per-run metrics; empty fields indicate another schema; may include full-data/in-sample runs
stage2/spotting_experiments/results/E4-event-conditioned/fixed/seed0/metrics.json,2026-09-25T04:14:54.640528+00:00,,,,,,,saved per-run metrics; empty fields indicate another schema; may include full-data/in-sample runs
stage2/spotting_experiments/results/sweeps/e1_radius_1pct/metrics.json,2026-09-25T04:14:54.641148+00:00,,,,,,,saved per-run metrics; empty fields indicate another schema; may include full-data/in-sample runs
stage2/spotting_experiments/results/sweeps/e1_radius_3pct/metrics.json,2026-09-25T04:14:54.641442+00:00,,,,,,,saved per-run metrics; empty fields indicate another schema; may include full-data/in-sample runs
stage2/spotting_experiments/results/sweeps/e2_displacement/metrics.json,2026-09-25T04:14:54.641665+00:00,,,,,,,saved per-run metrics; empty fields indicate another schema; may include full-data/in-sample runs
stage2/spotting_experiments/results/sweeps/e3_displacement/metrics.json,2026-09-25T04:14:54.641851+00:00,,,,,,,saved per-run metrics; empty fields indicate another schema; may include full-data/in-sample runs
stage2/spotting_experiments/results/sweeps/exact/metrics.json,2026-09-25T04:14:54.642038+00:00,,,,,,,saved per-run metrics; empty fields indicate another schema; may include full-data/in-sample runs
stage2/spotting_experiments/results/sweeps/fixed128/metrics.json,2026-09-25T04:14:54.642255+00:00,,,,,,,saved per-run metrics; empty fields indicate another schema; may include full-data/in-sample runs
stage2/spotting_experiments/results/sweeps/norm_1pct/metrics.json,2026-09-25T04:14:54.642476+00:00,,,,,,,saved per-run metrics; empty fields indicate another schema; may include full-data/in-sample runs
stage2/spotting_experiments/results/sweeps/soft_index/metrics.json,2026-09-25T04:14:54.642682+00:00,,,,,,,saved per-run metrics; empty fields indicate another schema; may include full-data/in-sample runs
stage2/temporal_pyramid_experiments/results/A1_asformer_adaptive/seed0/metrics.json,2026-09-23T23:21:42.142415+00:00,,,,,,,saved per-run metrics; empty fields indicate another schema; may include full-data/in-sample runs
stage2/temporal_pyramid_experiments/results/ENS_P2_seed0123/seed0/metrics.json,2026-09-23T23:29:13.566750+00:00,,,,,,,saved per-run metrics; empty fields indicate another schema; may include full-data/in-sample runs
stage2/temporal_pyramid_experiments/results/GAP_ENS_P2_0123/seed0/metrics.json,2026-09-23T23:35:06.995507+00:00,,,,,,,saved per-run metrics; empty fields indicate another schema; may include full-data/in-sample runs
stage2/temporal_pyramid_experiments/results/P1/seed0/metrics.json,2026-09-23T14:45:52.953740+00:00,,,,,,,saved per-run metrics; empty fields indicate another schema; may include full-data/in-sample runs
stage2/temporal_pyramid_experiments/results/P10_ema099/seed0/metrics.json,2026-09-23T23:34:04.932635+00:00,,,,,,,saved per-run metrics; empty fields indicate another schema; may include full-data/in-sample runs
stage2/temporal_pyramid_experiments/results/P10_ema099/seed1/metrics.json,2026-09-23T23:37:03.101517+00:00,,,,,,,saved per-run metrics; empty fields indicate another schema; may include full-data/in-sample runs
stage2/temporal_pyramid_experiments/results/P2/seed0/metrics.json,2026-09-23T16:00:05.678283+00:00,,,,,,,saved per-run metrics; empty fields indicate another schema; may include full-data/in-sample runs
stage2/temporal_pyramid_experiments/results/P2/seed1/metrics.json,2026-09-23T23:24:32.933099+00:00,,,,,,,saved per-run metrics; empty fields indicate another schema; may include full-data/in-sample runs
stage2/temporal_pyramid_experiments/results/P2/seed2/metrics.json,2026-09-23T23:26:12.659514+00:00,,,,,,,saved per-run metrics; empty fields indicate another schema; may include full-data/in-sample runs
stage2/temporal_pyramid_experiments/results/P2/seed3/metrics.json,2026-09-23T23:28:34.967690+00:00,,,,,,,saved per-run metrics; empty fields indicate another schema; may include full-data/in-sample runs
stage2/temporal_pyramid_experiments/results/P3/seed0/metrics.json,2026-09-23T23:06:57.284388+00:00,,,,,,,saved per-run metrics; empty fields indicate another schema; may include full-data/in-sample runs
stage2/temporal_pyramid_experiments/results/P4/seed0/metrics.json,2026-09-23T23:09:26.259554+00:00,,,,,,,saved per-run metrics; empty fields indicate another schema; may include full-data/in-sample runs
stage2/temporal_pyramid_experiments/results/P5_global_coarse/seed0/metrics.json,2026-09-23T23:14:59.113379+00:00,,,,,,,saved per-run metrics; empty fields indicate another schema; may include full-data/in-sample runs
stage2/temporal_pyramid_experiments/results/P6_long_oversample2/seed0/metrics.json,2026-09-23T23:17:23.664346+00:00,,,,,,,saved per-run metrics; empty fields indicate another schema; may include full-data/in-sample runs
stage2/temporal_pyramid_experiments/results/P7_event_categories/seed0/metrics.json,2026-09-23T23:19:34.691378+00:00,,,,,,,saved per-run metrics; empty fields indicate another schema; may include full-data/in-sample runs
stage2/temporal_pyramid_experiments/results/P8_hard_negative/seed0/metrics.json,2026-09-23T23:30:27.913036+00:00,,,,,,,saved per-run metrics; empty fields indicate another schema; may include full-data/in-sample runs
stage2/temporal_pyramid_experiments/results/P9_adaptive_target/seed0/metrics.json,2026-09-23T23:32:10.182863+00:00,,,,,,,saved per-run metrics; empty fields indicate another schema; may include full-data/in-sample runs
stage2/temporal_pyramid_experiments/results/REFIT_P2_all349/seed0/metrics.json,2026-09-24T03:51:27.590829+00:00,,,,,,,saved per-run metrics; empty fields indicate another schema; may include full-data/in-sample runs
stage2/temporal_pyramid_experiments/results/REFIT_P2_all349/seed1/metrics.json,2026-09-24T03:52:14.638252+00:00,,,,,,,saved per-run metrics; empty fields indicate another schema; may include full-data/in-sample runs
stage2/temporal_pyramid_experiments/results/REFIT_P2_all349/seed2/metrics.json,2026-09-24T03:53:21.333437+00:00,,,,,,,saved per-run metrics; empty fields indicate another schema; may include full-data/in-sample runs
stage2/temporal_pyramid_experiments/results/REFIT_P2_all349/seed3/metrics.json,2026-09-24T03:54:40.712474+00:00,,,,,,,saved per-run metrics; empty fields indicate another schema; may include full-data/in-sample runs
stage2/temporal_pyramid_experiments/results/REFIT_check_trainonly/seed0/metrics.json,2026-09-24T03:50:03.063874+00:00,,,,,,,saved per-run metrics; empty fields indicate another schema; may include full-data/in-sample runs
